hin_Deva,sat_Olck
"माँ, चलो कल एक फिल्म देखने चलते हैं।","ᱜᱚ, ᱜᱟᱯᱟ ᱢᱚᱵᱷᱤ ᱧᱮᱞᱵᱚᱱ ᱪᱚᱞᱚᱜᱼᱟ ᱾"
मुझे कल स्कूल नहीं जाना है।,ᱤᱧ ᱫᱚ ᱥᱠᱩᱞ ᱵᱟᱝ ᱪᱟᱞᱟᱜᱽ ᱦᱩᱭᱩᱜᱽᱛᱤᱧᱟ ᱾
छुट्टी है।,ᱡᱤᱨᱟᱹᱣ ᱢᱟᱸᱦᱟ ᱠᱟᱱᱟ ᱾
"ओह, कल 14 अप्रैल है न?","ᱳᱦ, ᱜᱟᱯᱟ ᱫᱚ ᱑᱔ ᱮᱯᱨᱤᱞ ᱠᱟᱱᱟ ᱥᱮ ᱵᱟᱝ ?"
कल तुम्हारे पिताजी की भी छुट्टी होगी।,ᱟᱢ ᱵᱟᱵᱟᱣᱟᱜᱽ ᱦᱚᱸ ᱜᱟᱯᱟ ᱠᱟᱹᱢᱤᱨᱮ ᱪᱷᱩᱴᱤ ᱛᱟᱦᱮᱸᱛᱟᱭᱟ ᱾
हम फिल्म देखने का प्लान बना सकते हैं!,ᱟᱵᱩ ᱫᱚ ᱥᱤᱱᱟᱹᱢᱟ ᱧᱮᱞ ᱪᱟᱞᱟᱜᱽ ᱨᱮᱭᱟᱜ ᱵᱩᱱ ᱯᱞᱟᱱ ᱫᱟᱲᱤᱭᱟᱜᱽᱼᱟ !
यह तो अच्छी खबर है!,ᱚᱱᱟ ᱫᱚ ᱨᱟᱹᱥᱠᱟᱹ ᱠᱷᱚᱵᱚᱨ !
पर इस दिन छुट्टी क्यों है?,ᱢᱮᱱᱠᱷᱟᱱ ᱪᱷᱩᱴᱤ ᱫᱚ ᱪᱮᱫᱽ ᱞᱟᱹᱜᱤᱫᱽ ?
"क्या सभी स्कूल, कॉलेज और ऑफिस कल बंद रहेंगे?",ᱜᱟᱯᱟ ᱫᱚ ᱪᱮᱫᱽ ᱡᱚᱛᱚ ᱥᱠᱩᱞ ᱠᱚᱞᱮᱡᱽᱠᱩ ᱵᱚᱸᱫᱜᱤᱭᱟ ?
कल अंबेडकर जयंती है!,ᱜᱟᱯᱟ ᱫᱚ ᱟᱢᱵᱮᱫᱠᱟᱨ ᱡᱚᱭᱚᱱᱛᱤ ᱠᱟᱱᱟ !
इस दिन को हर वर्ष बी.आर. अंबेडकर के जन्म के उपलक्ष में मनाया जाता है।,ᱱᱤᱭᱟᱹ ᱢᱟᱸᱦᱟ ᱫᱚ ᱡᱟᱣᱥᱮᱨᱢᱟ ᱰᱚᱠᱴᱚᱨ ᱵᱤᱹ ᱟᱨ ᱟᱢᱵᱮᱫᱠᱟᱨᱟᱜᱽ ᱡᱟᱱᱟᱢ ᱢᱟᱸᱦᱟ ᱞᱮᱠᱟᱛᱮ ᱢᱟᱱᱟᱜᱽᱠᱟᱱᱟ ᱾
क्या तुमने उनके बारे में सुना है?,ᱟᱢ ᱫᱚ ᱩᱱᱤᱭᱟᱜ ᱧᱩᱛᱩᱢᱮᱢ ᱟᱸᱡᱚᱢᱟᱠᱟᱫᱟ ?
मेरे खयाल से इन्हें मैंने अपनी हिस्ट्री और सिविक्स की किताब में देखा है।,ᱤᱧ ᱫᱤᱥᱟᱹᱭᱟ ᱤᱧ ᱫᱚ ᱱᱟᱜᱟᱢ ᱯᱚᱛᱚᱵ ᱟᱨ ᱱᱟᱜᱟᱨᱤᱭᱟᱹ ᱥᱟᱸᱬᱮᱥ ᱨᱮ ᱧ ᱧᱮᱞᱟᱠᱟᱫᱟ ᱾
क्या वे हमारे संविधान से संबंध रखते हैं?,ᱩᱱᱤ ᱫᱚ ᱪᱮᱫ ᱟᱵᱩᱣᱟᱜᱽ ᱥᱚᱝᱵᱤᱫᱷᱟᱱ ᱥᱟᱶ ᱡᱟᱸᱦᱟᱞᱮᱠᱟ ᱡᱚᱯᱚᱲᱟᱣ ᱢᱮᱱᱟᱭᱟ ᱾
बिलकुल सही! उन्हें भारतीय संविधान का जनक कहा जाता है।,ᱱᱤᱦᱟᱹᱛᱜᱤ! ᱩᱱᱤ ᱫᱚ ᱵᱷᱟᱨᱚᱛᱤᱭᱟᱹ ᱥᱚᱝᱵᱤᱫᱷᱟᱱᱨᱮᱱ ᱚᱱᱚᱞᱤᱭᱟᱹ ᱠᱟᱱᱟᱭ ᱾
वे नागरिक अधिकारों के लिए लड़ने वाले कार्यकर्ता था जिन्होंने संविधान तैयार करने में महत्वपूर्ण भूमिका निभाई थी।,ᱩᱱᱤ ᱫᱚ ᱢᱤᱫᱦᱚᱲ ᱱᱟᱜᱟᱨᱤᱭᱟᱹ ᱟᱹᱭᱫᱟᱹᱨ ᱠᱟᱹᱢᱤᱭᱟᱹᱭ ᱛᱟᱦᱮᱸᱠᱟᱱᱟ ᱡᱟᱸᱦᱟᱭ ᱫᱚ ᱥᱚᱝᱵᱤᱫᱷᱟᱱ ᱵᱮᱱᱟᱣᱨᱮ ᱢᱩᱲᱩᱫᱽ ᱮᱱᱮᱢᱮ ᱫᱚᱦᱚᱞᱮᱫᱟ ᱾
उन्होंने उस जीवंत प्रजातांत्रिक स्वरूप को आकार देने में महत्वपूर्ण भूमिका निभाई जिस पर भारत को गर्व है।,ᱩᱱᱤ ᱫᱚ ᱡᱤᱭᱟᱹᱲ ᱜᱚᱱᱚᱛᱟᱱᱛᱨᱤᱠ ᱜᱚᱲᱦᱚᱱ ᱵᱮᱱᱟᱣᱨᱮ ᱢᱤᱫᱽ ᱢᱩᱲᱩᱫᱽ ᱮᱱᱮᱢᱮ ᱯᱟᱞᱚᱱᱞᱮᱫᱟ ᱡᱟᱸᱦᱟ ᱞᱟᱹᱜᱤᱫᱽ ᱵᱷᱟᱨᱚᱛ ᱫᱚ ᱜᱚᱨᱚᱵᱮ ᱵᱩᱡᱷᱟ ᱾
मुझे अब याद आया!,ᱱᱤᱛᱚᱜᱽᱤᱧ ᱫᱤᱥᱟᱹᱭᱮᱫᱟ !
हाल ही में हम उनके बारे में सिविक्स की कक्षा में चर्चा कर रहे थे।,ᱮᱱᱦᱤᱞᱚᱜ ᱟᱞᱮ ᱫᱚ ᱱᱟᱜᱟᱨᱤᱭᱟᱹ ᱥᱟᱸᱬᱮᱥ ᱠᱞᱟᱥᱨᱮ ᱩᱱᱤ ᱵᱟᱵᱚᱫᱽᱞᱮ ᱜᱟᱞᱚᱪᱮᱫᱽᱠᱟᱱ ᱛᱟᱦᱮᱸᱠᱟᱱᱟ ᱾
मैम ने कहा था कि वे उनके बारे में हमें और बताएंगी जब हम भारतीय संविधान का पाठ पढ़ेंगे।,ᱢᱟᱪᱮᱫᱟᱹᱱᱤᱭ ᱞᱟᱹᱭᱟᱠᱟᱫᱟ ᱡᱮ ᱩᱱᱤ ᱫᱚ ᱵᱷᱟᱨᱚᱛᱤᱭᱟᱹ ᱥᱚᱝᱵᱤᱫᱷᱟᱱ ᱦᱟᱹᱴᱤᱧᱞᱮ ᱯᱟᱲᱦᱟᱣᱟ ᱛᱚᱠᱷᱚᱱᱮ ᱞᱟᱹᱭᱟᱞᱮᱭᱟ ᱾
"उन्होंने समाज से जाति के आधार पर भेदभाव खत्म करने के लिए लड़ाई की थी, है ना?","ᱥᱟᱶᱛᱟᱨᱮ ᱢᱮᱱᱟᱜ ᱡᱟᱹᱛᱤ ᱵᱷᱮᱯᱮᱜᱮᱫᱽ ᱚᱪᱚᱜ ᱞᱟᱹᱜᱤᱫᱽᱮ ᱞᱟᱹᱲᱦᱟᱹᱭᱞᱮᱱᱟ, ᱥᱮ ᱵᱟᱝ ?"
"हाँ, खुद दलित होने की वजह से उन्हें पता था कि छुआछूत की बुराई से जूझना कितना मुश्किल है।",ᱦᱮᱸ ᱾ ᱱᱤᱡᱽ ᱫᱟᱹᱞᱤᱛ ᱞᱮᱠᱟᱛᱮ ᱵᱩᱡᱷᱦᱟᱹᱣᱞᱮᱫᱟ ᱡᱮ ᱵᱷᱮᱯᱮᱜᱟᱨ ᱵᱟᱹᱲᱤᱡᱽ ᱚᱨᱡᱚ ᱡᱟᱸᱜᱮ ᱫᱟᱨᱟᱢ ᱫᱚ ᱛᱤᱱᱟᱹᱜ ᱟᱸᱴᱟ ᱢᱮᱱᱛᱮ ᱾
इसलिए इन्होंने निचली जाति के लोगों के अधिकारों के लिए लड़ाई लड़ी।,"ᱱᱚᱧᱠᱟᱞᱮᱠᱟᱛᱮ, ᱩᱱᱤ ᱫᱚ ᱱᱤᱪᱡᱟᱹᱛᱤ ᱠᱩᱣᱟᱜ ᱟᱹᱭᱫᱟᱹᱨ ᱞᱟᱹᱜᱤᱫᱽᱛᱮᱭ ᱞᱟᱹᱲᱦᱟᱹᱭᱞᱮᱱᱟ ᱾"
उन्होंने बड़े पैमाने में भेदभाव के खिलाफ लड़ाई की और जीत हासिल की।,ᱩᱱᱤ ᱫᱚ ᱵᱷᱮᱯᱮᱜᱮᱫᱽ ᱵᱤᱨᱩᱫ ᱟᱭᱢᱟᱭ ᱯᱨᱚᱪᱟᱨᱟᱠᱟᱫᱟ ᱟᱨᱮ ᱡᱤᱛᱠᱟᱹᱨᱟᱠᱟᱱᱟ ᱾
"वाह, कितना मजबूत व्यक्तित्व था उनका!","ᱳᱦ, ᱛᱤᱱᱟᱹᱜ ᱠᱮᱴᱮᱡᱽ ᱢᱟᱹᱱᱢᱤ !"
इसलिए इस दिन को पूरे उपमहाद्वीप में समानता दिवस के रूप में भी मनाया जाता है।,ᱚᱱᱟ ᱞᱟᱹᱜᱤᱫᱽᱛᱮᱜᱤ ᱚᱱᱟ ᱢᱟᱦᱟ ᱫᱚ ᱜᱚᱴᱟ ᱩᱯᱟᱹᱯᱚᱱᱚᱛᱨᱮ ᱥᱟᱢᱢᱚ ᱫᱤᱵᱚᱥ ᱞᱮᱠᱟᱛᱮ ᱦᱚᱸ ᱢᱟᱱᱟᱜᱽᱠᱟᱱᱟ ᱾
मुझे मालूम है कि तुम्हें इस व्यक्ति के बारे में पढ़ने में बहुत अच्छा लगेगा जब तुम यह पाठ स्कूल में पढ़ोगी।,ᱤᱧᱫᱚᱧ ᱴᱷᱟᱹᱣᱠᱟᱹᱭᱟ ᱡᱮ ᱟᱢ ᱡᱚᱠᱷᱚᱱ ᱤᱥᱠᱩᱞᱨᱮ ᱚᱱᱟ ᱦᱟᱹᱴᱤᱧᱮᱢ ᱯᱟᱲᱦᱟᱣᱟ ᱩᱱᱤ ᱢᱟᱹᱱᱢᱤ ᱵᱟᱵᱚᱫ ᱯᱟᱲᱦᱟᱣᱨᱮ ᱠᱩᱥᱤᱢ ᱵᱩᱡᱷᱦᱟᱹᱣᱟ ᱾
"हाँ माँ, मैं इसके लिए इंतज़ार नहीं कर सकती।","ᱦᱮᱸ ᱜᱚ, ᱤᱧ ᱵᱟᱧ ᱛᱟᱹᱜᱤ ᱫᱟᱲᱮᱭᱟᱜᱽᱠᱟᱱᱟ ᱾"
मैं वास्तव में उत्सुक हूं।,ᱤᱧ ᱫᱚ ᱟᱹᱰᱤᱜᱤᱧ ᱟᱹᱠᱩᱛᱟᱠᱟᱱᱟ ᱾
"ठीक है, अब बताओ कि कौन सी फिल्म देखना चाहती हो?","ᱴᱷᱤᱠᱜᱮᱭᱟ, ᱱᱤᱛᱚᱜ ᱞᱟᱹᱭᱢᱮ ᱟᱢ ᱫᱚ ᱚᱠᱟᱴᱟᱜᱽ ᱥᱤᱱᱟᱹᱢᱟ ᱧᱮᱞ ᱪᱟᱞᱟᱜᱮᱢ ᱠᱷᱚᱡᱚᱜᱽᱠᱟᱱᱟ ?"
क्या तुम नई मार्वल फिल्म देखना चाहोगी?,ᱟᱢ ᱠᱤ ᱢᱟᱨᱵᱷᱮᱞᱟᱜᱽ ᱱᱟᱶᱟ ᱥᱤᱱᱟᱹᱢᱟ ᱧᱮᱞᱮᱢ ᱠᱷᱚᱡᱚᱜᱽᱠᱟᱱᱟ ?
तुम्हारा मतलब है डॉक्टर स्ट्रेंज और मल्टीवर्स ऑफ मैडनेस?,ᱦᱮᱸ ᱢᱮᱱᱮᱫᱽ ᱫᱚ ᱰᱚᱠᱴᱚᱨ ᱥᱴᱨᱮᱧᱡᱽ ᱟᱨ ᱫᱟ ᱢᱟᱞᱴᱤᱵᱷᱟᱨᱥ ᱚᱯᱷ ᱢᱮᱰᱱᱮᱥ ?
मैं उसे देखने के लिए बेकरार हूँ।,ᱤᱧ ᱫᱚ ᱚᱱᱟ ᱧᱮᱞ ᱞᱟᱹᱜᱤᱫᱤᱧ ᱯᱟᱜᱞᱟᱣᱟᱠᱟᱱᱟ ᱾
क्या तुम टिकट बुक कर सकती हो?,ᱟᱢ ᱠᱤ ᱴᱤᱠᱤᱴᱮᱢ ᱵᱚᱠ ᱫᱟᱲᱮᱭᱟᱛᱟᱵᱩᱱᱟ ?
पहले पिताजी से बात कर लूं।,ᱤᱧ ᱵᱟᱵᱟ ᱥᱟᱶ ᱠᱟᱛᱷᱟᱧ ᱨᱚᱯᱚᱬᱞᱮᱱᱜᱤ ᱾
"हैलो, तुम वेब डिजाइनिंग का कोर्स कर रही हो न?","ᱮᱤ, ᱟᱢ ᱫᱚ ᱳᱣᱮᱵᱰᱤᱡᱟᱭᱤᱱ ᱨᱮᱭᱟᱜ ᱠᱳᱨᱥᱮᱢ ᱠᱚᱨᱟᱣᱮᱫᱽ ᱠᱟᱱᱟ, ᱦᱮᱸ ᱥᱮ ?"
"मेरी एक दोस्त भी यही कोर्स करने की सोच रही है, तो मैंने उससे कहा कि मैं उसके बारे में तुमसे कुछ जानकारी लूँगी।","ᱤᱧᱨᱮᱱ ᱢᱤᱫᱴᱟᱝ ᱜᱟᱛᱤ ᱚᱱᱟᱜᱤ ᱠᱚᱨᱟᱣᱮ ᱢᱮᱱᱮᱫᱽᱠᱟᱱᱟ ᱚᱱᱟᱛᱮ, ᱤᱧ ᱫᱚ ᱩᱱᱤᱧ ᱢᱮᱱᱟᱠᱟᱫᱤᱭᱟ ᱡᱮ ᱤᱧ ᱫᱚ ᱟᱢ ᱴᱷᱮᱱᱠᱷᱚᱱ ᱚᱱᱟ ᱵᱟᱵᱚᱫ ᱠᱤᱪᱦᱩ ᱛᱮᱛᱮᱫᱽᱤᱧ ᱧᱟᱢᱟ ᱢᱮᱱᱛᱮ ᱾"
"हाँ, ये मेरा दूसरा साल है।","ᱦᱮᱸ, ᱤᱧ ᱫᱚ ᱫᱚᱥᱟᱨ ᱥᱮᱨᱢᱟᱨᱮᱱ ᱯᱟᱹᱴᱷᱣᱟᱹ ᱾"
"बढ़िया, तो वो क्या जानना चाहती है?","ᱟᱹᱰᱤ ᱢᱚᱡᱽ, ᱟᱫᱚ ᱩᱱᱤ ᱫᱚ ᱪᱮᱫ ᱵᱟᱰᱟᱭ ᱥᱟᱱᱟᱭᱤᱫᱤᱠᱟᱱᱟ ?"
कौन-कौन से कॉलेज हैं जहाँ वेब डिजाइनिंग का डिप्लोमा कोर्स होता है?,ᱳᱣᱮᱵ ᱰᱤᱡᱟᱭᱤᱱ ᱪᱮᱛᱟᱱ ᱰᱤᱯᱞᱳᱢᱟ ᱠᱳᱨᱥᱠᱩ ᱮᱢᱚᱜᱽᱠᱟᱱ ᱠᱚᱞᱮᱡᱽᱠᱩ ᱫᱚ ᱚᱠᱟᱠᱩ ?
"उसने अपनी पसंद के बारे में कुछ पक्का तय नहीं किया है, तो अभी बस इसे ट्राई करना चाहती है।","ᱩᱱᱤ ᱫᱚ ᱟᱭᱟᱜᱽ ᱠᱩᱥᱤ ᱵᱟᱵᱚᱫ ᱟᱹᱰᱤ ᱵᱟᱭ ᱡᱚᱛᱷᱟᱛᱟ, ᱚᱱᱟᱛᱮ ᱩᱱᱤ ᱫᱚ ᱱᱤᱭᱟᱹ ᱚᱠᱛᱮ ᱚᱱᱟ ᱠᱩᱨᱩᱢᱩᱴᱩᱠᱟᱛᱮ ᱧᱮᱞᱮ ᱠᱷᱚᱡᱽᱚᱜᱽᱠᱟᱱᱟ ᱾"
"ठीक है, मैं समझ गई।","ᱴᱷᱤᱠ ᱜᱤᱭᱟ, ᱤᱧ ᱵᱩᱡᱷᱦᱟᱹᱣᱟᱠᱟᱫᱟ ᱾"
ये पुणे के स्कूल ऑफ़ फैशन टेक्नोलॉजी; चेन्नई के स्टेला मैरिस कॉलेज और चेन्नई के लोयोला कॉलेज और अन्य बहुत सारे कॉलेजों में उपलब्ध है।,"ᱟᱭᱢᱟ ᱮᱴᱟᱜᱽ ᱠᱚᱞᱮᱡᱽᱠᱩ ᱢᱩᱫᱽᱨᱮ ᱥᱠᱩᱞ ᱚᱯᱷ ᱯᱷᱮᱥᱚᱱ ᱴᱮᱠᱱᱳᱞᱚᱜᱤ, ᱯᱩᱱᱮ; ᱥᱴᱮᱞᱞᱟ ᱢᱟᱨᱤᱥ ᱠᱚᱞᱮᱡᱽ, ᱪᱮᱱᱱᱟᱭ ᱟᱨ ᱞᱚᱭᱚᱞᱟ ᱠᱚᱞᱮᱡᱽ, ᱪᱮᱱᱱᱟᱭ ᱞᱮᱠᱟᱱ ᱟᱭᱢᱟ ᱠᱚᱞᱮᱡᱽᱠᱩ ᱨᱮᱦᱚᱸ ᱧᱟᱢᱚᱜᱚᱜᱽᱼᱟ ᱾"
तुम तो लोयोला कॉलेज गई थी न?,"ᱟᱢ ᱫᱚ ᱞᱚᱭᱚᱞᱟ ᱠᱚᱞᱮᱡᱽᱮᱢ ᱪᱟᱞᱟᱣᱞᱮᱱᱟ, ᱥᱟᱹᱨᱤᱜᱮ ?"
"हाँ, मेरी पढ़ाई वहीं हुई थी।","ᱦᱮᱸ, ᱤᱧ ᱚᱸᱰᱮᱧ ᱯᱟᱲᱦᱟᱣᱟᱠᱟᱱᱟ ᱾"
"तुमने जो कॉलेज बताए, वे काफ़ी नामी हैं।",ᱟᱢ ᱧᱩᱛᱩᱢᱟᱜᱽ ᱠᱚᱞᱮᱡᱽᱠᱩ ᱫᱚ ᱵᱷᱟᱜᱤᱥᱟᱹᱦᱤᱫᱽᱤᱧ ᱚᱨᱚᱢᱟ ᱾
प्रवेश की प्रक्रिया क्या है?,ᱵᱚᱞᱚᱱᱠᱟᱹᱨᱤ ᱫᱚ ᱪᱮᱫᱽᱠᱟᱱᱟ ?
"हाँ, कुछ कॉलेज अपने खुद के एंट्रेंस एक्ज़ाम करवाते हैं।","ᱦᱮᱸ, ᱠᱤᱪᱷᱩ ᱠᱚᱞᱮᱡᱽ ᱫᱚ ᱟᱠᱩᱣᱟᱜᱽ ᱱᱤᱡᱽ ᱵᱚᱞᱚᱱ ᱵᱤᱰᱟᱹᱣᱠᱩ ᱦᱩᱭᱩᱪᱩᱭᱟ ᱾"
और10वीं और 12वीं की ग्रेड भी देखते हैं।,ᱩᱝᱠᱩ ᱫᱚ ᱑᱐ ᱟᱨ ᱑᱒ ᱛᱷᱟᱹᱨ ᱜᱨᱟᱰ ᱦᱚᱸᱠᱩ ᱧᱮᱞᱟ ᱾
एन.आई.डी. एंट्रेंस एक्ज़ाम जैसी राष्ट्रीय परीक्षाएँ भी हैं।,ᱮᱱᱟᱭᱰᱤ ᱵᱚᱞᱚᱱ ᱵᱤᱰᱟᱹᱣ ᱞᱮᱠᱟᱱ ᱡᱟᱛᱤᱭᱚ ᱵᱤᱰᱟᱹᱣ ᱦᱚᱸ ᱢᱮᱱᱟᱜᱽᱼᱟ ᱾
मेरी दोस्त के बोर्ड में वाकई बहुत अच्छे नंबर आए थे तो वे मेरिट के आधार पर किसी भी एंट्रेंस में पास हो सकती है।,"ᱤᱧᱨᱮᱱ ᱜᱟᱛᱤ ᱩᱱᱤᱭᱟᱜᱽ ᱵᱳᱰ ᱞᱟᱹᱜᱤᱫᱽ ᱥᱟᱹᱨᱤᱜᱤ ᱵᱷᱟᱜᱤᱭ ᱠᱚᱨᱟᱣᱟᱠᱟᱫᱟ, ᱚᱱᱟᱛᱮ ᱩᱱᱤ ᱫᱚ ᱡᱟᱦᱟᱸᱞᱮᱠᱟᱱ ᱡᱳᱜᱢᱟᱱᱟᱱ ᱵᱚᱞᱚᱱ ᱵᱤᱰᱟᱹᱣ ᱨᱮᱜᱤ ᱫᱟᱣᱮ ᱧᱟᱢ ᱫᱟᱲᱮᱭᱟᱜᱽᱼᱟ ᱾"
उसे अपनी क्रिएटिव स्किल पर खास भरोसा नहीं है।,ᱩᱱᱤ ᱫᱚ ᱟᱭᱟᱜᱽ ᱥᱤᱨᱡᱚᱱᱟᱱ ᱜᱟᱹᱠᱷᱩᱲ ᱪᱮᱛᱟᱱ ᱱᱤᱡᱽᱯᱟᱹᱛᱭᱟᱹᱣ ᱵᱟᱹᱱᱩᱜᱽᱛᱟᱭᱟ ᱾
इन यूनिवर्सिटियों में डिप्लोमा कोर्स कितने समय का है?,ᱱᱤᱭᱟᱹᱠᱩ ᱡᱮᱜᱮᱫᱽᱵᱤᱫᱫᱟᱹᱜᱟᱲᱨᱮ ᱰᱤᱯᱞᱳᱢᱟ ᱠᱳᱨᱥ ᱫᱚ ᱛᱤᱱᱟᱹᱜᱽ ᱡᱮᱞᱮᱧ ?
आम तौर पर ये एक से दो साल तक चलता है।,ᱱᱤᱭᱟᱹ ᱫᱚ ᱥᱟᱫᱷᱟᱨᱚᱱ ᱞᱮᱠᱟᱛᱮ ᱢᱤᱫᱽ ᱥᱮ ᱵᱟᱨ ᱥᱨᱢᱟ ᱢᱩᱫᱽᱨᱮᱜᱤ ᱛᱷᱟᱹᱭᱤᱫᱚᱜᱽᱼᱟ ᱾
असल में ये इस बात पर निर्भर करता है कि किस कॉलेज में एडमिशन लिया है।,ᱚᱱᱟ ᱫᱚ ᱥᱟᱫᱷᱟᱨᱚᱱ ᱞᱮᱠᱟᱛᱮ ᱵᱚᱞᱚᱜᱽᱠᱟᱱ ᱠᱚᱞᱮᱡᱽ ᱪᱮᱛᱟᱱ ᱨᱮᱜᱤᱭ ᱱᱤᱨᱵᱷᱚᱨᱟ ᱾
क्या करियर ऑप्शन अच्छे हैं?,ᱠᱮᱨᱤᱭᱟᱨ ᱨᱮᱭᱟᱜ ᱵᱤᱠᱚᱞᱯᱚᱠᱩ ᱪᱮᱫᱽ ᱵᱷᱟᱜᱤ ?
"हाँ, इस फ़ील्ड में नौकरी के मौके बढ़िया हैं।","ᱦᱮᱸ, ᱱᱤᱭᱟᱹ ᱠᱷᱮᱛᱨᱚᱨᱮ ᱪᱟᱹᱠᱨᱤ ᱨᱮᱭᱟᱜᱽ ᱦᱩᱭᱫᱟᱲᱮᱭᱟᱱᱟᱜᱽ ᱫᱚ ᱟᱥᱟᱞᱮᱠᱟᱱᱟᱜᱽ ᱜᱤ ᱾"
खास कर के तब जब दुनिया तेजी से डिजिटल होती जा रही है।,ᱱᱤᱭᱟᱹ ᱫᱚ ᱵᱤᱥᱟᱹᱥ ᱠᱟᱭᱛᱮ ᱡᱮᱜᱮᱫᱽ ᱞᱟᱦᱟᱪᱟᱞᱟᱜᱽᱠᱟᱱ ᱰᱤᱡᱤᱴᱟᱞ ᱦᱩᱭ ᱤᱫᱤᱜᱽᱠᱟᱱ ᱢᱮᱱᱛᱮᱭ ᱵᱤᱵᱟᱹᱪᱚᱱᱟᱭᱮᱫᱟ ᱾
हम्म.. मैं समझ रही हूँ तुम क्या कहना चाहती हो।,ᱦᱮᱸᱹᱹᱹ ᱵᱩᱡᱷᱦᱟᱹᱣᱤᱫᱟᱹᱧ ᱪᱮᱫᱽᱮᱢ ᱢᱮᱱ ᱩᱪᱩᱭᱮᱫᱟ ᱢᱮᱱᱛᱮ ᱾
क्या तुम ऐसे किसी को जानती हो जिसने पहले यह कोर्स किया हो?,ᱟᱢ ᱠᱤ ᱡᱟᱦᱟᱸᱭᱮᱢ ᱵᱟᱰᱟᱭᱠᱩᱣᱟ ᱡᱟᱦᱟᱸᱭ ᱫᱚ ᱱᱤᱭᱟᱹ ᱠᱳᱨᱥᱮ ᱞᱟᱦᱟᱨᱮᱭ ᱦᱟᱛᱟᱣᱟᱠᱟᱫᱟ ?
"हाँ, मेरे एक दोस्त ने कुछ पाँच साल पहले वेब डिजाइनिंग में डिप्लोमा किया था।","ᱦᱮᱸ, ᱤᱧᱨᱮᱱ ᱢᱤᱫᱽ ᱜᱟᱛᱤ ᱢᱚᱸᱲᱮ ᱥᱮᱨᱢᱟ ᱞᱟᱦᱟ ᱳᱣᱮᱵ ᱰᱤᱡᱟᱭᱤᱱ ᱪᱮᱛᱟᱱ ᱰᱤᱯᱞᱳᱢᱟᱭ ᱠᱚᱨᱟᱣᱟᱠᱟᱫᱟ ᱾"
आज वो एक सफल वेब डिज़ाइनर है।,ᱩᱱᱤ ᱫᱚ ᱛᱤᱦᱤᱧ ᱢᱤᱫᱽ ᱡᱤᱛᱠᱟᱹᱨᱤᱭᱟᱹ ᱳᱣᱮᱵ ᱰᱤᱡᱟᱭᱤᱱᱟᱨ ᱠᱟᱱᱟᱭ ᱾
"अगर तुम्हें कोई एतराज़ न हो, तो क्या मुझे उनकी कॉन्टैक्ट इंफ़ॉरमेशन मिल सकती है?","ᱡᱟᱦᱟᱸᱱᱟᱜᱽ ᱵᱟᱢ ᱢᱚᱱᱮᱭ ᱠᱷᱟᱱ, ᱤᱧ ᱠᱤ ᱩᱱᱤᱭᱟᱜᱽ ᱡᱳᱜᱟᱡᱳᱜ ᱛᱮᱛᱮᱫᱽᱤᱧ ᱦᱟᱛᱟᱣ ᱫᱟᱲᱤᱭᱟᱜᱽᱼᱟ ?"
ऐसा इसलिए कि फिर मैं इसे अपनी दोस्त को दे सकती हूँ ताकि वो किसी से इस कोर्स के बारे में डीटेल में बात कर सके।,ᱱᱚᱣᱟ ᱫᱚ ᱱᱤᱭᱟᱹ ᱞᱟᱹᱜᱤᱫᱽ ᱡᱟᱦᱟᱸᱛᱮ ᱫᱚ ᱤᱧ ᱤᱧᱨᱮᱱ ᱜᱟᱛᱤᱧ ᱮᱢ ᱫᱟᱲᱤᱭᱟᱭᱟ ᱟᱨ ᱩᱱᱤ ᱫᱚ ᱠᱳᱨᱥ ᱵᱟᱵᱚᱫ ᱵᱤᱪᱷᱱᱟᱹᱣ ᱥᱟᱹᱦᱤᱫᱽ ᱡᱟᱦᱟᱸᱭ ᱥᱟᱶ ᱠᱟᱛᱷᱟᱭ ᱢᱮᱱᱫᱟᱲᱤᱭᱟᱜᱽᱢᱟ ᱚᱱᱟ ᱞᱟᱹᱜᱤᱫᱽ ᱾
"बिल्कुल, मैं तुम्हें वॉट्सएप पर कॉन्टैक्ट भेज दूँगी।","ᱮᱠᱟᱞᱜᱤ, ᱤᱧ ᱫᱚ ᱟᱢ ᱳᱣᱟᱴᱥᱮᱯ ᱨᱮ ᱡᱳᱜᱟᱡᱳᱜᱤᱧ ᱠᱩᱞᱟᱢᱟ ᱾"
क्या मुझे बहुत देर हो गई?,ᱤᱧ ᱫᱚ ᱟᱹᱰᱤᱧ ᱵᱤᱞᱚᱢᱟᱠᱟᱱᱟ ?
परेड शुरू हो गई क्या?,ᱯᱮᱨᱮᱰ ᱮᱛᱚᱦᱚᱵᱽᱟᱠᱟᱱᱟ ?
पता नहीं इतनी देर कैसे सो गई मैं।,ᱤᱧ ᱫᱚ ᱵᱟᱹᱧ ᱵᱟᱰᱟᱭᱟ ᱪᱮᱫᱟᱜᱽ ᱩᱱᱟᱹᱜᱤᱧ ᱡᱟᱹᱯᱤᱫᱽᱟᱠᱟᱫᱟ ᱾
"चिंता मत करो, तुम सही समय पर आई हो।","ᱟᱞᱚᱢ ᱵᱷᱟᱹᱵᱤᱫᱚᱜᱽᱼᱟ, ᱟᱢ ᱫᱚ ᱴᱷᱤᱠ ᱚᱠᱛᱚ ᱨᱮᱜᱤᱢ ᱦᱮᱡᱽᱟᱠᱟᱱᱟ ᱾"
अभी बस 5 ही मिनट हुए हैं।,᱕ ᱴᱤᱬᱤᱡᱽᱜᱤ ᱦᱩᱭᱟᱠᱟᱱᱟ ᱾
इधर आ कर बैठो।,ᱦᱤᱡᱩᱜᱽᱢᱮ ᱟᱨ ᱫᱩᱬᱩᱵᱽᱢᱮ ᱾
मैंने क्या मिस किया?,ᱤᱧ ᱫᱚ ᱪᱮᱫᱽᱤᱧ ᱦᱟᱹᱲᱤᱧᱟᱠᱟᱫᱟ ?
कुछ खास नहीं! बस राष्ट्रपति जी का राष्ट्रीय झंडा फहराना।,ᱡᱟᱹᱥᱛᱤ ᱫᱚ ᱵᱟᱝ ! ᱫᱤᱥᱚᱢ ᱜᱚᱝᱠᱮ ᱮᱠᱮᱱ ᱡᱤᱛᱤᱭᱟᱹᱨᱤ ᱪᱤᱨᱮ ᱩᱫᱟᱹᱣᱟᱠᱟᱫᱟ ᱾
और राष्ट्रपति को 21 तोपों की सलामी।,ᱟᱨ ᱒᱑ ᱜᱚᱴᱟᱝ ᱜᱟᱱ ᱥᱮᱞᱩᱴ ᱦᱚᱛᱮᱛᱮ ᱫᱤᱥᱟᱹᱢ ᱜᱚᱝᱠᱮ ᱥᱟᱢᱚᱨᱤᱠ ᱡᱚᱦᱟᱨ ᱵᱟᱰᱟᱭ ᱩᱪᱩ ᱦᱩᱭᱮᱱᱟ ᱾
"अभी आर्मी, नेवी और एयर फोर्स की अलग-अलग टुकड़ियाँ और उनके साथ उनके बैंड राजपथ पर राष्ट्रपति भवन से मार्च करते आ रहे हैं।","ᱱᱤᱛ, ᱥᱮᱱᱟᱯᱷᱟᱹᱫ, ᱫᱟᱜᱽᱯᱷᱟᱹᱫ ᱟᱨ ᱦᱚᱭᱯᱷᱟᱹᱫ ᱨᱮᱱ ᱵᱮᱜᱟᱨ ᱵᱮᱜᱟᱨ ᱨᱮᱡᱤᱢᱮᱱᱴ ᱟᱨ ᱚᱱᱟ ᱥᱟᱶᱛᱮ ᱩᱝᱠᱩᱣᱟᱜ ᱵᱮᱱᱰ, ᱨᱟᱥᱴᱨᱚᱯᱚᱛᱤᱵᱷᱚᱵᱚᱱ ᱠᱷᱚᱱ ᱨᱟᱡᱦᱚᱨ ᱞᱮᱠᱟᱛᱮ ᱯᱮᱨᱮᱰᱠᱟᱛᱮᱠᱩ ᱪᱟᱞᱟᱜᱽᱠᱟᱱᱟ ᱾"
ये लोग कहाँ जा रहे हैं?,ᱩᱝᱠᱩ ᱫᱚ ᱚᱠᱟᱛᱮᱠᱩ ᱪᱟᱞᱟᱜᱽᱠᱟᱱᱟ ?
इंडिया गेट की तरफ और अंत में लाल किला।,ᱤᱱᱰᱤᱭᱟ ᱜᱮᱴᱛᱮ ᱟᱨ ᱢᱩᱪᱟᱹᱫᱨᱮ ᱫᱚ ᱨᱮᱰᱯᱷᱳᱨᱰ ᱾
"जैसे-जैसे वे गुजरते हैं, राष्ट्रपति को सलाम करते हैं।",ᱩᱝᱠᱩ ᱫᱚ ᱢᱤᱫᱽ ᱢᱤᱫᱽᱛᱮ ᱪᱟᱞᱟᱜ ᱚᱠᱛᱮ ᱫᱤᱥᱟᱹᱢ ᱜᱚᱝᱠᱮ ᱥᱮᱡᱽ ᱢᱟᱹᱱᱠᱩ ᱮᱢᱮᱫᱽᱠᱟᱱᱟ ᱾
और देखो वे भी किस तरह खड़े हैं और उन्हें आगे मार्च करते जाने के लिए प्रोत्साहित कर रहे हैं।,ᱟᱨ ᱛᱩᱝᱠᱷᱤᱭᱢᱮ ᱪᱮᱫᱞᱮᱠᱟ ᱩᱱᱤ ᱫᱚ ᱚᱱᱟᱭ ᱟᱸᱜᱚᱡᱮᱟᱛᱮᱭ ᱛᱤᱜᱩᱱᱠᱟᱱᱟ ᱟᱨ ᱩᱝᱠᱩ ᱞᱟᱦᱟ ᱪᱟᱞᱟᱜ ᱞᱟᱹᱜᱤᱫᱽᱮ ᱩᱥᱠᱩᱨᱮᱫᱽᱠᱩᱣᱟ ᱾
काश मैं किसी दिन सामने से बैठ कर देख सकूं।,ᱤᱧ ᱡᱟᱦᱟᱸᱛᱤᱥ ᱦᱚᱲᱢᱚᱥᱟᱶᱟᱨᱟᱱᱛᱮ ᱚᱱᱟ ᱧᱮᱞ ᱥᱟᱱᱟᱧᱠᱟᱱᱟ ᱾
अलग-अलग राज्यों की प्रदर्शनी का क्या हुआ?,ᱮᱴᱟᱜᱽ ᱮᱴᱟᱜᱽ ᱯᱚᱱᱚᱛ ᱠᱩᱨᱮᱱᱟᱜ ᱦᱟᱹᱡᱤᱨ ᱨᱮᱭᱟᱜ ᱠᱷᱚᱵᱚᱨ ᱫᱚ ᱪᱮᱫᱽᱞᱮᱠᱟ ᱾
क्या वह आर्मी के मार्च पास्ट के बाद होगा?,ᱚᱱᱟ ᱫᱚ ᱪᱮᱫᱽ ᱯᱷᱟᱹᱫᱠᱩᱣᱟᱜ ᱯᱮᱨᱮᱰ ᱛᱟᱭᱚᱢ ᱦᱩᱭᱩᱜᱽᱼᱟ ?
"हाँ, जब सारी टुकड़ियाँ मार्च करके निकल जाएंगी, तब वे सब आएंगे।","ᱦᱮᱸ, ᱢᱤᱫᱽᱫᱷᱟᱣ ᱡᱚᱛᱚ ᱨᱮᱡᱤᱢᱮᱱᱴᱠᱩ ᱯᱮᱨᱮᱰ ᱪᱟᱞᱟᱜᱽ ᱛᱟᱭᱚᱢ, ᱩᱝᱠᱩ ᱫᱚ ᱠᱩ ᱥᱮᱴᱮᱨᱚᱜᱽᱼᱟ ᱾"
हर राज्य को एक झांकी में दिखाया जाएगा।,ᱢᱤᱢᱤᱫᱽ ᱯᱚᱱᱚᱛ ᱫᱚ ᱟᱠᱩᱣᱟᱜ ᱴᱮᱵᱞᱚᱣᱣᱟᱛᱮᱠᱩ ᱥᱮᱴᱮᱨᱚᱜᱽᱼᱟ ᱾
"इनमें उस विशिष्ट राज्य का इतिहास, संस्कृति, धरोहर, विकास कार्यक्रम और पर्यावरण दिखाया जाता है।","ᱩᱝᱠᱩ ᱫᱚ ᱟᱠᱩᱣᱟᱜ ᱱᱤᱡᱽ ᱱᱤᱡᱽ ᱯᱚᱱᱚᱛ ᱨᱮᱭᱟᱜ ᱱᱟᱜᱟᱢ, ᱞᱟᱠᱪᱟᱨ, ᱥᱮᱨᱣᱟ ᱩᱛᱷᱱᱟᱹᱣ ᱠᱟᱹᱢᱤᱦᱚᱨᱟ ᱟᱨ ᱞᱟᱭᱚᱝᱠᱩ ᱰᱩᱜᱽ ᱥᱚᱫᱚᱼᱟ ᱾"
वो अपने साथ कुछ ऐनिमेशन और साउंड भी लेकर चलते हैं।,ᱩᱝᱠᱩ ᱫᱚ ᱟᱠᱩᱥᱟᱶ ᱠᱤᱪᱷᱩ ᱮᱱᱤᱢᱮᱥᱚᱱ ᱟᱨ ᱵᱟᱡᱱᱟ ᱧᱮᱞ ᱟᱨᱠᱩ ᱩᱫᱩᱜᱮᱫᱽᱠᱟᱱ ᱛᱟᱦᱮᱸᱠᱟᱱᱟ ᱾
काफी रंगारंग डिस्प्ले होता है।,ᱱᱳᱣᱟ ᱫᱚ ᱟᱹᱰᱤ ᱨᱚᱝᱟᱱ ᱩᱫᱩᱜᱽᱥᱚᱫᱚᱨ ᱜᱤ ᱾
और मेरे लिए पूरी परेड का सबसे पसंदीदा भाग भी यही है।,"ᱦᱮᱸ, ᱟᱨ ᱜᱚᱴᱟ ᱯᱮᱨᱮᱰ ᱨᱮᱭᱟᱜ ᱠᱩᱥᱤᱭᱟᱱᱟᱜ ᱦᱤᱸᱥ ᱦᱚᱸ ᱠᱟᱱᱟ ᱾"
मुझे आज भी याद है पिछली बार पश्चिम बंगाल की झांकी किस तरह से सजाई गई थी।,ᱤᱧᱟᱜ ᱱᱤᱛ ᱦᱚᱸ ᱫᱤᱥᱟᱹ ᱦᱤᱡᱩᱜᱽᱠᱟᱱᱟ ᱢᱩᱪᱟᱹᱫᱽ ᱫᱷᱟᱣ ᱪᱮᱫᱽ ᱞᱮᱠᱟᱛᱮ ᱯᱚᱪᱷᱤᱢ ᱵᱟᱝᱞᱟ ᱫᱚ ᱴᱮᱵᱞᱳᱠᱩ ᱩᱫᱩᱜᱽᱥᱚᱫᱚᱨᱞᱮᱫᱟ ᱾
और उस पर ग्रामीण बंगाल का लोक नृत्य दर्शा रहे नर्तक भी।,"ᱟᱨ ᱚᱱᱟ ᱪᱮᱛᱟᱱ ᱮᱱᱮᱡᱽᱠᱟᱹᱨᱤ ᱠᱩᱣᱟᱜ ᱠᱟᱛᱷᱟ ᱦᱚᱸ, ᱡᱟᱦᱟᱸᱭ ᱫᱚ ᱟᱛᱚᱚᱲᱟᱜᱽ ᱨᱮᱭᱟᱜ ᱞᱳᱠᱳᱱᱨᱤᱛᱛᱚᱠᱩ ᱩᱫᱩᱜᱽᱥᱚᱫᱚᱨᱞᱮᱫᱟ ᱾"
"पता नहीं, इस साल क्या दिखाने वाले हैं।",ᱤᱧᱫᱚᱧ ᱦᱟᱦᱟᱲᱟᱜᱽᱠᱟᱱᱟ ᱩᱝᱠᱩ ᱫᱚ ᱟᱞᱮ ᱞᱟᱹᱜᱤᱫᱽ ᱪᱮᱫᱽᱠᱩ ᱥᱟᱡᱟᱣ ᱟᱹᱜᱩᱣᱟᱠᱟᱫᱟ ᱢᱮᱱᱛᱮ ᱾
इंतज़ार करते हैं और देखते हैं।,ᱛᱟᱹᱜᱤ ᱞᱮᱜᱮᱵᱩᱱ ᱟᱨ ᱵᱩᱱ ᱧᱮᱞᱞᱮᱜᱤ ᱾
"लेकिन भूलना मत, आज 12 बजे के करीब तुम्हारी सिट एंड ड्रॉ प्रतियोगिता भी है।","ᱢᱮᱱᱠᱷᱟᱱ ᱟᱞᱚᱢ ᱦᱤᱬᱤᱧᱟ, ᱛᱤᱦᱤᱧ ᱛᱤᱠᱤᱱ ᱑᱒ ᱵᱟᱡᱮ ᱞᱮᱠᱟ ᱫᱩᱲᱩᱵᱽᱠᱟᱛᱮ ᱟᱸᱠ ᱦᱮᱯᱮᱨᱟᱣ ᱢᱮᱱᱟᱜᱽᱛᱟᱢᱟ ᱾"
क्या तुम उसके लिए तैयार हो?,ᱟᱢ ᱫᱚ ᱚᱱᱟ ᱞᱟᱹᱜᱤᱫᱽᱮᱢ ᱥᱟᱯᱲᱟᱣ ᱜᱤᱭᱟ ?
मैंने पहले से ही स्केच बनाने का अभ्यास कर लिया है।,ᱤᱧ ᱫᱚ ᱤᱧᱟᱜ ᱥᱠᱮᱪᱠᱩᱧ ᱯᱨᱮᱠᱴᱤᱥ ᱫᱚᱦᱚᱣᱟᱠᱟᱫᱟ ᱾
मैं गणतंत्र दिवस के परेड की एक झलक ड्रा करने वाली हूँ।,ᱤᱧ ᱫᱚ ᱯᱨᱚᱡᱟᱛᱚᱱᱛᱨᱚ ᱫᱤᱵᱚᱥ ᱨᱮᱭᱟᱜ ᱢᱤᱫᱽ ᱡᱷᱚᱞᱚᱠ ᱪᱤᱛᱟᱹᱨ ᱜᱤᱧ ᱟᱸᱠᱮᱫᱟ ᱾
काश मुझे इनाम मिल जाए।,ᱟᱥᱚᱜᱽᱠᱟᱹᱱᱟᱹᱧ ᱢᱤᱫᱴᱟᱝ ᱥᱤᱨᱯᱟᱹᱧ ᱧᱟᱢᱫᱟᱲᱮᱭᱟᱜᱼᱟ ᱾
इनामों के बारे में मत सोचो।,ᱥᱤᱨᱯᱟᱹ ᱵᱟᱵᱚᱫ ᱟᱞᱚᱢ ᱵᱷᱟᱹᱵᱤᱫᱚᱜᱼᱟ ᱾
वहाँ पर बस मस्त रहना।,ᱮᱠᱮᱱ ᱚᱸᱰᱮ ᱥᱮᱱᱠᱟᱛᱮ ᱟᱢᱞᱮᱠᱟ ᱨᱟᱹᱥᱠᱟᱹᱭ ᱢᱮ ᱾
मेरी शुभकामनाएं तुम्हारे साथ हैं।,ᱟᱢ ᱞᱟᱹᱜᱤᱫᱽ ᱤᱧᱟᱜ ᱛᱷᱩᱢ ᱛᱟᱦᱮᱸᱭᱮᱱᱟ ᱾
थैंक यू डैड।,"ᱵᱟᱵᱟ, ᱟᱭᱢᱟ ᱥᱟᱨᱦᱟᱣ ᱾"
"लेकिन प्रतियोगिता के कारण परेड का जो भाग मैं मिस कर जाऊँ, उसे आप हर हाल में देखें।",ᱛᱚᱵᱮ ᱦᱮᱯᱮᱨᱟᱣ ᱞᱟᱹᱜᱤᱫᱽᱛᱮ ᱤᱧ ᱯᱮᱨᱮᱰ ᱨᱮᱭᱟᱜ ᱡᱟᱦᱟᱸ ᱦᱤᱸᱥ ᱵᱟᱹᱧ ᱧᱮᱞᱫᱟᱲᱮᱭᱟᱜᱼᱟ ᱚᱱᱟ ᱫᱚ ᱟᱢ ᱡᱟᱹᱨᱩᱲᱜᱤ ᱧᱮᱞᱢᱮ ᱵᱟᱲᱮ ᱾
रात को सोने से पहले उसके बारे में सुनूंगी।,ᱜᱤᱛᱤᱡᱽ ᱚᱠᱛᱮ ᱚᱱᱟ ᱵᱟᱵᱚᱫᱤᱧ ᱟᱸᱡᱚᱢᱟ ᱾
"हेलो, क्या यह समाधान हेल्पलाइन है?","ᱦᱮᱞᱳ, ᱱᱤᱭᱟᱹ ᱫᱚ ᱪᱮᱫᱽ ᱥᱚᱢᱟᱫᱷᱟᱱ ᱜᱚᱬᱚ ᱥᱮᱱᱴᱟᱨ ᱠᱟᱱᱟ ?"
"हाँ, मैं आपकी कैसे सहायता कर सकता हूँ?","ᱦᱮᱸ, ᱪᱮᱠᱟᱞᱮᱠᱟᱛᱮ ᱤᱧ ᱟᱢᱤᱧ ᱜᱚᱲᱚᱫᱟᱲᱮᱭᱟᱢᱟ ?"
मैं हरीश हूँ और मैं स्वामी विवेकानंद शैक्षिक संस्थान की ओर से फोन कर रहा हूँ।,"ᱤᱧ ᱫᱚ ᱦᱚᱨᱤᱥ, ᱟᱨ ᱤᱧ ᱫᱚ ᱥᱟᱢᱤ ᱵᱤᱵᱮᱠᱟᱱᱚᱱᱫᱚ ᱮᱰᱩᱠᱮᱥᱚᱱᱟᱞ ᱤᱱᱥᱴᱤᱴᱤᱭᱩᱴ ᱛᱚᱨᱚᱯᱷ ᱠᱷᱚᱱᱤᱧ ᱠᱚᱞᱮᱫ ᱠᱟᱱᱟ ᱾"
मैं साधन-सह-योग्यता छात्रवृत्ति कार्यक्रम के बारे में और जानना चाहता हूँ।,ᱤᱧ ᱫᱚ ᱢᱮᱨᱤᱴᱼᱠᱩᱢᱼᱢᱤᱱᱥ ᱥᱠᱚᱞᱟᱨᱥᱤᱯ ᱯᱨᱳᱜᱨᱟᱢ ᱵᱟᱵᱚᱫ ᱡᱟᱹᱥᱛᱤ ᱵᱟᱰᱟᱭᱤᱧ ᱠᱷᱚᱡᱽᱚᱜᱽ ᱠᱟᱱᱟ ᱾
जिससे कि मैं इस कार्यक्रम के बारे में अपने छात्रों को जानकारी दे सकूं।,ᱡᱟᱦᱟᱸᱛᱮ ᱫᱚ ᱤᱧ ᱟᱞᱮᱨᱮᱱ ᱯᱟᱹᱴᱷᱣᱟᱹᱠᱩ ᱱᱤᱭᱟᱹ ᱯᱨᱳᱜᱨᱟᱢ ᱵᱟᱵᱚᱫᱽᱧ ᱵᱟᱰᱟᱭ ᱩᱪᱩᱫᱟᱲᱮᱭᱟᱠᱩᱣᱟ ᱾
ठीक है! इस योजना का मुख्य उद्देश्य है अल्पसंख्यक समुदायों के वंचित और काबिल छात्रों को आर्थिक सहायता देना।,"ᱡᱚᱛᱚᱜᱤ ᱴᱷᱤᱠᱜᱮᱭᱟ, ᱥᱠᱤᱢ ᱨᱮᱭᱟᱜ ᱢᱩᱬᱩᱫᱽ ᱡᱚᱥ ᱫᱚ ᱞᱮᱠᱷᱟᱨᱮ ᱠᱚᱢ ᱦᱚᱲᱞᱮᱠᱷᱟ ᱠᱷᱚᱱ ᱠᱚᱢ ᱥᱩᱵᱤᱫᱷᱟ ᱧᱟᱢᱟᱱ ᱟᱨ ᱠᱷᱚᱡᱚᱜᱽᱠᱟᱱ ᱯᱟᱹᱴᱷᱣᱟᱹᱠᱩ ᱠᱟᱹᱣᱰᱤ ᱛᱮᱱᱟᱜᱽ ᱜᱚᱲᱚ ᱮᱢᱟᱠᱩᱜᱤ ᱾"
और इस छात्रवृत्ति से वे पेशेवर और तकनीकी शिक्षा पा सकेंगे।,"ᱟᱨ ᱱᱚᱣᱟ ᱥᱠᱚᱞᱟᱨᱥᱤᱯ ᱦᱚᱛᱮᱛᱮ, ᱩᱝᱠᱩ ᱫᱚ ᱯᱨᱚᱯᱷᱮᱥᱚᱱᱟᱞ ᱟᱨ ᱴᱮᱠᱱᱤᱠᱮᱞ ᱥᱤᱠᱷᱱᱟᱹᱛᱠᱩ ᱦᱟᱛᱟᱣ ᱫᱟᱲᱤᱭᱟᱜᱽᱼᱟ ᱾"
यह योजना अल्पसंख्यक कार्य मंत्रालय द्वारा शुरू की गई है।,ᱱᱤᱭᱟᱹ ᱥᱠᱤᱢ ᱫᱚ ᱢᱤᱱᱤᱥᱴᱨᱤ ᱚᱯᱷ ᱢᱟᱭᱱᱚᱨᱤᱴᱤ ᱮᱯᱷᱯᱷᱮᱭᱟᱨᱥ ᱦᱚᱛᱮᱛᱮ ᱮᱛᱚᱦᱚᱵᱽᱟᱠᱟᱱᱟ ᱾
"जी, सर।","ᱦᱮᱸ, ᱢᱟᱦᱟᱥᱚᱭ ᱾"
"क्या यह सही है कि यह छात्रवृत्ति भारत में पढ़ाई के लिए है, सर?",ᱛᱟᱦᱚᱞᱮ ᱢᱟᱦᱟᱥᱚᱭ ᱱᱤᱭᱟᱹ ᱫᱚ ᱴᱷᱤᱠ ᱡᱮ ᱵᱷᱟᱨᱚᱛᱨᱮ ᱯᱟᱬᱦᱟᱜᱽ ᱞᱟᱹᱜᱤᱫᱽᱜᱤ ᱱᱤᱭᱟᱹ ᱥᱠᱚᱞᱟᱨᱥᱤᱯ ᱫᱚ ?
हाँ। यह छात्रवृत्ति केवल उन छात्रों के लिए है जो भारत के किसी सरकारी या निजी महाविद्यालय में पढ़ रहे हैं।,ᱦᱮᱸ ᱾ ᱥᱠᱚᱞᱟᱨᱥᱤᱯ ᱫᱚ ᱵᱷᱟᱨᱚᱛᱨᱮ ᱢᱮᱱᱟᱜᱽ ᱥᱚᱨᱠᱟᱨᱤ ᱥᱮ ᱯᱨᱟᱭᱵᱷᱮᱴ ᱡᱮᱜᱮᱫᱽᱵᱤᱫᱫᱟᱹᱜᱟᱲᱨᱮ ᱯᱟᱲᱦᱟᱜᱽᱠᱟᱱ ᱯᱟᱹᱴᱷᱣᱟᱹᱠᱩᱜᱤ ᱮᱠᱮᱱᱠᱩ ᱮᱢᱚᱜᱚᱜᱽᱼᱟ ᱾
क्या यह छात्रवृत्ति केवल स्नातक के छात्रों के लिए है?,ᱱᱤᱭᱟᱹ ᱥᱠᱚᱞᱟᱨᱥᱤᱯ ᱫᱚ ᱪᱮᱫ ᱮᱠᱮᱱ ᱟᱹᱠᱤᱞᱟᱵᱷᱨᱟᱱ ᱯᱟᱹᱴᱷᱣᱟᱹᱠᱩ ᱞᱟᱹᱜᱤᱫᱽᱜᱤ ?
"नहीं, यह स्नातक एवं स्नातकोत्तर स्तर पर तकनीकी और पेशेवर पाठ्यक्रमों के लिए दी जाएगी।","ᱵᱟᱝ, ᱟᱹᱠᱤᱞᱟᱵᱷᱨᱟᱱ ᱟᱨ ᱟᱹᱠᱤᱞᱢᱟᱹᱱ ᱞᱮᱵᱮᱞ ᱨᱮᱭᱟᱜᱽ ᱴᱮᱠᱱᱤᱠᱮᱞ ᱟᱨ ᱯᱨᱚᱯᱷᱮᱥᱚᱱᱟᱞ ᱠᱳᱨᱥᱠᱩᱭ ᱠᱚᱵᱷᱟᱨᱟ ᱾"
इस छात्रवृत्ति के लिए अप्लाई करने के क्या मानदंड हैं?,ᱱᱤᱭᱟᱹ ᱥᱠᱚᱞᱟᱨᱥᱤᱯ ᱞᱟᱹᱜᱤᱫᱽ ᱟᱹᱨᱡᱤᱭ ᱨᱮᱭᱟᱜ ᱢᱟᱹᱱᱴᱷᱮᱸᱜᱟ ᱫᱚ ᱪᱮᱫᱽ ?
"जिन छात्रों को पिछली फाइनल परीक्षा में कम से कम 50% अंक या उसके समान ग्रेड हासिल हुए हैं, वे इस छात्रवृत्ति के योग्य हैं।",ᱯᱟᱹᱴᱷᱣᱟᱹᱠᱩ ᱡᱟᱦᱟᱸᱭ ᱟᱠᱩᱣᱟᱜ ᱞᱟᱦᱟᱱ ᱢᱩᱪᱟᱹᱫᱽ ᱵᱤᱰᱟᱹᱣᱨᱮ ᱠᱚᱢᱠᱟᱭᱛᱮ ᱕᱐% ᱥᱮ ᱚᱱᱟ ᱥᱚᱢᱟᱱ ᱜᱨᱮᱰᱠᱩ ᱧᱟᱢᱟᱠᱟᱫᱟ ᱩᱝᱠᱩ ᱜᱤ ᱥᱠᱚᱞᱟᱨᱥᱤᱯ ᱞᱟᱹᱜᱤᱫᱽᱠᱩ ᱡᱳᱜᱢᱟᱱᱼᱟ ᱾
"इसके साथ ही, उनके माता-पिता या अभिभावकों की सभी स्रोतों से आय रु. 2.50 लाख से ज्यादा नहीं है।","ᱟᱨᱦᱚᱸ, ᱡᱩᱫᱤ ᱩᱝᱠᱩᱨᱮᱱ ᱜᱚᱼᱵᱟᱵᱟ ᱥᱮ ᱜᱟᱨᱡᱮᱱᱟᱜᱽ ᱨᱳᱡᱜᱟᱨ ᱫᱚ ᱡᱚᱛᱚ ᱩᱛᱥᱚ ᱠᱷᱚᱱ ᱒ᱹ᱕᱐ ᱞᱟᱠᱷ ᱠᱷᱚᱱ ᱵᱟᱭ ᱡᱟᱹᱥᱛᱤᱜᱽᱼᱟ ᱾"
"सर, कितने छात्रों को एम.सी.एम दी जाएगी?","ᱢᱟᱦᱟᱥᱚᱭ, ᱛᱤᱱᱟᱹᱜᱽᱜᱟᱱ ᱯᱟᱹᱴᱷᱣᱟᱹ ᱮᱢᱥᱤᱮᱢ ᱠᱩ ᱮᱢᱚᱜᱚᱜᱽᱼᱟ ?"
"पुनरारम्भ की गई छात्रवृत्तियों के अलावा, 60,000 नई छात्रवृत्तियाँ दिए जाने का लक्ष्य है।","ᱯᱷᱨᱮᱥ ᱥᱠᱚᱞᱟᱨᱥᱤᱯ ᱥᱟᱶᱛᱮ ᱨᱤᱱᱤᱣᱟᱞ ᱥᱠᱚᱞᱟᱨᱥᱤᱯ ᱞᱮᱠᱟᱛᱮ ᱜᱩᱴᱠᱟᱛᱮ ᱖᱐,᱐᱐᱐ ᱥᱠᱚᱞᱟᱨᱥᱤᱯ ᱦᱟᱹᱴᱤᱧ ᱨᱮᱭᱟᱜᱽ ᱴᱷᱟᱬᱚᱜᱚᱴᱟᱣᱟᱠᱟᱱᱟ ᱾"
यह तो काफी बड़ी संख्या है और इससे वे छात्र लाभान्वित होंगे जिनको इसकी जरूरत है।,"ᱚᱱᱟ ᱫᱚ ᱟᱹᱰᱤ ᱢᱟᱨᱟᱝ ᱞᱮᱠᱷᱟ, ᱟᱨ ᱱᱤᱭᱟᱹ ᱫᱚ ᱯᱟᱹᱴᱷᱣᱟᱹᱠᱩ ᱞᱟᱹᱜᱤᱫᱽ ᱥᱩᱵᱤᱫᱷᱟ ᱦᱩᱭᱩᱜᱽᱼᱟ ᱡᱟᱦᱟᱸᱭ ᱠᱩ ᱫᱚ ᱞᱟᱹᱜᱛᱤᱭᱟ ᱾"
यह छात्रवृत्तियाँ अन्य छात्रों के लिए भी प्रेरणा का स्रोत हैं।,ᱱᱤᱭᱟᱹ ᱥᱠᱚᱞᱟᱨᱥᱤᱯ ᱫᱚ ᱮᱴᱟᱜᱽ ᱯᱟᱹᱴᱷᱣᱟᱹ ᱠᱩ ᱞᱟᱹᱜᱤᱫᱽ ᱩᱫᱽᱜᱟᱹᱣᱟᱱᱟᱜᱽ ᱦᱚᱸ ᱠᱟᱱᱟ ᱾
"हाँ, आप सही कह रहे हैं।","ᱦᱮᱸ, ᱟᱢ ᱫᱚᱢ ᱡᱚᱛᱷᱟᱛ ᱜᱤᱭᱟ ᱾"
"एक आरक्षण नीति भी है, यानी राज्य/केंद्र शासित प्रदेश के हर अल्पसंख्यक समुदाय की छात्राओं के लिए 30% छात्रवृत्तियाँ निर्धारित हैं।","ᱚᱸᱰᱮ ᱢᱤᱫᱴᱟᱝ ᱨᱤᱡᱟᱨᱵᱮᱥᱚᱱ ᱟᱹᱨᱤ ᱢᱮᱱᱟᱜᱽᱼᱟ, ᱚᱱᱟ ᱫᱚ ᱢᱤᱫᱴᱟᱝ ᱯᱚᱱᱚᱛ/ᱤᱭᱩᱴᱤ ᱨᱮ ᱢᱤᱢᱤᱫᱽ ᱢᱟᱭᱱᱚᱨᱤᱴᱤ ᱠᱚᱢᱤᱴᱤᱨᱮᱱ ᱛᱤᱨᱞᱟᱹ ᱦᱚᱯᱚᱱᱯᱟᱹᱴᱷᱣᱟᱹᱠᱩ ᱞᱟᱹᱜᱤᱫᱽ ᱪᱤᱱᱦᱟᱹᱣᱟᱠᱟᱱᱟ ᱾"
"ओह, यह तो बहुत ही अच्छा है।","ᱳᱦ, ᱚᱱᱟ ᱫᱚ ᱟᱹᱰᱤ ᱢᱚᱡᱽ ᱾"
यह छात्रवृत्ति कब तक चलेगी?,ᱱᱤᱭᱟᱹ ᱥᱠᱚᱞᱟᱨᱥᱤᱯ ᱫᱚ ᱛᱤᱱᱟᱹᱜᱽᱫᱤᱱ ᱛᱟᱦᱮᱸᱱᱟ ?
छात्रवृत्ति सम्पूर्ण शैक्षणिक वर्ष /पाठ्यक्रम के लिए दी जाएगी।,ᱥᱠᱚᱞᱟᱨᱥᱤᱯ ᱫᱚ ᱯᱩᱨᱟᱹ ᱮᱠᱟᱰᱮᱢᱤᱠ ᱥᱮᱨᱢᱟ/ᱠᱳᱨᱥ ᱞᱟᱹᱜᱤᱫᱽ ᱮᱢᱚᱜᱚᱜᱽᱼᱟ ᱾
"और पूरे शैक्षणिक वर्ष के लिए रखरखाव भत्ते के रूप में रु.10,000/- की एक मुश्त राशि होस्टल में रहने वालों के लिए और गैर छात्रावासी विद्यार्थियों के लिए रु.5,000/-की एक मुश्त राशि दी जाएगी।","ᱟᱨ ᱧᱮᱞᱡᱚᱛᱚᱱ ᱵᱷᱟᱛᱟ ᱞᱮᱠᱟᱛᱮ ᱦᱳᱥᱴᱮᱞᱟᱨᱠᱩ ᱞᱟᱹᱜᱤᱫᱽ ᱢᱤᱫᱽ ᱮᱠᱟᱰᱮᱢᱤᱠ ᱥᱮᱨᱢᱟᱨᱮ ᱑᱐,᱐᱐᱐/ᱼ ᱴᱟᱠᱟ ᱟᱨ ᱫᱤᱱᱟᱹᱢ ᱥᱠᱚᱞᱟᱨᱠᱩ ᱞᱟᱹᱜᱤᱫᱽ ᱕,᱐᱐᱐/ᱼ ᱴᱟᱠᱟ ᱡᱩᱲᱩ ᱛᱷᱚᱠ ᱞᱮᱠᱟᱛᱮ ᱮᱢᱚᱜᱚᱜᱽᱼᱟ ᱾"
बढ़िया है! तो इस छात्रवृत्ति के लिए कैसे अप्लाई करना चाहिए?,ᱟᱹᱰᱤ ᱢᱚᱡᱽ ! ᱥᱠᱚᱞᱟᱨᱥᱤᱯ ᱞᱟᱹᱜᱤᱫᱽ ᱪᱮᱠᱟᱛᱮ ᱟᱨᱡᱤ ᱜᱟᱱᱚᱜᱽᱼᱟ ?
यह योजना राष्ट्रीय छात्रवृत्ति पोर्टल (एन.एस.पी.) के माध्यम से लागू की जाती है।,ᱥᱠᱤᱢ ᱫᱚ ᱱᱮᱥᱚᱱᱟᱞ ᱥᱠᱚᱞᱟᱨᱥᱤᱯ ᱯᱳᱨᱴᱟᱞ (ᱮᱱᱮᱥᱯᱤ) ᱛᱚᱨᱚᱯ ᱠᱷᱚᱱ ᱞᱟᱹᱜᱩᱣᱟᱠᱟᱱᱟ ᱾
यह सभी छात्रों के लिए अनिवार्य है कि वे ऑनलाइन आवेदन www.scholarships.gov.in वेबसाइट पर भरें।,ᱱᱤᱭᱟᱹ ᱫᱚ ᱡᱚᱛᱚ ᱯᱟᱹᱴᱷᱣᱟᱹᱠᱩ ᱰᱟᱵᱞᱩᱰᱟᱵᱞᱩᱰᱟᱵᱞᱩᱹᱥᱠᱚᱞᱟᱨᱥᱤᱯᱹᱜᱚᱵᱷᱹᱤᱱ ᱞᱮᱠᱟᱱ ᱳᱣᱮᱵᱥᱟᱭᱤᱴᱨᱮ ᱚᱱᱞᱟᱭᱤᱱᱛᱮ ᱟᱹᱨᱡᱤᱭ ᱫᱚ ᱜᱚᱬᱦᱮᱭᱟᱱᱜᱮᱭᱟ ᱾
यह उनके लिए उपयोगी होगा।,ᱱᱤᱭᱟᱹ ᱫᱚ ᱩᱝᱠᱩ ᱞᱟᱹᱜᱤᱫᱽ ᱞᱟᱹᱜᱽᱛᱤᱭᱟᱱᱟᱜᱽ ᱦᱩᱭᱩᱜᱽᱼᱟ ᱾
आप और विवरण राष्ट्रीय छात्रवृत्ति पोर्टल (एन.एस.पी.) से डाउनलोड कर सकते हैं।,ᱟᱢ ᱫᱚ ᱱᱮᱥᱚᱱᱟᱞ ᱥᱠᱚᱞᱟᱨᱥᱤᱯ ᱯᱳᱨᱴᱟᱞ ᱠᱷᱚᱱ ᱟᱨᱦᱚᱸ ᱵᱤᱪᱷᱱᱟᱹᱣᱛᱮᱢ ᱰᱟᱭᱩᱱᱞᱳᱰ ᱫᱟᱲᱮᱭᱟᱜᱽᱼᱟ ᱾
"ठीक है, सर। बहुत-बहुत धन्यवाद!","ᱥᱟᱹᱨᱤᱜᱤ, ᱢᱟᱦᱟᱥᱚᱭ ᱾ ᱟᱭᱢᱟ ᱟᱭᱢᱟ ᱥᱟᱨᱦᱟᱣ !"
स्वागत है।,ᱟᱢᱟᱜᱽ ᱥᱟᱹᱜᱩᱱ ᱫᱟᱨᱟᱢ ᱾
"नमस्कार, अगले महीने मेरी शादी होने वाली है।","ᱦᱮᱞᱳ, ᱫᱟᱨᱟᱭ ᱪᱟᱸᱫᱳ ᱨᱮ ᱤᱧᱟᱹᱜ ᱵᱟᱯᱞᱟ ᱦᱩᱭᱩᱜ ᱠᱟᱱᱟ ᱾"
क्या आप मुझे उसके लिए ज़रूरी कानूनी प्रोसीजर बता सकेंगे?,ᱟᱢ ᱪᱮᱫ ᱫᱟᱭᱟ ᱠᱟᱛᱮ ᱤᱧ ᱟᱹᱱ ᱦᱚᱨᱟ ᱵᱟᱨᱮᱛᱮᱢ ᱜᱟᱭᱤᱰ ᱫᱟᱲᱮ ᱟᱹᱧᱟ ?
मैं अपनी शादी को वैध कानूनी रूप किस प्रकार से दे सकती हूँ?,ᱤᱧ ᱪᱮᱠᱟ ᱞᱮᱠᱟᱛᱮ ᱤᱧᱟᱹᱜ ᱵᱟᱯᱞᱟ ᱫᱚ ᱢᱤᱫᱴᱟᱝ ᱟᱹᱨᱤᱭᱟᱱ ᱟᱹᱱ ᱦᱮᱱᱟᱜ ᱛᱮᱫ ᱫᱟᱲᱮᱭᱟᱜᱼᱟᱧ ᱾
किसी भी विवाह को कानूनी रूप से वैध माने जाने के लिए उसका रजिस्ट्रेशन कराना जरूरी है।,ᱢᱤᱫᱴᱟᱝ ᱵᱟᱯᱞᱟ ᱟᱹᱨᱤᱭᱟᱱ ᱥᱤᱠᱟᱹᱨ ᱠᱚᱨᱟᱣ ᱞᱟᱹᱜᱤᱫ ᱱᱤᱦᱟᱹᱛ ᱜᱮ ᱴᱷᱟᱲᱚ ᱜᱚᱴᱟ ᱦᱩᱭᱩᱜᱼᱟ ᱾
विवाह के रजिस्ट्रेशन की प्रक्रिया तब समाप्त होती है जब दूल्हा-दुल्हन को विवाह का प्रमाणपत्र मिल जाता है।,ᱵᱟᱯᱞᱟ ᱴᱷᱟᱲᱚᱜᱚᱴᱟᱭ ᱦᱚᱨᱟ ᱡᱟᱶᱟᱭ ᱟᱨ ᱡᱟᱶᱟᱭ ᱢᱤᱫᱴᱟᱝ ᱵᱟᱯᱞᱟ ᱨᱮᱭᱟᱜ ᱥᱤᱫ ᱥᱟᱠᱟᱢ ᱧᱟᱱᱟᱢ ᱛᱟᱞᱟᱛᱮ ᱢᱩᱪᱟᱹᱫ ᱮᱱᱟ ᱾
मुझे विवाह का प्रमाणपत्र कैसे मिलेगा?,ᱤᱧ ᱪᱮᱫ ᱞᱮᱠᱟᱛᱮ ᱢᱤᱫᱴᱟᱝ ᱵᱟᱯᱞᱟ ᱥᱤᱫ ᱥᱟᱠᱟᱢ ᱤᱧ ᱧᱟᱢ ᱫᱟᱲᱮᱭᱟᱜᱼᱟ ?
आपको अपनी शादी का रजिस्ट्रेशन कराने के लिए आवेदन करते हुए एक एफिडेविट जमा करना होगा।,ᱟᱢᱟᱜ ᱵᱟᱯᱞᱟ ᱴᱷᱟᱲᱚᱜᱚᱴᱟᱭ ᱞᱟᱹᱜᱤᱫ ᱟᱢ ᱢᱤᱫᱴᱟᱝ ᱦᱚᱞᱚᱯᱱᱟᱢᱟ ᱡᱚᱢᱟ ᱦᱩᱭᱩᱜ ᱛᱟᱢᱟ ᱾
वर-वधू अपने विवाह के लिए संयुक्त एफिडेविट जमा कर सकते हैं या फिर अलग-अलग एफिडेविट भी जमा कर सकते हैं।,"ᱢᱤᱫᱴᱟᱝ ᱡᱩᱨᱩᱯᱟᱹᱨᱤ ᱟᱠᱤᱱᱟᱜ ᱵᱟᱯᱞᱟ ᱞᱟᱹᱜᱤᱫ ᱢᱤᱫᱴᱟᱝ ᱢᱤᱫ ᱠᱟᱛᱮ ᱦᱚᱯᱚᱯᱱᱟᱢᱟ ᱡᱚᱢᱟ ᱫᱟᱲᱮᱭᱟᱜᱼᱟᱢ, ᱵᱟᱝᱠᱷᱟᱱ ᱩᱱᱠᱩ ᱢᱤᱫᱴᱟᱝ ᱵᱷᱮᱜᱟᱨ ᱦᱚᱞᱚᱯᱱᱟᱢᱟ ᱡᱚᱢᱟ ᱞᱟᱹᱜᱤᱫ ᱵᱟᱪᱷᱟᱣ ᱫᱟᱲᱮᱭᱟᱜᱼᱟᱢ ᱾"
क्या इन दोनों में कोई फर्क है?,ᱵᱟᱱᱟᱨ ᱛᱟᱞᱟᱨᱮ ᱡᱟᱦᱟᱸᱱ ᱵᱷᱮᱜᱮᱫ ᱢᱮᱱᱟᱜᱼᱟ ᱪᱮᱫ ?
कुछ ज्यादा फर्क नहीं होता लेकिन कुछ राज्यों में संयुक्त एफिडेविट जमा करना अनिवार्य है।,"ᱩᱫᱩᱜᱥᱚᱫᱚᱨ ᱞᱮᱠᱟᱛᱮ ᱩᱱᱟᱹᱜ ᱫᱚ ᱵᱟᱝ, ᱢᱮᱱᱠᱷᱟᱱ ᱠᱟᱹᱪ ᱯᱚᱱᱚᱛ ᱢᱤᱫᱴᱟᱝ ᱢᱤᱫᱟᱠᱟᱱ ᱦᱚᱞᱚᱯᱱᱟᱢᱟ ᱡᱚᱢᱟ ᱮᱢᱚᱜ ᱠᱚ ᱵᱚᱲᱦᱮ ᱠᱮᱫᱮᱭᱟ ᱾"
"अच्छा, तो शादी का रजिस्ट्रेशन कराने के लिए संयुक्त एफिडेविट भरने के क्या-क्या चरण होते हैं?","ᱡᱚᱛᱷᱟ ᱜᱮᱭᱟ, ᱵᱟᱯᱞᱟ ᱴᱷᱟᱲᱚ ᱜᱚᱴᱟᱭ ᱞᱟᱹᱜᱤᱫ ᱢᱤᱫᱟᱠᱟᱱ ᱦᱚᱞᱚᱯᱱᱟᱢᱟ ᱫᱟᱠᱷᱤᱞ ᱠᱚᱨᱟᱣ ᱞᱟᱹᱜᱤᱫ ᱯᱟᱹᱣᱲᱤᱠᱚ ᱪᱮᱫ ᱪᱮᱫ ?"
"भारत में शादियाँ दो अधिनियमों के तहत रजिस्टर की जा सकती हैं, विशेष विवाह अधिनियम 1954 और हिंदू विवाह अधिनियम 1955.","ᱵᱷᱟᱨᱚᱛ ᱨᱮ ᱵᱟᱨᱭᱟ ᱟᱹᱱ ᱨᱮᱭᱟᱜ ᱟᱶᱛᱟ ᱨᱮ ᱵᱟᱯᱞᱟ ᱴᱷᱟᱲᱚᱜᱚᱴᱟᱭ ᱠᱚᱨᱟᱣ ᱜᱟᱱᱚᱜᱼᱟ, ᱑᱙᱕᱔ ᱥᱟᱹᱦᱤᱛ ᱨᱮᱭᱟᱜ ᱥᱚᱨᱮᱥ ᱵᱟᱯᱞᱟ ᱟᱹᱱ ᱟᱨ ᱑᱙᱕᱕ ᱥᱟᱹᱦᱤᱛ ᱨᱮᱭᱟᱜ ᱦᱤᱱᱫᱩ ᱵᱟᱯᱞᱟ ᱟᱹᱱ ᱾"
पहले वाला सभी पर लागू होता है चाहे वे किसी भी मत या धर्म के हों और इसमें विदेशों में रहने वाले भारतीय नागरिक भी शामिल हैं।,"ᱯᱩᱭᱞᱩᱣᱟᱜ ᱫᱚ ᱩᱱᱠᱩᱣᱟᱜ ᱯᱟᱹᱛᱭᱟᱹᱣ ᱥᱮ ᱫᱷᱚᱨᱚᱢ ᱢᱩᱪᱟᱹᱫ ᱞᱮᱠᱟᱛᱮ ᱡᱚᱛᱚᱦᱚᱲ ᱞᱟᱹᱜᱤᱫ ᱞᱟᱹᱠᱛᱤᱭᱟᱱ, ᱟᱨ ᱱᱚᱶᱟ ᱵᱤᱞᱟᱹᱛ ᱨᱮ ᱜᱤᱨᱟᱹᱵᱟᱹᱥᱤ ᱟᱠᱟᱱ ᱵᱷᱟᱨᱚᱛᱤᱭᱟᱹ ᱱᱟᱜᱚᱨᱤᱭᱟᱹᱠᱚ ᱥᱮᱞᱮᱫ ᱞᱮᱫ ᱠᱚᱣᱟ ᱾"
अंतर्धार्मिक विवाह भी इसी अधिनियम के तहत रजिस्टर किए जाते हैं।,ᱵᱷᱤᱛᱟᱹᱨᱫᱷᱚᱨᱚᱢ ᱨᱮᱭᱟᱜ ᱵᱟᱯᱞᱟ ᱦᱚᱸ ᱚᱱᱟ ᱟᱹᱱ ᱨᱮᱭᱟᱜ ᱟᱶᱛᱟᱨᱮ ᱴᱷᱟᱲᱚᱜᱚᱴᱟ ᱦᱩᱭᱩᱜ ᱛᱟᱢᱟ ᱾
"दूसरा वाला दो हिंदुओं पर लागू होता है जिनमें जैन, बौद्ध और सिख भी आ जाते हैं।","ᱛᱟᱭᱚᱢ ᱛᱮᱭᱟᱜ ᱫᱚ ᱵᱟᱨᱭᱟ ᱦᱤᱱᱫᱩ ᱞᱟᱹᱜᱤᱫ ᱢᱤᱫᱴᱟᱝ ᱠᱟᱹᱢᱤ, ᱡᱟᱦᱟᱸ ᱡᱚᱭᱱᱚ,ᱵᱚᱭᱫᱽᱷᱚ ᱟᱨ ᱥᱤᱠᱷ ᱠᱚ ᱞᱟᱹᱜᱤᱫ ᱯᱟᱥᱱᱟᱣ ᱾"
विशेष विवाह अधिनियम के तहत संयुक्त एफिडेविट जमा करने के लिए क्या-क्या करना होता है?,ᱥᱚᱨᱮᱥ ᱵᱟᱯᱞᱟ ᱟᱹᱱ ᱟᱶᱛᱟ ᱨᱮ ᱢᱤᱫᱴᱟᱝ ᱢᱤᱫᱟᱠᱟᱱ ᱦᱚᱞᱚᱯᱱᱟᱢᱟ ᱡᱚᱢᱟ ᱮᱢᱚᱜ ᱞᱟᱹᱜᱤᱫ ᱚᱠᱟ ᱯᱟᱹᱣᱲᱤ ᱠᱚ ᱯᱟᱡᱟᱸᱭ ᱦᱩᱭᱩᱜᱼᱟ ?
सबसे पहले होने वाली शादी का नोटिस आपके जिले के विवाह रजिस्ट्रार के यहाँ दर्ज किया जाना चाहिए।,"ᱯᱩᱭᱞᱩ ᱨᱮ, ᱟᱢᱟᱜ ᱯᱚᱱᱚᱛ ᱨᱮ ᱢᱮᱨᱮᱡ ᱨᱮᱡᱤᱥᱴᱟᱨ ᱴᱷᱮᱱ ᱤᱪᱪᱷᱟᱹᱟᱱᱟᱜ ᱵᱟᱯᱞᱟ ᱨᱮᱭᱟᱜ ᱢᱤᱫᱴᱟᱝ ᱧᱮᱛᱮᱞ ᱡᱚᱢᱟ ᱦᱩᱭᱩᱜ ᱛᱟᱢᱟ ᱾"
यह उसी जगह से दर्ज किया जा सकता है जहां दोनों में से कोई भी पक्ष कम से कम तीस दिनों तक रहा हो।,ᱱᱚᱶᱟ ᱫᱚ ᱥᱩᱢᱩᱝ ᱢᱤᱫᱴᱟᱝ ᱡᱟᱭᱜᱟ ᱠᱷᱚᱱ ᱯᱷᱟᱭᱤᱞ ᱠᱚᱨᱟᱣ ᱜᱟᱱᱚᱜᱼᱟ ᱡᱟᱦᱟᱸ ᱨᱮ ᱵᱟᱱᱟᱨ ᱯᱟᱦᱴᱟ ᱠᱚᱢᱠᱟᱨᱛᱮ ᱯᱮ ᱜᱮᱞ ᱞᱟᱹᱜᱤᱫ ᱠᱚ ᱜᱤᱨᱟᱹᱵᱟᱥ ᱟᱠᱟᱱᱟ ᱾
यह नोटिस फिर रजिस्ट्रार के ऑफिस के नोटिस बोर्ड पर लगाया जाता है जिससे अगर किसी को भी इस शादी से एतराज हो तो वह अपनी आपत्ति पेश कर सके।,ᱱᱚᱶᱟ ᱱᱳᱴᱤᱥ ᱫᱚ ᱩᱱᱚᱠᱛᱮ ᱨᱮᱡᱤᱥᱴᱟᱨ ᱚᱯᱷᱤᱥ ᱨᱮ ᱱᱳᱴᱤᱥ ᱵᱳᱨᱰ ᱨᱮ ᱩᱫᱩᱜᱥᱚᱫᱚᱨ ᱦᱩᱭᱩᱜ ᱡᱟᱦᱟᱸᱛᱮ ᱡᱳᱴᱠᱚ ᱵᱤᱨᱩᱫ ᱨᱮ ᱟᱯᱚᱛᱛᱤ ᱠᱟᱛᱮ ᱱᱚᱝᱠᱟᱱ ᱡᱟᱦᱟᱸᱞᱮᱠᱟᱱ ᱟᱯᱱᱟᱨ ᱟᱱᱟᱜ ᱞᱟᱦᱟ ᱦᱮᱡᱩᱜ ᱟᱭ ᱾
अगर 30 दिनों के भीतर शादी के खिलाफ कोई आपत्ति पेश नहीं की जाती तो क्या फिर शादी विधिपूर्वक सम्पन्न की जा सकती है?,"ᱡᱚᱫᱤ ᱡᱟᱦᱟᱸᱭ ᱓᱐ ᱢᱟᱦᱟ ᱢᱩᱫᱽᱨᱮ ᱡᱳᱴᱨᱮ ᱵᱟᱝᱠᱚ ᱟᱯᱚᱛᱛᱤᱭᱟ , ᱮᱱᱠᱷᱟᱱ ᱪᱮᱫ ᱵᱟᱯᱞᱟ ᱦᱩᱭᱩᱜᱼᱟ ?"
"हाँ, दूल्हा और दुल्हन को प्रत्येक पक्ष के 3 गवाहों की मौजूदगी में शादी करने के लिए ऑफिस में बुलाया जाता है।","ᱦᱮᱸ, ᱡᱟᱶᱟᱭ ᱟᱨ ᱵᱟᱹᱦᱩ ᱵᱟᱱᱟᱨ ᱯᱟᱦᱴᱟ ᱨᱮᱱ ᱓ ᱦᱚᱲ ᱥᱟᱹᱠᱷᱤᱭᱟᱜ ᱦᱮᱡᱥᱮᱴᱮᱨ ᱨᱮ ᱩᱱᱠᱤᱱᱟᱜ ᱵᱟᱯᱞᱟ ᱨᱮᱭᱟᱜ ᱟᱠᱷᱟᱲᱟ ᱞᱟᱹᱜᱤᱫ ᱚᱯᱷᱤᱥ ᱨᱮ ᱠᱚ ᱦᱚᱦᱚᱣᱟᱜ ᱠᱤᱱᱟᱹ ᱾"
इन छः के छः गवाहों को रजिस्टर में हस्ताक्षर करने होते हैं।,ᱱᱩᱠᱩ ᱛᱩᱨᱩᱭᱦᱚᱲ ᱥᱟᱹᱠᱷᱤᱭᱟᱜ ᱡᱚᱛᱚᱜᱮ ᱨᱮᱡᱤᱥᱴᱟᱨ ᱨᱮ ᱥᱩᱦᱤ ᱦᱩᱭᱩᱜᱼᱟ ᱾
ये हिंदू विवाह अधिनियम की प्रक्रिया से किस प्रकार से अलग है?,ᱪᱮᱫ ᱞᱮᱠᱟᱛᱮ ᱦᱤᱱᱫᱩ ᱵᱟᱯᱞᱟ ᱟᱹᱱ ᱞᱟᱹᱜᱤᱫ ᱦᱚᱨᱟ ᱵᱷᱮᱜᱟᱨ ᱜᱮᱭᱟ ?
पति-पत्नी दोनों को एक आवेदन पत्र भरना पड़ता है और उनके विवाह समारोह की दो तस्वीरें तथा शादी का कार्ड जमा करना होता है।,ᱡᱩᱨᱤᱯᱟᱹᱨᱤ ᱫᱚ ᱢᱤᱫᱴᱟᱝ ᱟᱨᱫᱟᱥ ᱥᱟᱠᱟᱢ ᱯᱮᱨᱮᱡ ᱦᱩᱭᱩᱜ ᱛᱟᱢᱟ ᱟᱨ ᱩᱱᱠᱩᱣᱟᱜ ᱵᱟᱯᱞᱟ ᱟᱠᱷᱟᱲᱟ ᱨᱮᱭᱟᱜ ᱵᱟᱨᱭᱟ ᱪᱤᱪᱟᱹᱨ ᱟᱨ ᱱᱚᱶᱟ ᱞᱟᱹᱜᱤᱫ ᱢᱤᱫᱴᱟᱝ ᱱᱮᱣᱛᱟ ᱠᱟᱨᱰ ᱡᱚᱢᱟ ᱦᱩᱭᱩᱜ ᱛᱟᱢᱟ ᱾
"दोनों पक्षों को अपनी पहचान, उम्र और पते के प्रमाण जमा करने होंगे।","ᱵᱟᱱᱟᱨ ᱯᱟᱦᱴᱟ ᱜᱮ ᱟᱠᱚᱣᱟᱜ ᱩᱯᱨᱩᱢ, ᱩᱢᱮᱨ ᱟᱨ ᱴᱷᱤᱠᱟᱹᱱᱟ ᱨᱮᱭᱟᱜ ᱥᱟᱹᱵᱩᱫ ᱡᱚᱢᱟ ᱦᱩᱭᱩᱜ ᱛᱟᱢᱟ ᱾"
शादी के समय उन दोनों के कोई जीवित साथी नहीं हैं- इस बात को स्थापित करते अलग-अलग एफिडेविट पहले से नोटरी द्वारा प्रमाणित करा कर जमा करने होंगे।,ᱵᱷᱮᱜᱟᱨ ᱦᱚᱞᱚᱯᱱᱟᱢᱟ ᱨᱚᱲᱥᱚᱫᱚᱨ ᱞᱮᱫᱟᱭ ᱡᱮ ᱵᱟᱯᱞᱟ ᱚᱠᱛᱮ ᱩᱱᱠᱩᱣᱟᱜ ᱚᱠᱟ ᱵᱟᱧᱪᱟᱣ ᱵᱟᱹᱦᱩ ᱵᱟᱱᱩᱭᱟ ᱚᱱᱟ ᱞᱟᱦᱟ ᱱᱳᱴᱟᱨᱤ ᱠᱟᱛᱮ ᱡᱚᱢᱟ ᱦᱩᱭᱩᱜ ᱛᱟᱢᱟ ᱾
क्या कोई समय सीमा है जिस बीच में विवाह का रजिस्ट्रेशन कराना जरूरी है?,ᱚᱠᱟ ᱚᱠᱛᱮᱱᱟᱝ ᱢᱮᱱᱟᱜᱼᱟ ᱡᱟᱦᱟᱸ ᱢᱩᱫᱨᱟ ᱢᱤᱫᱦᱚᱲ ᱩᱱᱠᱩᱣᱟᱜ ᱵᱟᱯᱞᱟ ᱴᱷᱟᱲᱚᱜᱟᱴᱟᱭ ᱦᱩᱭᱩᱜᱼᱟ ᱾
शादी के रजिस्ट्रेशन में गवाह कौन बन सकता है?,ᱵᱟᱯᱞᱟ ᱴᱷᱟᱲᱚᱜᱟᱴᱟᱭ ᱨᱮᱱ ᱥᱟᱹᱠᱷᱤ ᱚᱠᱚᱭ ᱦᱩᱭᱩᱜᱼᱟ ?
हिंदू विवाह अधिनियम के तहत आपको शादी के समारोह के एक महीने के भीतर शादी का रजिस्ट्रेशन करा लेना चाहिए।,"ᱦᱤᱱᱫᱩ ᱵᱟᱯᱞᱟ ᱟᱹᱱ ᱟᱶᱛᱟᱨᱮ, ᱟᱢ ᱵᱟᱯᱞᱟ ᱟᱠᱷᱟᱲᱟ ᱨᱮᱭᱟᱜ ᱢᱤᱫ ᱪᱟᱸᱫᱳ ᱢᱩᱫᱨᱮ ᱟᱢᱟᱜ ᱵᱟᱯᱞᱟ ᱴᱷᱟᱲᱚᱜᱚᱴᱟᱭ ᱦᱩᱭᱩᱜ ᱛᱟᱢᱟ ᱾"
"दूल्हा और दुल्हन, दोनों ही तीन गवाहों की मौजूदगी में रजिस्टर में हस्ताक्षर करते हैं।",ᱡᱟᱶᱟᱭ ᱟᱨ ᱡᱟᱶᱟᱭ ᱡᱚᱛᱚᱜᱮ ᱯᱮ ᱦᱚᱲ ᱥᱟᱹᱠᱷᱤ ᱠᱚᱣᱟᱜ ᱥᱮᱴᱮᱨ ᱨᱮ ᱨᱮᱡᱤᱥᱴᱟᱨ ᱨᱮᱠᱚ ᱥᱩᱦᱤ ᱠᱮᱫᱟ ᱾
दोनों ही पक्षों के माता-पिता या अभिभावक रजिस्ट्रेशन के दौरान मौजूद होने चाहिए।,ᱴᱷᱟᱲᱚᱭ ᱚᱠᱛᱮ ᱡᱚᱛᱚ ᱜᱟᱫᱮᱞ ᱨᱮᱱ ᱜᱚᱼᱵᱟᱵᱟ ᱥᱮ ᱜᱟᱹᱞᱤᱢ ᱠᱚᱣᱟᱜ ᱥᱮᱴᱮᱨ ᱛᱟᱦᱮᱸᱱ ᱦᱩᱭᱩᱜᱼᱟ ᱾
एफिडेविट के लिए किन दस्तावेज़ों की जरूरत पड़ेगी?,ᱦᱚᱞᱚᱯᱱᱟᱢᱟᱭ ᱞᱟᱹᱜᱤᱫ ᱚᱠᱟ ᱱᱚᱛᱷᱤ ᱞᱟᱹᱠᱛᱤ ᱢᱮᱱᱟᱜᱼᱟ ?
"आवेदन पत्र, पहचान प्रमाणपत्र, पते का प्रमाण, जन्म की तारीख का प्रमाण-पत्र, दुल्हन और दूल्हे की दो पासपोर्ट तस्वीरें एकदम आवश्यक हैं।","ᱟᱹᱨᱡᱤᱥᱟᱠᱟᱢ, ᱟᱭᱰᱤ ᱯᱨᱩᱯ, ᱴᱷᱤᱠᱟᱹᱱᱟ ᱨᱮᱭᱟᱜ ᱥᱟᱵᱩᱫ, ᱡᱟᱱᱟᱢ ᱢᱟᱹᱦᱤᱛ ᱨᱮᱭᱟᱜ ᱥᱟᱵᱩᱫ, ᱡᱟᱶᱟᱭ ᱟᱨ ᱵᱟᱹᱦᱩᱣᱟᱜ ᱵᱟᱱᱟᱨ ᱯᱟᱥᱯᱳᱴ ᱪᱤᱛᱟᱹᱨ ᱱᱤᱦᱟᱹᱛᱜᱮ ᱞᱟᱹᱠᱛᱤ ᱢᱮᱱᱟᱜᱼᱟ ᱾"
"अगर कोई तलाकशुदा या विधवा / विधुर है, तो तलाक का न्यायिक निर्णय या फिर पिछले साथी की मृत्यु का प्रमाण-पत्र लगाना जरूरी है।",ᱵᱟᱯᱟᱜ ᱥᱮ ᱨᱟᱸᱰᱤ/ᱵᱤᱫᱷᱩᱣᱟᱜ ᱴᱷᱟᱶ ᱨᱮ ᱵᱟᱯᱟᱜ ᱰᱤᱜᱨᱤ ᱥᱮ ᱦᱟᱦᱟᱛᱮᱱ ᱵᱟᱹᱦᱩᱣᱟᱜ ᱜᱚᱡ ᱥᱤᱫ ᱥᱟᱠᱟᱢ ᱞᱟᱹᱠᱛᱤ ᱢᱮᱱᱟᱜᱼᱟ ᱾
"हैलो, मैं पहली बार ई-वीज़ा के लिए एप्लाई कर रही हूँ।","ᱦᱮᱞᱳ, ᱱᱮ ᱯᱩᱭᱞᱩ ᱫᱷᱚᱢ ᱤᱼᱵᱷᱤᱥᱟᱨ ᱞᱟᱹᱜᱤᱫ ᱤᱧ ᱟᱹᱨᱡᱤᱭᱮᱫᱟ ᱾"
मुझे उम्मीद है कि आप मुझे बताएंगे कि एप्लाई करने के लिए मुझे कौन-कौन से डॉक्यूमेंट चाहिए।,ᱤᱧ ᱟᱥᱟᱭᱮᱫ ᱛᱟᱦᱮᱸ ᱠᱟᱱᱟ ᱟᱢ ᱤᱧ ᱮᱢ ᱞᱟᱹᱭ ᱫᱟᱲᱮ ᱟᱹᱧᱟᱹ ᱤᱧᱟᱹᱜ ᱟᱹᱨᱡᱤ ᱞᱟᱹᱜᱤᱫ ᱪᱮᱫ ᱪᱮᱫ ᱱᱚᱛᱷᱤ ᱞᱟᱹᱠᱛᱤᱭᱟ ᱾
"बिल्कुल, अच्छा किया कि आपने मुझे कॉल कर लिया।","ᱱᱤᱦᱟᱹᱛ ᱜᱮ, ᱤᱧ ᱟᱹᱰᱤ ᱨᱟᱹᱥᱠᱟᱹᱧ ᱟᱹᱭᱠᱟᱹᱣ ᱮᱫᱟ ᱡᱮ ᱟᱢ ᱤᱧ ᱮᱢ ᱦᱚᱦᱚ ᱟᱠᱟᱫᱤᱧᱟᱹ ᱾"
क्या मैं जान सकती हूँ कि आपको कौन-से देश के लिए वीज़ा चाहिए?,ᱤᱧ ᱪᱮᱫ ᱤᱧ ᱠᱩᱞᱤ ᱫᱟᱲᱮᱭᱟᱢᱟ ᱟᱢᱟᱜ ᱚᱠᱟ ᱫᱤᱥᱚᱢ ᱨᱮᱭᱟᱜ ᱵᱷᱤᱥᱟ ᱞᱟᱜᱟᱜᱼᱟ ?
मुझे इंडिया के लिए टूरिस्ट वीज़ा चाहिए।,ᱤᱧᱟᱹᱜ ᱵᱷᱟᱨᱚᱛ ᱨᱮᱭᱟᱜ ᱞᱟᱹᱜᱤᱫ ᱢᱤᱫᱴᱟᱝ ᱴᱩᱨᱤᱥᱴ ᱵᱷᱤᱥᱟ ᱫᱚᱨᱠᱟᱨ ᱾
मैं एक हफ़्ते के लिए जाऊँगी।,ᱤᱧ ᱢᱤᱫ ᱥᱟᱯᱛᱟ ᱞᱟᱹᱜᱤᱫ ᱤᱧ ᱛᱩᱝᱠᱷᱤ ᱛᱚᱞᱚᱥᱟ ᱾
"ठीक है, सबसे ज़रूरी डॉक्यूमेंट जो आपके पास होना चाहिए वो है पासपासपोर्ट।","ᱡᱚᱛᱷᱟᱛ ᱜᱮᱭᱟ, ᱟᱢᱟᱜ ᱡᱚᱛᱚᱠᱷᱚᱱ ᱞᱟᱹᱠᱛᱤᱭᱟᱱᱟᱜ ᱱᱚᱛᱷᱤ ᱫᱚ ᱢᱤᱫᱴᱟᱝ ᱯᱟᱥᱯᱳᱴ ᱞᱟᱹᱠᱛᱤ ᱾"
आपको यह जाँच लेना होगा कि पासपोर्ट इंडिया में पहुँचने की तारीख़ से कम से कम छह महीने तक के लिए वैध है।,ᱟᱢ ᱴᱷᱤᱠᱟᱹ ᱦᱩᱭᱩᱜ ᱛᱟᱢᱟ ᱡᱮ ᱯᱟᱥᱯᱳᱴ ᱫᱚ ᱵᱷᱟᱨᱚᱛ ᱨᱮ ᱦᱮᱡᱩᱜ ᱨᱮᱭᱟᱜ ᱢᱟᱦᱟ ᱨᱮ ᱠᱚᱢ ᱠᱟᱨᱛᱮ ᱛᱩᱨᱩᱭ ᱪᱟᱸᱫᱳ ᱞᱟᱹᱜᱤᱫ ᱟᱹᱨᱤᱭᱟᱱ ᱾
हमारे पास ऐसे कई केस आते हैं जो सिर्फ़ इसी कारण से ख़ारिज कर दिए जाते हैं।,ᱟᱞᱮ ᱟᱭᱢᱟ ᱠᱮᱥ ᱞᱮ ᱧᱟᱢᱟ ᱡᱟᱦᱟᱸ ᱠᱚ ᱱᱚᱶᱟ ᱚᱡᱮᱛᱮ ᱠᱷᱟᱨᱤᱡ ᱦᱩᱭᱩᱜᱼᱟ ᱾
"हाँ, मैंने पहले ही अपने पासपोर्स की वैधता चेक कर ली है और वह ठीक वैसी ही है जैसा आप बता रहे हैं।","ᱦᱮᱸ, ᱤᱧ ᱱᱮᱦᱟᱹᱞᱤᱜᱮ ᱤᱧᱟᱹᱜ ᱯᱟᱥᱯᱳᱴ ᱨᱮᱭᱟᱜ ᱟᱹᱨᱤᱭᱟᱱ ᱵᱤᱰᱟᱹᱣ ᱠᱟᱛᱮᱞᱮ ᱧᱮᱞᱟ, ᱟᱨ ᱟᱢ ᱡᱟᱦᱟᱸᱢ ᱢᱮᱱ ᱟᱠᱟᱫᱟ ᱚᱱᱟ ᱢᱟᱱᱟᱣ ᱠᱟᱛᱮ ᱪᱟᱞᱟᱜ ᱢᱮ ᱾"
क्या मुझे और किसी चीज़ की ज़रूरत होगी?,ᱤᱧᱟᱹᱜ ᱟᱨ ᱠᱟᱹᱪ ᱡᱟᱹᱨᱩᱲ ᱢᱮᱱᱟᱜᱼᱟ ᱪᱮᱫ ?
"हाँ, फिर ठीक है।","ᱡᱚᱛᱷᱟᱛ ᱜᱮᱭᱟ, ᱮᱱᱠᱷᱟᱱ ᱵᱷᱟᱜᱮ ᱾"
अगली चीज़ जो आपको लगेगी वह है वैध ईमेल आई.डी.।,ᱫᱚᱥᱟᱨ ᱡᱤᱱᱤᱥ ᱟᱢᱟᱜ ᱞᱟᱹᱠᱛᱤᱭᱟᱱ ᱢᱤᱫᱴᱟᱝ ᱪᱟᱞᱩ ᱤᱼᱢᱮᱞ ᱟᱭᱰᱤ ᱾
"प्लीज़ इसका भी ध्यान रखियेगा क्योंकि जब इंडियन वीज़ा प्रोसेस होकर स्वीकार हो जाता है, तो वह एप्लिकेशन पर दिए गए ईमेल पते पर सीधे भेज दिया जाता है।","ᱱᱮᱦᱚᱨ ᱥᱟᱞᱟᱜ ᱱᱚᱶᱟ ᱵᱟᱨᱮᱛᱮ ᱥᱚᱱᱛᱚᱨ ᱛᱟᱦᱮᱸᱱ ᱢᱮ, ᱡᱟᱦᱟᱸ ᱠᱷᱟᱹᱛᱤᱨ ᱱᱚᱶᱟ ᱢᱤᱫᱴᱟᱝ ᱵᱷᱟᱨᱚᱛᱤᱭᱟᱹ ᱵᱷᱤᱥᱟ ᱦᱚᱨᱟ ᱟᱱᱟᱜ ᱟᱨ ᱥᱟᱹᱠᱷᱤᱭᱟᱹᱛ ᱠᱚᱨᱟᱣ ᱟᱠᱟᱱᱟ, ᱱᱚᱶᱟ ᱥᱟᱢᱟᱝᱫᱟᱯᱨᱟᱢ ᱟᱹᱨᱡᱤᱨᱮ ᱮᱢᱟᱠᱟᱱ ᱤᱼᱢᱮᱞ ᱴᱷᱤᱠᱟᱹᱱᱟ ᱵᱷᱮᱡᱟ ᱦᱩᱭᱩᱜᱼᱟ ᱾"
अगर मैं पर्सनल के बजाय ऑफ़िशियल आई.डी. का इस्तेमाल करूँ तो चलेगा क्या?,ᱤᱧ ᱡᱚᱫᱤ ᱟᱯᱱᱟᱨ ᱟᱱᱟᱜ ᱟᱭᱰᱤ ᱵᱮᱣᱦᱟᱨ ᱵᱟᱝ ᱠᱟᱛᱮ ᱢᱤᱫᱴᱟᱝ ᱚᱯᱷᱤᱥᱤᱭᱟᱞ ᱟᱭᱰᱤ ᱵᱮᱣᱦᱟᱨᱼᱟ ᱮᱱᱠᱷᱟ ᱪᱮᱫ ᱡᱚᱛᱷᱟᱛ ᱢᱮᱱᱟᱜᱼᱟ ?
मैं अपने पर्सनल आई.डी. पर मेल बहुत ज़्यादा बार चेक नहीं करती।,ᱤᱧ ᱤᱧᱟᱹᱜ ᱟᱯᱱᱟᱨ ᱟᱱᱟᱜ ᱢᱮᱞᱠᱚ ᱜᱷᱟᱱᱮ ᱜᱮ ᱵᱟᱹᱧ ᱪᱮᱠᱼᱟ ᱾
उससे कोई फ़र्क नहीं पड़ता।,ᱱᱚᱶᱟ ᱚᱠᱟ ᱵᱮᱯᱟᱨ ᱵᱟᱝ ᱠᱟᱱᱟ ᱾
"ई-मेल पता चालू होना चाहिए, बस।","ᱤᱼᱢᱮᱞ ᱮᱰᱨᱮᱥ ᱫᱚ ᱪᱮᱜᱟᱸ ᱜᱮ ᱛᱟᱦᱮᱸᱱ ᱦᱩᱭᱩᱜ ᱛᱟᱢᱟ, ᱱᱚᱶᱟ ᱥᱩᱢᱩᱝ ᱾"
क्या मुझे बस इतनी ही चीज़ें लगेंगी?,ᱱᱚᱶᱟ ᱤᱧ ᱞᱟᱹᱠᱛᱤᱭᱟᱱ ᱡᱟᱦᱟᱸ ᱥᱩᱢᱩᱝ ᱫᱩᱨᱤᱵᱽ ?
ई-वीज़ा इंडिया प्रमाण से जुड़ी ज़रूरतें भी हैं जो इंडिया में ट्रैवल करने की अनुमति के लिए ज़रूरी हैं।,ᱱᱚᱶᱟ ᱪᱷᱟᱰᱟᱜᱮ ᱤᱼᱵᱷᱤᱥᱟ ᱤᱱᱰᱤᱭᱟ ᱨᱮᱭᱟᱜ ᱥᱟᱹᱵᱩᱫ ᱨᱮᱭᱟᱜ ᱞᱟᱹᱠᱛᱤᱭᱟᱱ ᱢᱮᱱᱟᱜᱼᱟ ᱡᱟᱦᱟᱸ ᱵᱷᱟᱨᱚᱛ ᱨᱮ ᱥᱟᱸᱜᱷᱟᱨ ᱨᱮᱭᱟᱜ ᱥᱟᱹᱠᱷᱤᱭᱟᱹᱛ ᱧᱟᱢᱚᱜ ᱞᱟᱹᱜᱤᱫ ᱞᱟᱹᱠᱛᱤᱭᱟᱱ ᱾
आवेदकों को अपने वैध पासपोर्ट के पहले पेज या बायोग्राफ़िकल पेज की स्कैन की हुई कलर कॉपी जमा करनी होगी।,ᱟᱹᱨᱡᱤᱟᱠᱟᱫᱠᱚ ᱟᱠᱚᱣᱟᱜ ᱟᱹᱨᱤᱟᱱ ᱯᱟᱥᱯᱳᱴ ᱨᱮᱭᱟᱜ ᱯᱩᱭᱞᱩ ᱥᱟᱦᱴᱟ ᱥᱮ ᱡᱤᱭᱚᱱ ᱪᱩᱨᱤᱛ ᱥᱟᱦᱴᱟ ᱨᱮᱭᱟᱜ ᱢᱤᱫᱴᱟᱝ ᱤᱥᱠᱮᱱ ᱠᱚᱨᱟᱣ ᱨᱚᱝᱤᱱ ᱠᱚᱯᱤ ᱡᱚᱢᱟ ᱦᱩᱭᱩᱜ ᱛᱟᱢᱟ ᱾
"हर आवेदक को हाल की पासपोर्ट-स्टाइल, कलर फ़ोटो भी जमा करनी होगा","ᱡᱚᱛᱚ ᱟᱹᱨᱡᱤᱟᱠᱟᱫ ᱠᱚ ᱢᱤᱫᱴᱟᱝ ᱱᱟᱦᱟᱜ ᱯᱟᱥᱯᱳᱴᱼᱤᱥᱴᱟᱭᱤᱞ, ᱨᱚᱝᱤᱱ ᱪᱤᱛᱟᱹᱨ ᱡᱚᱢᱟ ᱦᱩᱭᱩᱜ ᱛᱟᱢᱟ ᱾"
यह तो बहुत सारी चीज़ें हैं।,ᱡᱟᱦᱟᱸ ᱤᱥᱯᱷᱤᱠᱮᱥᱚᱱ ᱵᱮᱥ ᱟᱭᱢᱟ ᱾
मैं लिख लेती हूँ ताकि कहीं भूल न जाऊँ।,ᱤᱧ ᱱᱚᱶᱟ ᱱᱳᱴᱼᱟ ᱟᱹᱧ ᱡᱟᱦᱟᱸᱛᱮ ᱤᱧ ᱵᱟᱹᱧ ᱦᱤᱲᱤᱧ ᱾
यह अच्छा रहेगा।,ᱱᱚᱶᱟ ᱟᱹᱰᱤ ᱵᱷᱟᱜᱮ ᱩᱭᱦᱟᱹᱨ ᱵᱷᱟᱵᱱᱟ ᱾
आपके पास डेबिट या क्रेडिट कार्ड भी होना चाहिए।,ᱟᱢᱟᱜ ᱢᱤᱫᱴᱟᱝ ᱰᱮᱵᱤᱴ ᱥᱮ ᱠᱨᱮᱰᱤᱴ ᱠᱟᱨᱰ ᱦᱚᱸ ᱞᱟᱹᱠᱛᱤ ᱾
"हाँ, मेरे पास एक है।","ᱡᱚᱛᱷᱟᱛ ᱜᱮᱭᱟ, ᱤᱧᱟᱹᱜ ᱜᱚᱵᱚᱞ ᱨᱮ ᱢᱤᱫᱴᱟᱝ ᱢᱮᱱᱟᱜᱼᱟ ᱾"
"अगर मुझे कुछ पूछना हो, तो क्या मैं फिर कॉल कर सकती हूँ?",ᱤᱧᱟᱹᱜ ᱮᱴᱟᱜ ᱡᱟᱦᱟᱸᱱ ᱦᱤᱸᱫᱤᱡ ᱛᱟᱦᱮᱸ ᱞᱮᱱᱠᱷᱟᱱ ᱤᱧ ᱟᱵᱟᱨ ᱠᱚᱞ ᱞᱮᱠᱷᱟᱱ ᱪᱮᱫ ᱡᱚᱛᱷᱟᱛ ᱦᱩᱭᱩᱜᱼᱟ ?
"बिल्कुल, अगर आप कुछ और पूछना चाहें तो हमसे संपर्क कर सकती हैं।","ᱱᱤᱦᱟᱹᱛ ᱜᱮ, ᱡᱟᱦᱟᱸᱱ ᱠᱩᱠᱞᱤ ᱠᱷᱮᱛᱨᱚ ᱨᱮ ᱟᱞᱮᱭᱟᱜ ᱥᱟᱶᱛᱮ ᱵᱮᱜᱚᱨ ᱫᱷᱤᱜᱟᱹᱛᱟᱹ ᱛᱮ ᱡᱳᱜᱟᱡᱳᱜ ᱢᱮ ᱾"
मुझे इस साल एक विदेशी भाषा लेनी होगी।,ᱤᱧ ᱱᱚᱶᱟ ᱥᱮᱨᱢᱟ ᱠᱷᱚᱱ ᱢᱤᱫᱴᱟᱝ ᱵᱤᱞᱟᱹᱛ ᱯᱟᱹᱨᱥᱤ ᱦᱟᱛᱟᱣ ᱦᱩᱭᱩᱜ ᱛᱤᱧᱟᱹ ᱾
मैं तय नहीं कर पा रही हूँ कि कौन सी लूं।,ᱚᱠᱟᱴᱟᱜ ᱦᱟᱛᱟᱣ ᱦᱩᱭᱩᱜ ᱛᱤᱧᱟᱹ ᱤᱧ ᱵᱟᱹᱧ ᱴᱷᱤᱠᱟᱹ ᱟᱠᱟᱫᱟ ᱾
बहुत सारे ऑप्शन हैं।,ᱟᱭᱢᱟ ᱚᱯᱥᱚᱱ ᱢᱮᱱᱟᱜᱼᱟ ᱾
सच पूछो तो मैं कन्फ्यूज़ हूँ।,"ᱥᱟᱹᱨᱤ ᱢᱮᱱᱛᱮ ᱪᱮᱫ, ᱤᱧ ᱵᱷᱤᱲᱠᱟᱹᱣ ᱾"
तुम्हारे हिसाब से मुझे कौन सी भाषा लेनी चाहिए?,ᱤᱧᱟᱹᱜ ᱡᱟᱦᱟᱸᱱ ᱯᱟᱹᱨᱥᱤ ᱦᱟᱛᱟᱣ ᱞᱟᱹᱠᱛᱤ ᱢᱮᱱᱟᱜᱼᱟ ᱢᱮᱱᱛᱮ ᱟᱢ ᱢᱚᱱᱮᱭᱟ ?
मेरे हिसाब से तुम्हें वही लेनी चाहिए जो तुम्हें पसंद हो।,ᱤᱧ ᱟᱢ ᱠᱩᱥᱤ ᱠᱟᱛᱮ ᱱᱚᱝᱠᱟᱱ ᱢᱤᱫᱴᱟᱝ ᱵᱟᱪᱷᱟᱣ ᱞᱟᱹᱜᱤᱫ ᱯᱚᱨᱟᱢᱚᱨᱥᱚᱧ ᱮᱢᱟᱢᱟ ᱾
ऐसे में उसे सीखने में तुम्हारी दिलचस्पी बनी रहेगी।,"ᱱᱚᱣᱟ ᱞᱮᱠᱟᱛᱮ, ᱟᱢᱟᱜ ᱱᱚᱶᱟ ᱪᱮᱪᱮᱫ ᱨᱮᱭᱟᱜ ᱡᱷᱩᱸᱠ ᱛᱟᱦᱮᱸᱱᱟ ᱾"
"साथ ही, तुम्हें ऐसा भी नहीं लगेगा कि जोर-जबरदस्ती से तुम्हें पढ़नी पड़ रही है।","ᱱᱚᱶᱟ ᱪᱷᱟᱰᱟ, ᱟᱢ ᱱᱚᱶᱟ ᱪᱮᱫ ᱞᱟᱹᱜᱤᱫ ᱵᱚᱲᱦᱮ ᱟᱱᱟᱜ ᱵᱟᱢ ᱟᱹᱭᱠᱟᱹᱣᱼᱟ ᱾"
यही तो प्रॉब्लम है।,ᱚᱱᱟᱜᱮᱛᱚ ᱟᱹᱡᱷᱟᱴ ᱫᱚ ᱾
मुझे तो लगता है कि मुझे हर भाषा पसंद है।,ᱤᱧ ᱢᱚᱱᱮᱭᱟ ᱤᱧ ᱡᱚᱛᱚ ᱯᱟᱹᱨᱥᱤ ᱤᱧ ᱠᱩᱥᱤᱭᱟᱼᱟ ᱾
"अगर मैं ऐसा कर सकती, तो मैं तो सभी को चुन लेती।","ᱢᱮᱱᱠᱷᱟᱱ ᱤᱧᱟᱹᱜ ᱢᱤᱫᱴᱟᱝ ᱵᱷᱮᱜᱟᱨ ᱛᱟᱦᱮᱸ ᱠᱟᱱᱟ, ᱤᱧ ᱩᱱᱠᱩᱣᱟᱜ ᱡᱚᱛᱚᱧ ᱟᱸᱜᱚᱪᱟ ᱾"
अगले साल मैं केवल एक ही ले सकती हूँ।,"ᱫᱚᱥᱟᱨ ᱥᱮᱨᱢᱟ ᱞᱟᱹᱜᱤᱫ, ᱤᱧ ᱠᱮᱵᱚᱞ ᱢᱤᱫᱴᱟᱝ ᱤᱧ ᱦᱟᱛᱟᱣ ᱫᱟᱲᱮᱭᱟᱜᱼᱟ ᱾"
तो मैं कहूंगी कि तुम ऐसी भाषा लो जो तुम्हारे सबसे ज्यादा काम आए।,ᱮᱱᱠᱷᱟᱱ ᱤᱧ ᱟᱢ ᱞᱟᱹᱜᱤᱫ ᱡᱚᱛᱚᱠᱷᱚᱱ ᱡᱟᱹᱨᱩᱲᱟᱱ ᱢᱤᱫᱴᱟᱝ ᱯᱟᱹᱨᱥᱤ ᱦᱟᱛᱟᱣ ᱨᱮᱭᱟᱜ ᱯᱚᱨᱟᱢᱚᱨᱥᱚᱧ ᱮᱢᱟᱢᱟ ᱾
ऐसी जो भविष्य में तुम्हारे लिए उपयोगी रहे।,ᱡᱟᱦᱟᱸ ᱟᱜᱟᱢ ᱨᱮ ᱥᱚᱦᱚᱫᱤᱡ ᱦᱩᱭᱩᱜᱼᱟ ᱾
तुमने यह तय किया है क्या कि भविष्य में तुम क्या बनना चाहती हो?,ᱟᱢ ᱪᱮᱫ ᱟᱜᱟᱢ ᱨᱮ ᱪᱮᱫ ᱦᱩᱭᱩᱜ ᱥᱟᱱᱟᱢᱮᱭᱟ ᱚᱱᱟᱢ ᱴᱷᱟᱹᱣᱠᱟᱹ ᱟᱠᱟᱫᱟ ?
मैंने तो इस बारे में कुछ नहीं तय किया है।,ᱤᱧ ᱚᱱᱟᱞᱮᱠ ᱠᱟᱹᱪ ᱜᱚᱴᱟ ᱴᱷᱤᱠ ᱵᱟᱹᱧ ᱦᱟᱛᱟᱣ ᱟᱠᱟᱫᱟ ᱾
क्या तुम बता सकती हो कि किस क्षेत्र में कौन सी भाषा काम आएगी?,ᱟᱢ ᱤᱧᱮᱢ ᱞᱟᱹᱭ ᱫᱟᱲᱮ ᱟᱹᱧᱟᱹ ᱚᱠᱟ ᱯᱟᱹᱨᱥᱤ ᱚᱠᱟ ᱴᱷᱟᱶ ᱞᱟᱹᱜᱤᱫ ᱡᱟᱹᱨᱩᱲᱟᱱ ?
इससे बाद मुझे चुनने में बहुत मदद मिलेगी।,ᱛᱟᱭᱚᱢ ᱵᱟᱪᱷᱱᱟᱣ ᱠᱚᱨᱟᱣ ᱤᱧ ᱞᱟᱹᱜᱤᱫ ᱥᱟᱹᱨᱤᱜᱮ ᱫᱚᱦᱚᱫᱤᱡ ᱦᱩᱭᱩᱜᱼᱟ ᱾
"अगर तुम साहित्य लेना चाहती हो, तो फ्रेंच उसके लिए सबसे अच्छी रहेगी।",ᱟᱢ ᱡᱚᱫᱤ ᱥᱟᱶᱷᱮᱫ ᱟᱸᱜᱚᱪ ᱥᱟᱱᱟᱢᱮᱭᱟ ᱮᱱᱠᱷᱟᱱ ᱯᱷᱚᱨᱟᱥᱤ ᱦᱩᱭᱩᱜᱼᱟ ᱚᱱᱟ ᱞᱟᱹᱜᱤᱫ ᱥᱚᱨᱮᱥ ᱾
बहुत सारी साहित्यिक कृतियाँ हैं जो तुम पढ़ सकोगी।,ᱟᱢ ᱯᱟᱲᱦᱟᱣ ᱫᱟᱲᱮᱭᱟᱜᱼᱟ ᱡᱮ ᱥᱟᱶᱷᱮᱫ ᱠᱟᱹᱢᱤ ᱟᱹᱰᱤ ᱰᱷᱮᱨ ᱢᱮᱱᱟᱜᱼᱟ ᱾
अगर तुम एंटरटेनमेंट के फील्ड में जाना चाहती हो तो कोरियन फायदेमंद है।,"ᱟᱢ ᱡᱚᱫᱤ ᱨᱟᱹᱥᱠᱟᱹᱣᱟᱱ ᱴᱷᱟᱶ ᱨᱮ ᱡᱟᱸᱜᱟ ᱫᱚᱦᱚ ᱥᱟᱱᱟ ᱢᱮᱭᱟ, ᱠᱳᱨᱤᱭᱟᱱ ᱮ ᱜᱚᱲᱚ ᱟᱢᱟ ᱾"
के-पॉप और के-ड्रामा आजकल बहुत चल रहे हैं।,ᱠᱮᱼᱯᱚᱯ ᱟᱨ ᱠᱮᱼᱜᱟᱭᱟᱱᱠᱚ ᱛᱮᱦᱮᱧ ᱜᱟᱯᱟ ᱟᱭᱢᱟ ᱦᱚᱲᱠᱩᱥᱤᱭᱟᱱ ᱮ ᱧᱟᱢᱟ ᱾
टूरिज़्म के लिए स्पैनिश वाकई उपयोगी होगी।,ᱤᱥᱯᱮᱱᱤᱥ ᱥᱟᱹᱨᱤᱜᱮ ᱥᱟᱸᱜᱷᱟᱨ ᱞᱟᱹᱜᱤᱫ ᱞᱟᱹᱠᱛᱤᱭᱟᱱ ᱦᱩᱭᱩᱜᱼᱟ ᱾
ये सब सुनने में बहुत सही लग रहा है।,ᱱᱚᱶᱟ ᱡᱚᱛᱚ ᱪᱚᱢᱠᱚᱨᱚᱡ ᱥᱟᱵᱟᱫ ᱾
मुझे लगता है कि आगे की पढ़ाई करने के लिए मैं साइंस लूंगी।,ᱤᱧ ᱢᱚᱱᱮᱭᱟ ᱤᱧ ᱤᱧᱟᱹᱜ ᱟᱨᱦᱚᱸ ᱯᱟᱲᱦᱟᱣ ᱞᱟᱹᱜᱤᱫ ᱥᱟᱬᱮᱥ ᱤᱧ ᱦᱟᱛᱟᱣᱼᱟ ᱾
साइंस की पढ़ाई के लिए कौन-कौन सी भाषाएं सबसे ज़्यादा काम आएंगी?,ᱥᱟᱬᱮᱥᱤᱭᱟᱹ ᱠᱷᱚᱸᱫᱽᱨᱚᱱᱤᱭᱟᱹ ᱞᱟᱹᱜᱤᱫ ᱡᱚᱛᱚ ᱯᱟᱹᱨᱥᱤ ᱨᱮ ᱚᱠᱟᱫᱚ ᱥᱚᱨᱮᱥ ?
तुम्हारे लिए जर्मन भाषा सबसे सही रहेगी।,ᱡᱟᱨᱢᱟᱱ ᱟᱢ ᱞᱟᱹᱜᱤᱫ ᱥᱚᱨᱮᱥ ᱯᱟᱹᱨᱥᱤ ᱦᱩᱭᱩᱜᱼᱟ ᱾
"क्योंकि शुरू में अधिकतर डॉक्यूमेंट जर्मन में लिखे जाते थे, तो उससे तुम्हें फायदा होगा।","ᱚᱱᱟ ᱠᱷᱟᱹᱛᱤᱨ ᱰᱷᱮᱨᱜᱟᱱ ᱮᱛᱚᱦᱚᱵ ᱥᱟᱬᱮᱥᱤᱭᱟᱹ ᱱᱚᱛᱷᱤᱠᱚ ᱡᱟᱨᱢᱟᱱ ᱯᱟᱹᱨᱥᱤ ᱛᱮ ᱚᱞ ᱦᱩᱭ ᱞᱮᱱᱟ, ᱱᱚᱶᱟ ᱥᱟᱹᱨᱤᱜᱮ ᱥᱚᱦᱮᱫᱤᱡ ᱦᱩᱭᱩᱜᱼᱟ ᱾"
"इसके अलावा, जर्मनी में आगे की पढ़ाई के बहुत सारे अवसर हैं।","ᱚᱱᱟ ᱪᱷᱟᱰᱟ, ᱡᱟᱨᱢᱟᱱᱤ ᱨᱮ ᱟᱨᱦᱚᱸ ᱟᱭᱢᱟ ᱯᱟᱲᱦᱟᱣ ᱫᱟᱣ ᱢᱮᱱᱟᱜᱼᱟ ᱾"
लेकिन अगर तुम टेक्नोलॉजी में जाना चाहती हो तो मुझे लगता है चीनी भाषा बेहतर होगी।,"ᱮᱱᱠᱷᱟᱱ, ᱟᱢ ᱡᱚᱫᱤ ᱦᱚᱨᱟ ᱞᱮᱠᱟᱛᱮ ᱪᱟᱞᱟᱜ ᱥᱟᱱᱟᱢᱮᱭᱟ, ᱤᱧ ᱢᱚᱱᱮᱭᱟ ᱪᱤᱱᱟ ᱯᱟᱹᱨᱥᱤ ᱟᱸᱜᱚᱪ ᱵᱷᱟᱜᱮ ᱦᱩᱭᱩᱜᱼᱟ ᱾"
"जिस तेजी से वे नई टेक्नोलॉजीज़ ला रहे हैं, तुम्हें उनके कदम से कदम मिलाना होगा।",ᱩᱱᱠᱩ ᱡᱟᱦᱟᱸ ᱜᱚᱛᱤ ᱛᱮ ᱞᱟᱜᱟᱱᱠᱟᱹᱨᱤ ᱠᱚ ᱥᱟᱯᱲᱟᱣ ᱮᱫᱟ ᱚᱱᱟ ᱥᱟᱵ ᱞᱟᱹᱜᱤᱫ ᱟᱢᱟᱜ ᱱᱚᱶᱟ ᱞᱟᱹᱠᱛᱤ ᱦᱩᱭᱩᱜᱼᱟ ᱾
मुझे लगने लगा है कि इससे मुझे भविष्य में चुनने में बहुत मदद मिलेगी।,ᱤᱧ ᱴᱷᱤᱠᱟᱹᱭᱟ ᱡᱮ ᱱᱚᱶᱟ ᱟᱜᱟᱢ ᱨᱮ ᱵᱟᱪᱷᱱᱟᱣ ᱞᱟᱹᱜᱤᱫ ᱤᱧᱟᱹᱜ ᱞᱟᱹᱜᱤᱫ ᱥᱚᱦᱮᱫ ᱦᱩᱭᱩᱜᱼᱟ ᱾
मेरे सभी प्यारे स्टूडेंट्स को गुड मॉर्निंग।,ᱥᱟᱹᱜᱩᱱ ᱥᱮᱛᱟᱜ ᱤᱧᱨᱮᱱ ᱥᱟᱱᱟᱢ ᱫᱩᱞᱟᱹᱲᱤᱭᱟᱹ ᱯᱟᱹᱴᱷᱣᱟᱹᱠᱚ ᱾
उम्मीद है कि आप सब ठीक हैं।,ᱟᱥᱚᱜ ᱠᱟᱱᱟᱹᱧ ᱟᱯᱮ ᱥᱟᱱᱟᱢ ᱠᱚᱜᱮ ᱱᱟᱯᱟᱭ ᱢᱮᱱᱟᱜ ᱯᱮᱭᱟ
क्या आपको याद है कि कैसे हमने अपने पिछली क्लास में नदियों के बारे में बातें करना शुरू किया था?,ᱫᱤᱥᱟᱹᱭᱮᱫᱟᱯᱮ ᱟᱵᱳᱣᱟᱜ ᱢᱩᱪᱟᱹᱫ ᱠᱞᱟᱥᱨᱮ ᱪᱮᱫ ᱞᱮᱠᱟᱛᱮ ᱟᱵᱳ ᱱᱟᱹᱭ ᱤᱫᱤ ᱠᱟᱛᱮᱜ ᱠᱟᱛᱷᱟᱵᱚ ᱮᱛᱚᱦᱚᱵ ᱞᱮᱫᱟ ?
"क्या आप मुझे बता सकते हैं कि आप हमारे देश की कुछ प्रसिद्ध नदियों के बारे में, उनकी विशेषताओं के साथ आप क्या जानते हैं, ?","ᱟᱢ ᱪᱮᱫ ᱤᱧ ᱮᱢ ᱞᱟᱹᱭ ᱫᱟᱲᱮᱭᱟᱧᱟ ᱟᱵᱳ ᱫᱤᱥᱚᱢ ᱨᱮᱭᱟᱜ ᱠᱤᱪᱷᱤ ᱧᱩᱢ ᱩᱨᱩᱢ ᱵᱟᱹᱭ ᱵᱟᱨᱮᱛᱮ ᱡᱟᱦᱟᱸ ᱟᱢᱮᱢ ᱵᱟᱲᱟᱭᱟ, ᱮᱴᱟᱜ ᱵᱤᱥᱮᱥᱛᱟ ᱥᱟᱶᱛᱮ ?"
"गुड मॉर्निंग, मिस ली!","ᱥᱟᱹᱜᱩᱱ ᱥᱮᱛᱟᱜ, ᱢᱤᱥ ᱞᱤᱭᱟ !"
मुझे पिछली क्लास में बताई गई कुछ नदियाँ याद हैं।,ᱤᱧ ᱫᱤᱥᱟᱹᱭᱮᱫᱟ ᱢᱩᱪᱟᱹᱫ ᱠᱞᱟᱥ ᱨᱮᱭᱟᱜ ᱠᱤᱩᱪᱷᱤ ᱱᱟᱹᱭ ᱵᱟᱨᱮᱛᱮ ᱾
"हमने गंगा नदी से शुरुआत की थी, जिसे गैंजीज़ भी कहा जाता है, जो देश की सबसे लंबी नदी है, इसकी बहुत धार्मिक महत्ता है लेकिन इसके साथ ही, यह सबसे प्रदूषित नदियों में से एक है।","ᱟᱵᱳ ᱜᱟᱝᱜᱟ ᱱᱟᱹᱭ ᱛᱮᱵᱚᱱ ᱮᱛᱚᱦᱚᱵ ᱞᱮᱫᱟ, ᱡᱟᱦᱟᱸᱫᱚ ᱜᱟᱝᱜᱟ ᱦᱚᱸᱠᱚ ᱢᱮᱛᱟᱜᱼᱟ, ᱡᱟᱦᱟᱸᱫᱚ ᱵᱷᱟᱨᱚᱛ ᱨᱮᱭᱟᱜ ᱡᱚᱛᱚᱠᱷᱚᱱ ᱡᱮᱞᱮᱧ ᱱᱟᱹᱭ ᱠᱟᱱᱟ, ᱱᱚᱶᱟ ᱨᱮᱭᱟᱜ ᱫᱚ ᱫᱚᱨᱚᱢᱟᱱ ᱛᱮᱛᱮᱫ ᱢᱮᱱᱟᱜᱼᱟ, ᱢᱮᱱᱠᱷᱟᱱ ᱤᱱᱟᱹ ᱚᱠᱛᱚᱨᱮᱜᱮ, ᱱᱚᱶᱟᱫᱚ ᱡᱚᱛᱚᱠᱷᱚᱱ ᱵᱟᱹᱲᱛᱤ ᱵᱤᱥᱟᱹᱣ ᱟᱠᱟᱱ ᱱᱟᱹᱭ ᱠᱚ ᱢᱩᱫᱨᱮ ᱠᱟᱱᱟ ᱾"
"यह हिमाचल प्रदेश के गंगोत्री से शुरू होती है और इसकी लंबाई लगभग 2525 कि.मी. है, यह 15 से अधिक बड़े शहरों से बहती है।","ᱱᱚᱶᱟᱫᱚ ᱦᱤᱢᱟᱪᱚᱞ ᱯᱨᱚᱫᱮᱥ ᱨᱮᱭᱟᱜ ᱜᱟᱝᱜᱳᱛᱨᱤ ᱠᱷᱚᱱ ᱮᱛᱚᱦᱚᱵ ᱟᱠᱟᱱᱟ, ᱟᱨ ᱱᱚᱶᱟ ᱨᱮᱭᱟᱜ ᱡᱮᱞᱮᱧ ᱫᱚ ᱡᱟᱹᱱᱤᱡᱽ ᱒᱕᱒᱕ ᱠᱤᱢᱤ, ᱑᱕ ᱜᱚᱴᱟᱝ ᱠᱷᱚᱱ ᱵᱟᱹᱲᱛᱤ ᱢᱩᱲᱩᱫ ᱵᱷᱟᱨᱚᱛᱤᱭᱚ ᱥᱟᱦᱟᱨ ᱛᱟᱞᱟᱛᱮ ᱟᱹᱛᱩ ᱪᱟᱞᱟᱣ ᱟᱠᱟᱱᱟ ᱾"
"और हाँ, इसने दुनिया का सबसे बड़ा डेल्टा भी बनाया है: पश्चिम बंगाल में सुंदरवन।","ᱟᱨ ᱦᱮᱸ, ᱱᱚᱶᱟᱫᱚ ᱫᱷᱟᱹᱨᱛᱤ ᱨᱮᱭᱟᱜ ᱡᱚᱛᱚᱠᱷᱚᱱ ᱢᱟᱨᱟᱝ ᱵᱚᱼᱰᱷᱤᱯ ᱯᱚᱪᱷᱤᱢ ᱵᱟᱝᱜᱟᱞ ᱨᱮᱭᱟᱜ ᱥᱩᱱᱫᱚᱨᱵᱚᱱᱨᱮ ᱵᱮᱱᱟᱣ ᱟᱠᱟᱱᱟ ᱾"
तुम्हें इंडस के बारे में याद है?,ᱥᱤᱱᱫᱷᱩ ᱨᱮᱭᱟᱜ ᱠᱟᱛᱷᱟᱢ ᱩᱭᱦᱟᱹᱨ ᱮᱫᱟ ?
"इस नदी ने सबसे बड़ी प्राचीन मानव सभ्यता, सिंधु घाटी सभ्यता को बनाया है और इसका बहुत बड़ा ऐतिहासिक महत्व है।","ᱱᱚᱶᱟ ᱱᱟᱹᱭ ᱫᱚ ᱢᱟᱨᱟᱝ ᱩᱛᱟᱹᱨᱟᱱ ᱥᱮᱫᱟᱭ ᱢᱟᱹᱱᱢᱤ ᱥᱚᱥᱱᱚᱜ, ᱥᱤᱱᱫᱷᱩ ᱥᱚᱥᱱᱚᱜ ᱮ ᱡᱟᱱᱟᱢ ᱟᱠᱟᱫᱟ ᱟᱨ ᱢᱤᱫ ᱢᱟᱨᱟᱝ ᱱᱟᱜᱟᱢᱤᱭᱟᱹ ᱜᱚᱱᱚᱝ ᱮ ᱦᱟᱛᱟᱣ ᱟᱠᱟᱫᱟ ᱾"
"हाँ, और आपने कहा था कि इसे सिंधु भी कहते हैं।","ᱦᱮᱸ, ᱟᱢᱮᱢ ᱞᱟᱹᱭ ᱟᱠᱟᱫ ᱱᱚᱶᱟᱦᱚᱸ ᱥᱤᱱᱫᱷᱩ ᱠᱚ ᱢᱮᱱᱟ ᱾"
"यह चीन, पाकिस्तान और भारत से भी हो कर बहती है।","ᱱᱚᱶᱟᱫᱚ ᱪᱤᱱ, ᱯᱟᱠᱤᱥᱛᱟᱱ, ᱥᱟᱶ ᱥᱟᱶᱛᱮ ᱵᱷᱟᱨᱚᱛ ᱫᱤᱥᱚᱢ ᱛᱟᱞᱟ ᱛᱮᱦᱚᱸ ᱟᱹᱛᱩ ᱟᱠᱟᱱᱟ ᱾"
"भारत में इसका केवल पाँच फ़ीसदी हिस्सा है, इसके बावजूद यह सभ्यता के साथ-साथ अर्थव्यवस्था की दृष्टि से सबसे महत्वपूर्ण नदियों में से एक है।","ᱵᱷᱟᱨᱚᱛ ᱨᱮᱭᱟᱜ ᱢᱚᱬᱮ ᱥᱟᱭᱦᱤᱥ ᱦᱤᱸᱥ ᱢᱮᱱᱟᱜ ᱛᱟᱭᱟ, ᱮᱱᱛᱮᱦᱚᱸ ᱥᱚᱥᱱᱚᱜ ᱥᱟᱶ ᱥᱟᱶᱛᱮ ᱠᱟᱹᱣᱰᱤᱟᱹᱨᱤ ᱥᱮᱪ ᱛᱮᱦᱚᱸ ᱱᱚᱶᱟᱫᱚ ᱞᱟᱹᱠᱛᱤᱭᱟᱱ ᱱᱟᱹᱭ ᱠᱟᱱᱟ ᱾"
"मैम, आपने इंडिया और इंडस के संबंध के बारे में भी कुछ बताया था; क्या आप उस हिस्से को दोहरा सकती हैं?","ᱢᱟᱪᱮᱛᱟᱱᱤ, ᱟᱢ ᱵᱷᱟᱨᱚᱛ ᱟᱨ ᱥᱤᱱᱫᱷᱩ ᱟᱹᱲᱟᱹ ᱨᱮᱭᱟᱜ ᱡᱚᱯᱲᱟᱣ ᱵᱟᱨᱮᱛᱮ ᱠᱤᱪᱷᱤᱢ ᱞᱟᱹᱭ ᱞᱮᱫᱟ ; ᱟᱢ ᱪᱮᱫ ᱚᱱᱟ ᱫᱚᱲᱦᱟᱛᱮᱢ ᱞᱟᱹᱭᱟ ?"
उत्तर-पश्चिमी भारत से पाकिस्तान की ओर जाने वाले इंडस जलमार्ग का नाम संस्कृत के सिंधु से आया है।,ᱩᱛᱟᱹᱨᱼᱯᱚᱪᱷᱤᱢ ᱵᱦᱟᱨᱚᱛ ᱛᱟᱞᱟᱛᱮ ᱯᱟᱠᱤᱥᱛᱟᱱ ᱪᱟᱞᱟᱣ ᱟᱠᱟᱱ ᱥᱤᱱᱫᱷᱩ ᱫᱟᱜ ᱰᱟᱦᱟᱨ ᱨᱮᱭᱟᱜ ᱧᱩᱛᱩᱢ ᱥᱚᱝᱥᱠᱨᱤᱛ ᱟᱹᱲᱟᱹ ᱥᱤᱱᱫᱷᱩ ᱠᱷᱚᱱ ᱦᱮᱡᱽ ᱟᱠᱟᱱᱟ
"फ़ारसी लोगों ने इंडस जलमार्ग के आस-पास की भूमि को हिंदू कहा, जो संस्कृत के सिंधु का गलत रूप है और इस तरह इंडिया नाम इंडस से आया।","ᱯᱟᱨᱚᱥᱥᱚ ᱠᱚᱫᱚ ᱥᱤᱱᱫᱦᱩ ᱫᱟᱜ ᱰᱟᱦᱟᱨ ᱨᱮᱭᱟᱜ ᱟᱰᱮᱯᱟᱥᱮ ᱨᱮᱭᱟᱜ ᱡᱩᱢᱤᱠᱚ ᱦᱤᱱᱫᱩ ᱞᱮᱠᱟᱛᱮᱠᱚ ᱵᱚᱨᱟᱫᱽ ᱞᱮᱫᱟ, ᱥᱚᱝᱥᱠᱨᱤᱛ ᱫᱚ ᱥᱤᱱᱫᱷᱩ ᱨᱮᱭᱟᱜ ᱢᱤᱫ ᱦᱤᱲᱤᱡᱽ ᱟᱨ ᱚᱱᱟᱛᱮ ᱥᱤᱱᱫᱷᱩ ᱠᱷᱚᱱ ᱵᱦᱟᱨᱚᱛ ᱧᱩᱛᱩᱢ ᱫᱚ ᱦᱮᱡᱽ ᱟᱠᱟᱱᱟ ᱾"
"ओह, हाँ, आपने हमें यह सब सिखाया था, धन्यवाद।","ᱳᱦ,ᱴᱷᱤᱠ ᱜᱮᱭᱟ, ᱟᱢ ᱱᱚᱶᱟᱠᱚ ᱟᱞᱮᱢ ᱪᱮᱫ ᱟᱠᱟᱫ ᱞᱮᱭᱟ, ᱟᱢ ᱟᱭᱢᱟ ᱥᱟᱨᱦᱟᱣ ᱾"
क्या आपको याद है कि हम कुछ समय पहले भारत की सबसे बड़ी नदी ब्रह्मपुत्र के बारे में चर्चा कर रहे थे?,ᱵᱷᱟᱨᱚᱛ ᱨᱮᱭᱟᱜ ᱡᱚᱛᱚᱠᱷᱚᱱ ᱢᱟᱨᱟᱝ ᱱᱟᱹᱭ ᱵᱨᱚᱢᱢᱚᱯᱩᱛᱨᱚ ᱱᱟᱹᱭ ᱤᱫᱤ ᱠᱟᱛᱜ ᱟᱵᱳ ᱡᱟᱦᱟᱸᱵᱚᱱ ᱜᱟᱞᱚᱪ ᱞᱮᱫᱟ ᱚᱱᱟ ᱪᱮᱫ ᱫᱤᱥᱟᱹ ᱢᱮᱱᱟᱜᱼᱟ ?
यह कहाँ से शुरू होती है और वहाँ उसका अलग नाम कैसे है?,ᱚᱠᱟ ᱠᱷᱚᱱ ᱮᱛᱚᱦᱚᱵ ᱟᱠᱟᱱᱟ ᱟᱨ ᱚᱸᱰᱮ ᱪᱮᱫ ᱞᱮᱠᱟᱛᱮ ᱵᱷᱤᱱᱟᱹ ᱧᱩᱛᱩᱢᱚᱜ ᱠᱟᱱᱟ ?
यह कैलाश पर्वत के पास आंग्सी हिमनद से शुरू होती है और इसे यारलुंग त्संगपो भी कहा जाता है।,ᱱᱚᱶᱟᱫᱚ ᱠᱳᱭᱞᱟᱥ ᱨᱟᱛᱟᱝᱵᱩᱨᱩ ᱥᱩᱨ ᱨᱮ ᱟᱝᱥᱤ ᱦᱤᱢᱚᱵᱟᱦᱚ ᱠᱷᱚᱱ ᱥᱤᱨᱡᱟᱹᱣ ᱟᱠᱟᱱᱟ ᱟᱨ ᱱᱚᱶᱟᱫᱚ ᱤᱭᱟᱨᱞᱩᱝ ᱥᱟᱝᱯᱳᱣ ᱠᱚ ᱢᱮᱛᱟᱜᱼᱟ ᱾
इसके डेल्टा पर 13 करोड़ लोग रहते हैं और 6 लाख लोग नदी के पाने से घिरे द्वीप पर रहते हैं।,"ᱱᱚᱶᱟ ᱨᱮᱭᱟᱜ ᱵᱚᱼᱰᱷᱤᱯᱨᱮ ᱑᱓᱐ ᱢᱤᱞᱤᱭᱚᱱ ᱦᱚᱲ ᱟᱨ ᱖,᱐᱐,᱐᱐᱐ ᱦᱚᱲ ᱱᱟᱹᱭ ᱨᱮᱭᱟᱜ ᱰᱷᱤᱯ ᱨᱮᱠᱚ ᱛᱟᱦᱮᱱᱟ ᱾"
"लेकिन मैम, गंगा और ब्रह्मपुत्र दोनों ही सबसे बड़ी भारतीय नदियाँ कैसे हो सकती हैं?","ᱢᱮᱱᱠᱦᱟᱱ ᱢᱟᱪᱮᱛᱟᱱᱤ, ᱪᱮᱫ ᱞᱮᱠᱟᱛᱮ ᱜᱟᱝᱜᱟ ᱟᱨ ᱵᱨᱚᱢᱢᱚᱯᱩᱛᱨᱚ ᱱᱟᱹᱭᱠᱤᱱ ᱵᱷᱟᱨᱚᱛ ᱨᱮᱭᱟᱜ ᱢᱟᱨᱟᱝ ᱩᱛᱟᱹᱨᱟᱱ ᱱᱟᱹᱭ ᱦᱩᱭ ᱰᱟᱲᱮᱭᱟᱜᱼᱟ ?"
ब्रह्मपुत्र साफ तौर पर गंगा से अधिक लंबी है।,ᱵᱨᱚᱢᱢᱚᱯᱩᱛᱨᱚ ᱫᱚ ᱮᱠᱟᱞᱜᱮ ᱡᱮᱞᱮᱧ ᱜᱮᱭᱟ ᱾
गंगा सबसे लंबी है जबकि ब्रह्मपुत्र अपने जलप्रवाह के कारण सबसे बड़ी है।,ᱜᱟᱝᱜᱟ ᱜᱮ ᱡᱮᱞᱮᱧᱟ ᱡᱟᱦᱟᱸᱨᱮ ᱵᱨᱚᱢᱢᱚᱯᱩᱛᱨᱚ ᱟᱡᱟᱜ ᱞᱤᱜᱤᱱ ᱫᱟᱜ ᱥᱮᱡᱽᱛᱮᱭ ᱢᱟᱨᱟᱝ ᱜᱮᱭᱟ ᱾
गंगा के बाद गोदावरी दूसरी सबसे लंबी है और दक्षिण भारत की सबसे लंबी नदी है जिसे 'दक्षिण गंगा' भी कहा जाता है।,ᱜᱳᱫᱟᱵᱚᱨᱤ ᱜᱟᱝᱜᱟ ᱛᱟᱭᱚᱢ ᱫᱚᱥᱟᱨ ᱡᱮᱞᱮᱧᱟᱱ ᱱᱟᱹᱭ ᱠᱟᱱᱟ ᱟᱨ ᱰᱟᱹᱠᱷᱤᱱ ᱵᱷᱟᱨᱚᱛ ᱨᱮᱭᱟᱜ ᱡᱮᱞᱮᱧᱟᱱ ᱱᱟᱹᱭ ᱡᱟᱦᱟᱸᱫᱚ 'ᱫᱟᱹᱠᱷᱤᱱ ᱜᱟᱝᱜᱟ' ᱧᱩᱛᱩᱢ ᱛᱮᱦᱚᱸ ᱵᱟᱰᱟᱭᱚᱜᱼᱟ ᱾
यह नदी कई हज़ारों वर्षों से हिंदू धर्मग्रंथों में बहुत पूजनीय मानी जाती रही है और एक समृद्ध सांस्कृतिक विरासत को आश्रय और पोषण देती रही है।,ᱱᱟᱹᱭ ᱫᱚ ᱟᱭᱢᱟ ᱜᱮᱥᱟᱼᱥᱟᱥᱟᱭ ᱦᱟᱹᱵᱤᱡᱽ ᱦᱤᱱᱫᱩ ᱫᱷᱚᱨᱚᱢ ᱯᱩᱛᱷᱤᱨᱮ ᱢᱟᱹᱱ ᱟᱠᱟᱱᱟ ᱟᱨ ᱢᱤᱫ ᱯᱮᱨᱮᱡᱽ ᱯᱩᱨᱩᱱ ᱞᱟᱠᱪᱟᱨᱟᱱᱜ ᱥᱮᱨᱣᱟᱭ ᱢᱟᱱᱟᱣ ᱤᱫᱤᱭᱮᱫᱟ ᱾
"और कृष्ण- गोदावरी बेसिन, विलुप्त होने की कगार पर पहुँच चुके ओलिव रिडले कछुओं के अंडे देने की प्रमुख जगहों में से एक है।",ᱟᱨ ᱠᱨᱤᱥᱱᱚᱼᱜᱳᱫᱟᱵᱚᱨᱤ ᱚᱵᱚᱵᱟᱦᱤᱠᱟ ᱢᱮᱴᱟᱣ ᱟᱠᱟᱱ ᱚᱞᱤᱵᱷ ᱨᱤᱰᱞᱤ ᱦᱚᱨᱚ ᱠᱚᱣᱟᱜ ᱢᱩᱲᱩᱫ ᱛᱟᱦᱮᱸᱱ ᱴᱷᱟᱶ ᱠᱚ ᱢᱩᱫᱨᱮ ᱢᱤᱫᱴᱟᱝ ᱠᱟᱱᱟ ᱾
बिल्कुल यह तो है।,ᱮᱠᱟᱞ ᱜᱮ ᱱᱚᱶᱟᱫᱚ ᱾
मैं यह देखकर बहुत खुश हूँ कि आपको नदियों के बारे में अच्छे से जानकारी है।,ᱤᱧᱫᱚ ᱥᱟᱹᱨᱤᱜᱮᱧ ᱠᱩᱥᱤ ᱟᱠᱟᱱᱟ ᱡᱮ ᱟᱢᱟᱜ ᱱᱟᱹᱭ ᱤᱫᱤᱠᱟᱛᱮᱜ ᱵᱤᱪᱷᱱᱟᱹᱣᱛᱮ ᱢᱤᱫ ᱱᱟᱯᱟᱭ ᱩᱭᱦᱟᱹᱨ ᱢᱮᱱᱟᱜᱼᱟ ᱾
"धन्यवाद, मैम, आपने हमें पिछली क्लास में बहुत कुछ पढ़ाया था।","ᱥᱟᱨᱦᱟᱣ ᱜᱮ, ᱢᱟᱪᱮᱛᱟᱱᱤ, ᱞᱟᱦᱟ ᱠᱞᱟᱥ ᱨᱮᱭᱟᱜ ᱟᱢ ᱟᱢᱮᱜᱮᱢ ᱥᱮᱸᱲᱟ ᱟᱠᱟᱫ ᱞᱮᱭᱟ ᱾"
और हम अगली क्लास में और जानेंगे।,ᱟᱨ ᱛᱟᱭᱚᱢᱟᱜ ᱨᱮ ᱟᱨᱦᱚᱱᱞᱮ ᱪᱮᱫᱼᱟ ᱾
"टाइम हो गया! कल मिलेंगे, बच्चो!","ᱚᱠᱛᱚ ᱦᱩᱭ ᱟᱠᱟᱱᱟ ! ᱜᱟᱯᱟ ᱧᱟᱯᱟᱢ ᱦᱩᱭᱩᱜᱼᱟ ᱜᱤᱰᱨᱟᱹ, ᱜᱤᱫᱨᱟᱹ ᱠᱚ !"
"हैलो, तुम कुछ परेशान दिख रही हो, क्या हुआ?","ᱦᱮᱞᱳ, ᱟᱢ ᱟᱹᱰᱤ ᱵᱷᱟᱵᱱᱟᱢ ᱧᱮᱞᱚᱜ ᱠᱟᱱᱟ, ᱪᱮᱫ ᱦᱩᱭᱩᱜ ᱠᱟᱱᱟ ?"
"हाँ, मैं कई घंटों से ओडिशा चक्रवात की खबरें देख रही हूँ।","ᱦᱮᱸ, ᱤᱧ ᱠᱟᱹᱪ ᱴᱟᱲᱟᱝ ᱠᱷᱚᱱ ᱳᱰᱤᱥᱥᱟ ᱦᱚᱭᱵᱷᱟᱨᱰᱳ ᱨᱮᱭᱟᱜ ᱟᱯᱰᱮᱴ ᱤᱧ ᱧᱮᱞ ᱮᱫᱟ ᱾"
ये चक्रवात का दूसरा दिन है और पूरा शहर तहस नहस हो गया है।,"ᱱᱚᱶᱟ ᱫᱚ ᱦᱚᱭᱵᱷᱟᱨᱰᱳ ᱨᱮᱭᱟᱜ ᱫᱚᱥᱟᱨ ᱢᱟᱦᱟ, ᱟᱨ ᱜᱚᱴᱟ ᱥᱟᱦᱟᱨ ᱫᱚ ᱛᱟᱜᱟᱲ ᱱᱟᱪᱟᱲ ᱦᱟᱞᱚᱛ ᱨᱮ ᱢᱮᱱᱟᱜᱼᱟ ᱾"
रोज़मर्रा की चीज़ों के लिए भी बाहर जाना मुश्किल हो गया है।,ᱢᱩᱞᱟᱹᱱ ᱥᱩᱵᱤᱫᱷᱟ ᱞᱟᱹᱜᱤᱫ ᱵᱟᱨᱦᱮ ᱪᱟᱞᱟᱜ ᱫᱚ ᱟᱸᱡᱷᱟᱴ ᱜᱮᱭᱟ ᱾
"ये तोअच्छा है कि हमारे मोहल्ले में अभी भी लाइट है, ज़्यादातर इलाकों में लाइट नहीं है।","ᱢᱚᱞᱚᱝᱟᱱᱟᱜ ᱞᱮᱠᱟᱛᱮ ᱟᱯᱮᱭᱟᱜ ᱴᱚᱴᱷᱟ ᱨᱮ ᱱᱮᱛᱚᱜ ᱦᱚᱸ ᱵᱤᱡᱽᱞᱤ ᱢᱮᱱᱟᱜᱼᱟ, ᱟᱹᱰᱤᱜᱟᱱ ᱴᱚᱴᱷᱟ ᱨᱮ ᱵᱤᱡᱽᱞᱤ ᱵᱟᱹᱱᱩᱜᱼᱟ ᱾"
"मुझे यह सुनकर बहुत दुख हुआ, मुझे उम्मीद है कि तुम और तुम्हारा परिवार सुरक्षित हैं।","ᱤᱧ ᱱᱚᱶᱟ ᱟᱸᱡᱚᱢ ᱠᱟᱛᱮ ᱟᱹᱰᱤ ᱵᱷᱟᱵᱱᱟᱧ ᱟᱹᱭᱠᱟᱹᱣ ᱮᱫᱟ, ᱤᱧ ᱟᱥᱟᱭᱮᱫᱟ ᱟᱢᱨᱮᱱ ᱜᱷᱟᱨᱚᱸᱡᱤᱭᱟᱹ ᱟᱨ ᱟᱢ ᱱᱤᱨᱟᱹᱭ ᱨᱮ ᱢᱮᱱᱟᱢᱟ ᱾"
क्या तुम्हें कुछ अंदाज़ा है कि यह कब तक चलेगा?,ᱟᱢᱟᱜ ᱪᱮᱫ ᱡᱟᱦᱟᱸᱱ ᱟᱹᱱᱟᱹᱭᱠᱟᱹᱣ ᱢᱮᱱᱟᱜᱼᱟ ᱛᱤᱱᱜᱷᱟᱹᱲᱤ ᱱᱚᱶᱟ ᱪᱟᱞᱟᱣ ᱫᱟᱲᱮᱭᱟᱜᱼᱟ ?
मौसम की भविष्यवाणी और हाल की रिपोर्ट के हिसाब से यह लगभग 3 दिन चलेगा।,"ᱟᱜᱟᱢ ᱵᱟᱰᱟᱭᱟᱱ ᱦᱚᱭᱦᱤᱥᱤᱫ ᱨᱮᱭᱟᱜ ᱟᱜᱟᱢ ᱵᱟᱰᱟᱭ ᱟᱨ ᱢᱩᱪᱟᱹᱫ ᱨᱮᱭᱟᱜ ᱢᱤᱫ ᱞᱮᱠᱟᱛᱮ, ᱱᱚᱶᱟ ᱟᱭᱩᱢᱟᱹᱱ ᱞᱮᱠᱟᱛᱮ ᱓ ᱢᱟᱦᱟ ᱞᱟᱹᱜᱤᱫ ᱪᱟᱞᱩ ᱛᱟᱦᱮᱸᱱᱟ ᱾"
लेकिन मुझे इसके परिणामों की ज़्यादा चिंता है।,ᱢᱮᱱᱠᱷᱟᱱ ᱱᱚᱶᱟ ᱦᱟᱞᱚᱛ ᱱᱤᱭᱟᱹᱛᱮ ᱤᱧ ᱟᱹᱰᱤᱧ ᱩᱭᱦᱟᱹᱨᱚᱜ ᱠᱟᱱᱟ ᱾
"पिछला चक्रवात 2020 में आया था, वह 2 दिन चला था और कुछ इलाकों में बिजली वापस आने में लगभग 15 दिन लग गए थे।","ᱢᱩᱪᱟᱹᱫ ᱦᱚᱭᱵᱷᱟᱨᱰᱳ ᱫᱚ ᱒᱐᱒᱐ ᱥᱟᱹᱦᱤᱛ ᱨᱮ ᱦᱩᱭ ᱞᱮᱱᱟ, ᱒ ᱢᱟᱦᱟ ᱫᱷᱟᱹᱵᱤᱡ ᱪᱟᱞᱟᱣ ᱞᱮᱱᱟ ᱟᱨ ᱠᱟᱹᱪ ᱴᱚᱴᱷᱟ ᱨᱮ ᱵᱤᱡᱽᱞᱤ ᱧᱟᱢ ᱨᱩᱭᱟᱹᱲ ᱫᱚ ᱯᱨᱟᱭ ᱑᱕ ᱢᱟᱦᱟ ᱞᱟᱜᱟᱣ ᱞᱮᱱᱟ ᱾"
ओडिशा में इस तरह की प्राकृतिक आपदा आने से अक्सर ऐसे नुकसान होते रहते हैं।,ᱡᱚᱠᱷᱚᱱ ᱜᱮ ᱡᱟᱦᱟᱸ ᱵᱟᱝ ᱡᱟᱦᱟᱸ ᱥᱟᱪᱟᱨᱦᱮᱫ ᱪᱷᱤᱛᱤᱨᱵᱤᱛᱤᱨ ᱦᱩᱭᱩᱜᱼᱟ ᱩᱱᱜᱮ ᱳᱲᱤᱥᱥᱟ ᱫᱚ ᱱᱚᱶᱟ ᱞᱮᱠᱟᱱ ᱞᱚᱥᱠᱟᱱ ᱨᱮᱭᱟᱜ ᱡᱷᱩᱸᱠ ᱨᱮᱭ ᱛᱟᱦᱮᱸᱱᱟ ᱾
"तुम तो 2020 में ओडिशा आई थी, क्या तुम चक्रवात के समय यहीं थी?","ᱟᱢ ᱒᱐᱒᱐ ᱥᱟᱹᱦᱤᱛ ᱨᱮ ᱳᱲᱤᱥᱥᱟ ᱨᱮᱢ ᱦᱮᱡᱞᱮᱱᱟ, ᱟᱢ ᱪᱮᱫ ᱦᱚᱭᱵᱷᱟᱨᱰᱳ ᱚᱠᱛᱮ ᱥᱮᱴᱮᱨᱮᱢ ᱛᱟᱦᱮᱸ ᱠᱟᱱᱟ ?"
"नहीं, किस्मत से मैं चक्रवात से एक हफ़्ते पहले चली गई थी।","ᱵᱟᱝ, ᱢᱚᱞᱚᱝ ᱞᱤᱠᱷᱚᱱ ᱞᱮᱠᱟᱛᱮ ᱤᱧ ᱦᱚᱭᱵᱷᱟᱨᱰᱳ ᱨᱮᱭᱟᱜ ᱥᱩᱢᱩᱝ ᱢᱤᱫ ᱥᱟᱯᱛᱟ ᱞᱟᱦᱟ ᱤᱧ ᱨᱩᱭᱟᱹᱲ ᱞᱮᱱᱟ ᱾"
"मुझे हैरत है वहां रहने वाले लोगों के लिए यह कैसा होता होगा, कितना असुरक्षित लगता होगा!","ᱤᱧ ᱦᱟᱦᱟᱲᱟ ᱩᱛᱟᱹᱨ ᱮᱱᱟ ᱡᱮ ᱚᱸᱰᱮ ᱜᱤᱨᱟᱹᱵᱟᱹᱥᱤ ᱟᱠᱟᱱ ᱦᱚᱲᱠᱚ ᱞᱟᱹᱜᱤᱫ ᱱᱚᱶᱟ ᱪᱮᱫᱞᱮᱠᱟ, ᱱᱚᱶᱟ ᱮᱢᱚᱱ ᱢᱤᱫᱴᱟᱝ ᱞᱤᱪᱟᱹᱲ ᱡᱤᱱᱤᱥ !"
ख़ासतौर पर तटों के पास रहने वाले लोग।,ᱠᱷᱟᱥ ᱠᱟᱨᱛᱮ ᱥᱟᱹᱢᱩᱫ ᱟᱲᱮ ᱥᱩᱨᱥᱩᱯᱩᱨ ᱨᱮᱱ ᱦᱚᱲᱠᱚ ᱾
क्या सरकार इन लोगों को उनके घर फिर से बनाने और आजीविका को लेकर मदद करती है?,ᱥᱚᱨᱠᱟᱨ ᱪᱮᱫ ᱱᱩᱠᱩ ᱦᱚᱲᱠᱚᱣᱟᱜ ᱩᱱᱠᱩᱣᱟᱜ ᱚᱲᱟᱜ ᱫᱩᱣᱟᱹᱨ ᱟᱨ ᱡᱤᱯᱠᱟ ᱟᱹᱨᱩᱨᱩᱣᱟᱹᱲ ᱨᱮ ᱜᱚᱲᱚ ᱮᱢ ᱮᱫᱟᱭ ?
सालों की मेहनत को एक-दो दिन में खो देना कितना भयावह होता होगा।,ᱱᱚᱶᱟ ᱱᱤᱦᱟᱹᱛ ᱜᱮ ᱢᱤᱫ ᱥᱮ ᱵᱟᱨ ᱢᱟᱦᱟ ᱢᱩᱫᱽᱨᱮ ᱥᱮᱨᱢᱟ ᱛᱟᱭᱚᱢ ᱥᱮᱨᱢᱟ ᱠᱩᱨᱩᱢᱩᱴᱩ ᱵᱚᱛᱚᱨᱜᱮ ᱦᱟᱨᱟᱣ ᱦᱩᱭᱩᱜ ᱛᱟᱭᱟ ᱾
"सरकार जितना हो सके, उतनी मदद करती है, खासतौर पर ग्रामीण इलाकों में जहाँ अक्सर लोगों को उनके हाल पर छोड़ दिया जाता है।","ᱥᱚᱨᱠᱟᱨ ᱛᱤᱱᱟᱹᱜ ᱦᱩᱭᱫᱟᱲᱮᱭᱟᱜ ᱜᱚᱲᱚ ᱟᱢᱟᱭ, ᱠᱷᱟᱥ ᱠᱟᱨᱛᱮ ᱟᱹᱛᱩ ᱴᱚᱴᱷᱟ ᱨᱮ, ᱡᱟᱦᱟᱸᱨᱮ ᱦᱚᱲ ᱰᱷᱮᱨᱜᱟᱱ ᱦᱟᱹᱴᱤᱧ ᱜᱮ ᱩᱱᱠᱩᱣᱟᱜ ᱟᱯᱱᱟᱨ ᱪᱮᱛᱟᱱ ᱟᱲᱟᱜ ᱠᱟᱜᱼᱟᱭ ᱾"
पिछले बार अलग-अलग राज्यों से मजदूर लाए गए थे ताकि काम में तेज़ी लाई जा सके।,ᱞᱟᱦᱟ ᱫᱷᱚᱢ ᱟᱭᱢᱟ ᱯᱚᱱᱚᱛ ᱠᱷᱚᱱ ᱢᱩᱱᱤᱥ ᱟᱹᱜᱩ ᱦᱩᱭ ᱞᱮᱱᱟ ᱡᱟᱦᱟᱸᱛᱮ ᱠᱟᱹᱢᱤ ᱞᱚᱜᱚᱱ ᱠᱚᱨᱟᱣ ᱦᱩᱭᱩᱜ ᱾
यहां तक कि नगर निगम के लोगों ने भी चौबीसों घंटे काम किया ताकि उन्हें समय पर बिजली मिल सके क्योंकि वहां बच्चे और बुजुर्ग मौजूद थे जिन्हें काफी कठिनाइयों का सामना करना पड़ रहा था।,ᱮᱢᱚᱱᱪᱮᱫ ᱢᱤᱭᱩᱱᱤᱥᱤᱯᱟᱞ ᱠᱳᱨᱯᱚᱨᱮᱥᱚᱱ ᱨᱮᱱ ᱦᱚᱲᱦᱚᱸ ᱵᱟᱨᱜᱮᱞ ᱯᱩᱱ ᱴᱟᱲᱟᱝ ᱠᱚ ᱠᱟᱹᱢᱤ ᱞᱮᱫᱟ ᱡᱟᱦᱟᱸᱛᱮ ᱩᱱᱠᱩ ᱚᱠᱛᱮ ᱞᱮᱠᱟᱛᱮ ᱵᱤᱡᱽᱞᱤ ᱠᱚ ᱧᱟᱢ ᱨᱩᱣᱟᱹᱲ ᱫᱟᱲᱮᱭᱟᱜ ᱠᱟᱨᱚᱱ ᱚᱸᱰᱮ ᱥᱮᱴᱮᱨ ᱟᱠᱟᱱ ᱜᱤᱫᱽᱨᱟᱹ ᱟᱨ ᱢᱩᱮᱨᱟᱱ ᱱᱟᱜᱚᱨᱤᱭᱟᱹ ᱠᱚ ᱟᱭᱢᱟ ᱚᱥᱩᱵᱤᱫᱷᱟ ᱨᱮᱠᱚ ᱯᱟᱲᱟᱣ ᱞᱮᱠᱟ ᱾
ओडिशा उन जगहों में से एक है जहाँ इन दिनों मौसम भयावह हो जाता है।,"ᱳᱲᱤᱥᱥᱟ ᱦᱩᱭᱩᱜ ᱠᱟᱱᱟ ᱢᱤᱫᱴᱟᱝ ᱡᱟᱭᱜᱟ, ᱱᱚᱶᱟ ᱚᱠᱛᱮ ᱨᱮ ᱟᱹᱰᱤᱟᱸᱴ ᱦᱚᱭᱦᱤᱥᱤᱫ ᱨᱮᱭ ᱯᱟᱲᱟᱣ ᱞᱮᱱᱟ ᱾"
यह जानकर अच्छा लगा कि लोगों को समय से मदद मिल जाती है।,ᱱᱚᱶᱟ ᱟᱸᱡᱚᱢ ᱠᱟᱛᱮ ᱟᱹᱰᱤ ᱱᱟᱯᱟᱭ ᱤᱧ ᱟᱹᱭᱠᱟᱹᱣ ᱠᱮᱫᱟ ᱡᱮ ᱱᱟᱜᱚᱨᱤᱭᱟᱹ ᱠᱚ ᱚᱠᱛᱮ ᱞᱮᱠᱟᱛᱮ ᱜᱚᱲᱚ ᱠᱚ ᱧᱟᱢᱟ ᱾
फिर भी यह देखकर बुरा लगता है कि ऐसे भयावह मौसम की वजह से चीज़ें कितनी खराब हो जाती हैं।,ᱱᱮᱛᱚᱜ ᱦᱚᱸ ᱚᱞᱚᱝᱟᱱ ᱞᱮᱠᱟᱛᱮ ᱡᱮ ᱱᱚᱶᱟ ᱞᱮᱠᱟᱱ ᱟᱹᱰᱤᱟᱸᱴ ᱦᱚᱭᱦᱤᱥᱤᱫ ᱚᱡᱮᱛᱮ ᱪᱮᱫᱞᱮᱠᱟᱛᱮ ᱵᱚᱛᱚᱨᱟᱱ ᱡᱤᱱᱤᱥᱠᱚ ᱧᱟᱢᱚᱜᱼᱟ ᱾
तुम कब से यहाँ रह रही हो?,ᱛᱤᱱᱟᱹᱜ ᱫᱤᱱ ᱠᱷᱚᱱ ᱟᱢ ᱚᱸᱰᱮᱢ ᱜᱤᱨᱟᱹᱵᱟᱥᱚᱜ ᱠᱟᱱᱟ ?
क्या इस मौसम के कारण कभी तुमने राज्य को छोड़ कर जाने के बारे में सोचा है?,ᱦᱚᱭᱞᱚᱝ ᱨᱮ ᱥᱟᱪᱟᱨᱦᱮᱫ ᱪᱮᱫ ᱟᱢ ᱯᱚᱱᱚᱛ ᱵᱟᱹᱜᱤ ᱨᱮᱭᱟᱜ ᱮ ᱵᱚᱲᱦᱮᱭᱮᱫ ᱢᱮᱭᱟ ?
मुझे 5 साल हो गए यहाँ रहते हुए।,ᱤᱧ ᱱᱚᱸᱰᱮᱧ ᱜᱟᱹᱨᱟᱹᱵᱟᱥᱚᱜ ᱠᱟᱱᱟ ᱱᱮᱛᱚᱜ ᱕ ᱥᱮᱨᱢᱟ ᱦᱩᱭ ᱟᱠᱟᱱᱟ ᱾
"मौसम ठीक है, हालाँकि गर्मियों में बहुत गर्मी और उमस होती है, लेकिन बाकी चीज़ें ठीक हैं, तो मुझे ऐसा कभी नहीं लगा कि जगह छोड़ देनी चाहिए।","ᱦᱚᱭᱞᱚᱝ ᱴᱷᱤᱠ ᱢᱮᱱᱟᱜᱼᱟ, ᱮᱱᱛᱮᱨᱮᱦᱚᱸ ᱥᱤᱛᱩᱝᱠᱚ ᱵᱮᱥ ᱞᱚᱞᱚ ᱟᱨ ᱚᱞᱟᱦᱮᱫ, ᱛᱚᱵᱮ ᱠᱷᱟᱱ ᱮᱴᱟᱜ ᱚᱡᱮ ᱠᱚᱫᱚ ᱴᱷᱤᱠ ᱚᱱᱟᱛᱮ ᱡᱟᱭᱜᱟᱫᱚ ᱟᱲᱟᱜ ᱪᱟᱞᱟᱣ ᱨᱮᱭᱟᱜ ᱠᱟᱛᱷᱟ ᱤᱧ ᱴᱷᱮᱱ ᱛᱤᱥᱦᱚᱸ ᱵᱮᱝ ᱦᱮᱡ ᱟᱠᱟᱱᱟ ᱾"
मानसून में थोड़ी परेशानी होती है लेकिन अब इतने सालों से मैनेज हो जाता है।,ᱵᱚᱨᱥᱟᱠᱟᱞ ᱨᱮ ᱛᱷᱚᱲᱟ ᱟᱸᱡᱷᱟᱴ ᱢᱮᱱᱛᱮ ᱢᱚᱱᱮ ᱦᱩᱭᱩᱜᱼᱟ ᱢᱮᱱᱠᱷᱟᱱ ᱥᱮᱨᱢᱟ ᱛᱟᱭᱚᱢ ᱥᱮᱨᱢᱟ ᱫᱷᱟᱹᱵᱤᱡ ᱱᱚᱶᱟ ᱪᱟᱪᱟᱞᱟᱣ ᱞᱮᱠᱟᱱᱟᱜ ᱦᱩᱭ ᱨᱟᱠᱟᱵ ᱟᱠᱟᱱᱟ ᱾
"हाँ, सही है, सुनकर लगता है कि आदत हो गई है; मुझे बस उम्मीद है कि सब कुछ जल्दी ठीक हो जाए।","ᱤᱧ ᱧᱮᱞᱛᱮ, ᱡᱟᱦᱟᱸ ᱪᱟᱪᱟᱞᱟᱣ ᱟᱱᱟᱜ ᱥᱟᱵᱟᱫ ᱵᱟᱝ ᱠᱟᱱᱟ; ᱤᱧ ᱥᱩᱢᱩᱝ ᱟᱥᱟᱤᱧ ᱫᱚᱦᱚᱭᱟ ᱡᱤᱱᱤᱥᱠᱚ ᱟᱹᱰᱤ ᱞᱚᱜᱚᱱ ᱵᱷᱟᱜᱮ ᱦᱩᱭᱩᱜᱼᱟ ᱾"
"सॉरी, मुझे अभी निकलना होगा, क्या तुम मुझे चक्रवात की ताज़ा ख़बर दे सकती हो?","ᱤᱧ ᱵᱷᱟᱵᱱᱟᱹᱧ ᱟᱹᱭᱠᱟᱹᱣᱮᱫᱟ, ᱤᱧ ᱪᱟᱞᱟᱜ ᱦᱩᱭᱩᱜ ᱛᱤᱧᱟᱹ, ᱟᱢ ᱪᱮᱫ ᱦᱚᱭᱵᱷᱟᱨᱰᱳ ᱨᱮᱭᱟᱜ ᱢᱤᱫᱴᱟᱝ ᱞᱚᱜᱚᱱ ᱟᱯᱰᱮᱴ ᱤᱧ ᱮᱢ ᱫᱟᱲᱮ ᱟᱹᱧᱟᱹ ?"
अभी हालात कैसे हैं और लोग फिलहाल इससे कैसे निपट रहे हैं।,ᱱᱟᱦᱟᱜ ᱡᱤᱲᱤᱥᱠᱚ ᱪᱮᱫᱞᱮᱠᱟ ᱟᱨ ᱦᱚᱲᱠᱚ ᱱᱮᱛᱚᱜ ᱪᱮᱫ ᱞᱮᱠᱟᱛᱮ ᱱᱚᱶᱟ ᱠᱚ ᱢᱩᱠᱟᱹᱵᱮᱞᱟ ᱮᱫᱟ ᱾
"यहाँ कई सारे संगठन हैं जो लोगों को ज़रूरत के हिसाब से राशन, चिकित्सा सुविधाओं और दवाओं और सभी ज़रूरी चीज़ों के लिए मदद दे रहे हैं।","ᱱᱚᱸᱰᱮ ᱟᱭᱢᱟ ᱜᱟᱶᱛᱟ ᱢᱮᱱᱟᱜᱼᱟ ᱡᱟᱦᱟᱸᱭ ᱠᱚ ᱦᱚᱲᱠᱚ ᱜᱚᱲᱚ ᱟᱠᱚᱣᱟ, ᱢᱩᱫᱤ, ᱪᱤᱠᱤᱥᱥᱟ ᱥᱩᱵᱤᱫᱷᱟ ᱟᱨ ᱨᱟᱱ ᱟᱨ ᱡᱚᱛᱚ ᱞᱟᱹᱠᱛᱤᱭᱟᱱ ᱡᱤᱱᱤᱥᱠᱚ ᱡᱚᱠᱷᱚᱱ ᱞᱟᱹᱠᱛᱤᱜᱼᱟ ᱾"
कई इलाकों में तो टीमें बनाई गई हैं जो ज़रूरत पड़ने पर किसी भी तरह की मदद देने के लिए काम कर सकती हैं।,ᱰᱷᱮᱨᱜᱟᱱ ᱴᱚᱴᱷᱟ ᱨᱮ ᱮᱢᱚᱱᱪᱮᱫ ᱜᱟᱫᱮᱞ ᱛᱮᱭᱟᱨ ᱦᱩᱭᱩᱜᱼᱟ ᱡᱟᱦᱟᱸᱭ ᱞᱟᱹᱠᱛᱤᱭᱟᱱ ᱡᱟᱦᱟᱸ ᱞᱮᱠᱟᱱᱟᱜ ᱜᱚᱲᱚ ᱮᱢᱚᱜ ᱨᱮ ᱠᱟᱹᱢᱤ ᱫᱟᱲᱮᱭᱟᱜᱼᱟᱭ ᱾
तो हम बस संयम रखने और एक दूसरे की मदद करने के अलावा और कुछ नहीं कर सकते।,ᱥᱟᱦᱟᱣ ᱫᱟᱲᱮ ᱛᱟᱦᱮᱸᱱ ᱟᱨ ᱢᱤᱫ ᱟᱨᱢᱤᱫᱦᱚᱲ ᱜᱚᱲᱚ ᱪᱷᱟᱰᱟ ᱟᱞᱮ ᱪᱮᱫᱦᱚᱸ ᱵᱟᱞᱮ ᱠᱚᱨᱟᱣ ᱫᱟᱲᱮᱭᱟᱜᱼᱟ ᱾
"हाँ, ठीक कहती हो!","ᱦᱮᱸ, ᱚᱱᱟ ᱡᱚᱛᱷᱟᱛ ᱜᱮᱭᱟ !"
तुम सब अपना और एक-दूसरे का ध्यान रखना।,ᱟᱯᱮ ᱡᱚᱛᱚ ᱫᱟᱭᱟ ᱠᱟᱛᱮ ᱟᱯᱮᱭᱟᱜ ᱟᱨ ᱢᱤᱫ ᱟᱨ ᱦᱤᱫᱟᱜ ᱡᱚᱛᱚᱱ ᱦᱟᱛᱟᱣ ᱢᱮ ᱾
उम्मीद है कि यह भी जल्दी ठीक हो जाएगा; हमें बताना अगर हम यहाँ से कुछ कर सकें तो।,ᱤᱧ ᱟᱸᱥ ᱤᱧ ᱫᱚᱦᱚᱭᱮᱫᱟ ᱱᱚᱶᱟ ᱟᱹᱰᱤ ᱞᱚᱜᱚᱱ ᱵᱷᱟᱜᱮ ᱦᱩᱭᱩᱜᱼᱟ; ᱟᱵᱚ ᱱᱚᱸᱰᱮ ᱠᱷᱚᱱ ᱠᱟᱹᱪ ᱵᱚᱱ ᱠᱚᱨᱟᱣ ᱫᱟᱲᱮᱭᱟᱜᱼᱟ ᱥᱮ ᱪᱮᱫ ᱚᱱᱟ ᱤᱧ ᱵᱟᱰᱟᱭ ᱚᱪᱚᱤᱧ ᱢᱮ ᱾
बिल्कुल मैं तुम्हें ज़रूर बताऊँगी।,ᱱᱤᱦᱟᱹᱛ ᱜᱮ ᱤᱧ ᱟᱢᱤᱧ ᱵᱟᱰᱟᱭ ᱚᱪᱚ ᱢᱮᱭᱟ ᱾
आख़िरकार अनलॉक शुरू हो गया।,"ᱢᱩᱪᱟᱹᱫ ᱦᱟᱹᱵᱤᱡ ᱛᱮ, ᱞᱚᱠᱰᱟᱣᱩᱱ ᱡᱷᱤᱡᱩᱜ ᱠᱟᱱᱟ ᱾"
अब उतनी सख़्त पाबंदियाँ और नहीं।,ᱟᱨ ᱠᱮᱴᱮᱡ ᱢᱟᱱᱟ ᱵᱟᱨᱚᱱ ᱵᱟᱹᱱᱩᱜᱼᱟ ᱾
"अगर मुझे एक हफ़्ते और घर के भीतर रहना पड़ता, तो मैं पागल हो जाती।","ᱤᱧᱫᱚ ᱯᱟᱜᱞᱟ ᱩᱛᱟᱹᱨ ᱠᱚᱜ ᱟᱹᱧ, ᱡᱩᱫᱤ ᱟᱨ ᱢᱤᱫ ᱦᱟᱯᱛᱟ ᱜᱟᱱ ᱚᱲᱟᱜ ᱵᱷᱤᱛᱤᱨ ᱨᱮᱧ ᱛᱟᱦᱮᱸ ᱞᱮᱱᱠᱷᱟᱱ ᱾"
किसने कहा तुम पागल नहीं हो?,ᱚᱠᱚᱭ ᱞᱟᱹᱭ ᱮᱫᱟ ᱟᱢ ᱮᱠᱞᱟ ᱫᱚ ᱵᱟᱝ ?
"मजाक एक तरफ़, अनलॉक की पहल का यह मतलब नहीं कि तुम जो चाहे वो कर सकती हो।","ᱞᱟᱸᱫᱟ ᱠᱟᱛᱷᱟ ᱫᱚ ᱛᱟᱦᱮᱸᱱᱚᱜ, ᱞᱚᱠᱰᱟᱣᱩᱱ ᱡᱷᱤᱡᱩᱜ ᱠᱟᱱᱟ ᱢᱮᱱᱛᱮ ᱱᱚᱝᱠᱟ ᱫᱚ ᱵᱟᱝ ᱠᱟᱱᱟ ᱡᱮ ᱟᱢ ᱡᱟᱦᱟᱸ ᱜᱮᱢ ᱠᱷᱚᱡᱟ ᱚᱱᱜᱮᱢ ᱠᱚᱨᱟᱣᱼᱟ ᱾"
रात का कर्फ़्यू अब भी रहेगा।,ᱧᱤᱫᱟᱹ ᱠᱟᱨᱯᱷᱤᱣᱩ ᱫᱚ ᱱᱤᱛᱦᱚᱸ ᱢᱮᱱᱟᱜ ᱜᱮᱭᱟ ᱾
मास्क की सख़्ती और सामाजिक दूरी के नियम अभी भी लागू रहेंगे।,ᱢᱟᱥᱠ ᱦᱚᱨᱚᱜ ᱟᱨ ᱥᱳᱥᱟᱞ ᱰᱤᱥᱴᱮᱱᱥᱤᱝ ᱱᱤᱭᱚᱢ ᱫᱚ ᱱᱤᱛᱦᱚᱸ ᱞᱟᱹᱜᱩᱼᱟ ᱾
"और सबसे ज़रूरी, वैक्सीन लगवाना हमारी सबसे पहली चिंता होनी चाहिए।","ᱟᱨ ᱡᱚᱛᱚᱠᱷᱚᱱ ᱞᱟᱹᱠᱛᱤᱭᱟᱜ, ᱩᱥᱟᱹᱨᱟ ᱵᱷᱮᱠᱥᱤᱱ ᱦᱟᱛᱟᱣ ᱫᱚ ᱟᱵᱚᱣᱟᱜ ᱩᱭᱦᱟᱹᱨ ᱦᱩᱭᱩᱜ ᱞᱟᱹᱠᱛᱤ ᱠᱟᱱᱟ ᱾"
"ओह, क्या वैक्सीन लगवाना ज़रूरी है?","ᱳ, ᱴᱤᱠᱟᱹ ᱫᱚ ᱦᱟᱛᱟᱣᱜᱮ ᱦᱩᱭᱩᱜᱼᱟ ?"
एक बार कोविड हो जाने पर क्या लोग इम्यून नहीं हो जाते?,ᱢᱤᱫᱴᱟᱝ ᱦᱚᱲ ᱞᱟᱦᱟᱨᱮ ᱠᱳᱵᱷᱤᱰ ᱨᱮᱭ ᱯᱟᱲᱟᱣ ᱞᱮᱱᱠᱷᱟᱱ ᱩᱱᱤᱫᱚ ᱪᱮᱫ ᱟᱡᱟᱨ ᱵᱟᱭ ᱴᱮᱠᱟᱣ ᱫᱟᱨᱟᱢ ᱫᱟᱲᱮᱭᱟᱜᱼᱟ ?
हे भगवान! तुम कहाँ से ये सब गलत-सलत बातें सुन कर आ जाती हो?,"ᱳᱦ, ᱪᱟᱸᱫᱳ ! ᱚᱠᱟ ᱠᱷᱚᱱᱮᱢ ᱧᱟᱢᱟ ᱱᱚᱝᱠᱟᱱ ᱵᱟᱹᱲᱤᱡ ᱩᱭᱦᱟᱹᱨ ᱵᱷᱟᱵᱱᱟ ?"
"नहीं, एक बार कोविड हो जाने से कोई भी व्यक्ति उससे इम्यून नहीं हो जाता।",ᱢᱟᱲᱟᱝᱨᱮ ᱞᱚᱦᱚᱡᱩᱨᱤ ᱞᱮᱱᱠᱷᱟᱱ ᱚᱠᱚᱭᱦᱚᱸ ᱠᱳᱵᱷᱤᱰ ᱠᱷᱚᱱ ᱨᱤᱦᱟᱹᱭ ᱵᱟᱭ ᱧᱟᱢᱟ ᱾
असल में दोनों के बीच कोई संबंध ही नहीं है।,ᱟᱥᱚᱞᱨᱮ ᱱᱚᱶᱟᱠᱤᱱ ᱢᱩᱫᱽᱨᱮ ᱚᱠᱟ ᱥᱟᱹᱜᱟᱹᱭᱜᱮ ᱵᱟᱹᱱᱩᱜᱼᱟ ᱿
और सबसे बड़ी बात यह है कि वैक्सिनेशन एकदम ज़रूरी है।,"ᱟᱨ ᱡᱚᱛᱚᱠᱷᱚᱱ ᱞᱟᱹᱠᱛᱤᱭᱟᱜ, ᱴᱤᱠᱟᱹ ᱦᱟᱛᱟᱣ ᱫᱚ ᱮᱠᱟᱞ ᱡᱟᱹᱨᱩᱲᱟ ᱾"
हर एक व्यक्ति को दो वैरिफ़ाइड वैक्सीन कोविशील्ड और कोवैक्सीन में से एक लगवानी होगी।,ᱥᱟᱱᱟᱢ ᱦᱚᱲᱜᱮ ᱠᱳᱵᱷᱤᱥᱤᱞᱰ ᱟᱨ ᱠᱳᱵᱦᱮᱠᱥᱤᱱ ᱵᱟᱨᱭᱟ ᱧᱩᱛᱩᱢᱟᱱ ᱵᱷᱮᱠᱥᱤᱱ ᱨᱮᱭᱟᱜ ᱡᱟᱦᱟᱸᱴᱟᱜ ᱜᱮ ᱦᱟᱛᱟᱣ ᱦᱩᱭᱩᱜ ᱛᱟᱢᱟ ᱾
तो तुम कहना चाहती हो कि मुझे पहले जाकर वैक्सीन लगवाना होगी और तब जा कर मैं उन सभी चीज़ों के बारे में सोच सकती हूँ जो मैं अनलॉक में करना चाहती हूँ।,ᱚᱱᱟᱛᱮ ᱟᱢᱮᱢ ᱞᱟᱹᱭ ᱮᱫᱟ ᱡᱮ ᱤᱧ ᱯᱳᱭᱞᱳᱨᱮ ᱵᱷᱮᱠᱥᱤᱱ ᱦᱟᱛᱟᱣ ᱦᱩᱭᱩᱜ ᱛᱤᱧᱟᱹ ᱟᱨ ᱤᱱᱟᱹ ᱛᱟᱭᱚᱢ ᱞᱚᱠᱰᱟᱣᱩᱱ ᱠᱷᱩᱞᱟᱹᱣ ᱚᱠᱛᱚ ᱤᱧ ᱡᱟᱦᱟᱸᱠᱚ ᱡᱤᱱᱤᱥ ᱠᱚᱨᱟᱣ ᱤᱧ ᱠᱷᱚᱡ ᱠᱟᱱ ᱛᱟᱦᱮᱸ ᱚᱱᱟ ᱩᱭᱦᱟᱹᱨ ᱢᱮ ᱾
"एक नहीं, बल्कि एक ही वैक्सीन के दो डोज़।","ᱢᱤᱫᱴᱟᱝ ᱫᱚ ᱵᱟᱝ, ᱢᱤᱫᱴᱟᱝ ᱵᱷᱮᱠᱥᱤᱱ ᱨᱮᱭᱟᱜ ᱵᱟᱨᱭᱟ ᱰᱳᱡ ᱾"
तुम्हें मॉल में जाने या ट्रेन या फ़्लाइट में ट्रैवल करने के पहले अपना वैक्सीन सर्टिफ़िकेट दिखाने के लिए कहा जाएगा।,ᱢᱤᱫᱴᱟᱝ ᱢᱚᱞᱨᱮ ᱵᱚᱞᱚᱜ ᱞᱟᱦᱟᱨᱮ ᱥᱮ ᱨᱤᱞᱜᱟᱹᱰᱤ ᱥᱮ ᱩᱰᱟᱹᱱᱜᱟᱹᱰᱤᱨ ᱛᱮ ᱪᱟᱞᱟᱜ ᱞᱟᱦᱟᱨᱮ ᱟᱢ ᱟᱢᱟᱜ ᱵᱷᱮᱠᱥᱤᱱ ᱥᱤᱫᱥᱟᱠᱟᱢ ᱩᱫᱩᱜᱽ ᱠᱚ ᱢᱮᱛᱟᱢᱟ ᱾
सच में? वो देखते हैं? मुझे इस बारे में कैसे कुछ नहीं पता।,ᱥᱟᱹᱨᱤᱜᱮ ? ᱩᱱᱠᱩ ᱠᱚ ᱠᱚᱨᱟᱣᱼᱟ ? ᱤᱧᱫᱚ ᱪᱤᱠᱟᱹᱛᱮ ᱵᱟᱹᱧ ᱵᱟᱰᱟᱭᱟ ᱾
मैं तो इस गर्मी में अपने परिवार के साथ छुट्टियाँ मनाने की सोच रही थी।,ᱟᱥᱚᱞᱨᱮ ᱱᱤᱭᱟᱹ ᱥᱤᱛᱩᱝ ᱫᱤᱱᱨᱮ ᱤᱧᱨᱮᱱ ᱜᱷᱟᱸᱨᱚᱡᱤᱭᱟᱹ ᱠᱚ ᱥᱟᱶᱛᱮ ᱢᱤᱫᱴᱟᱝ ᱪᱷᱩᱴᱤ ᱨᱮᱭᱟᱜ ᱤᱧ ᱩᱭᱦᱟᱹᱨ ᱵᱷᱟᱵᱱᱟ ᱞᱮᱫᱟ ᱾
"उसके लिए, तुम सभी को कोविड-19 वैक्सीन की कम से कम पहली डोज़ लगवाकर वैक्सिनेट होना होगा।","ᱚᱱᱟ ᱠᱷᱟᱹᱛᱤᱨ ᱛᱮ, ᱟᱯᱮ ᱥᱟᱱᱟᱢ ᱦᱚᱲᱜᱮ ᱠᱳᱵᱷᱤᱰᱼ᱑᱙ ᱴᱤᱠᱟᱹ ᱨᱮᱭᱟᱜ ᱯᱳᱭᱞᱳ ᱰᱳᱡ ᱫᱚ ᱦᱟᱛᱟᱣ ᱦᱩᱭᱩᱜ ᱛᱟᱯᱮᱭᱟ ᱾"
वो एंट्रेंस पर ही तुम्हारे वैक्सिनेशन सर्टिफ़िकेट के बारे में पूछेंगे।,ᱩᱱᱠᱩ ᱵᱚᱞᱚᱜ ᱫᱩᱣᱟᱹᱨ ᱨᱮ ᱟᱢᱟᱜ ᱴᱤᱠᱟᱹ ᱥᱤᱫ ᱥᱟᱠᱟᱱ ᱞᱟᱹᱜᱤᱫ ᱠᱚ ᱠᱩᱞᱤ ᱢᱮᱭᱟ ᱾
प्लीज़ खबरों की अपडेट का ध्यान रखना।,ᱠᱷᱚᱵᱚᱨ ᱵᱟᱰᱟᱭ ᱤᱫᱤ ᱵᱟᱨᱮᱛᱮ ᱥᱚᱱᱛᱚᱨ ᱛᱟᱦᱮᱱ ᱢᱮ ᱾
"हाँ, धन्यवाद, मैं इतने समय से कुछ और ही सोच रही थी।","ᱦᱮᱸ ᱥᱟᱨᱦᱟᱣ ᱜᱮ ᱟᱢᱫᱚ, ᱱᱚᱶᱟ ᱠᱚᱫᱚ ᱤᱧ ᱮᱴᱟᱜ ᱜᱮᱧ ᱩᱭᱦᱟᱹᱨ ᱞᱮᱫᱟ ᱾"
"जितना जल्द हो सकेगा, मैं अपना इंजेक्शन लगवा लूँगी।",ᱡᱟᱦᱟᱸ ᱛᱤᱱᱟᱹᱜ ᱞᱚᱜᱚᱱ ᱦᱩᱭ ᱫᱟᱲᱮᱭᱟᱜᱼᱟ ᱤᱧ ᱠᱟᱹᱢᱤ ᱧᱟᱢ ᱦᱩᱭᱩᱜ ᱛᱤᱧᱟᱹ ᱾
"हाँ प्लीज़, हमें यह नहीं भूलना चाहिए कि महामारी अभी तक गई नहीं है।","ᱦᱮ ᱫᱟᱭᱟ ᱠᱟᱛᱮᱜ, ᱱᱚᱶᱟ ᱦᱤᱲᱤᱧ ᱞᱮᱠᱷᱟᱱ ᱵᱟᱝ ᱦᱩᱭᱩᱜᱼᱟ ᱡᱮ ᱢᱟᱦᱟᱢᱟᱹᱨᱤ ᱱᱤᱛᱦᱚᱸ ᱵᱟᱝ ᱪᱟᱵᱟ ᱟᱠᱟᱱᱟ ᱾"
मुझे उम्मीद है कि तुमने कोविन वेबसाइट पर अपना रजिस्ट्रेशन करवा लिया है।,ᱤᱧ ᱟᱥᱚᱜ ᱠᱟᱹᱱᱟᱹᱧ ᱠᱳᱣᱤᱱ ᱳᱭᱮᱵᱥᱟᱭᱤᱴᱨᱮ ᱟᱢᱮᱢ ᱥᱮᱞᱮᱫ ᱟᱠᱟᱱᱟ ᱾
हाँ मैंने रजिस्टर कर लिया है।,ᱦᱮᱸ ᱤᱧ ᱥᱮᱞᱮᱫ ᱟᱠᱟᱱᱟ ᱾
फिर प्लीज़ वैक्सीन के लिए अपने हिसाब से अच्छी तारीख देख लो और उसे शेड्यूल कर लो।,ᱤᱱᱟᱹ ᱛᱟᱭᱚᱢ ᱫᱟᱭᱟ ᱠᱟᱛᱮᱜ ᱵᱷᱮᱠᱥᱤᱱ ᱞᱟᱹᱜᱤᱫ ᱢᱤᱫᱴᱟᱝ ᱴᱷᱟᱹᱣᱠᱟᱹ ᱢᱟᱹᱦᱤᱛ ᱧᱮᱞᱢᱮ ᱟᱨ ᱱᱚᱶᱟ ᱜᱚᱴᱟᱭ ᱢᱮ ᱾
कम-से-कम अब तो तुम वैक्सीन लगवा लो।,ᱟᱢᱟᱜ ᱵᱦᱮᱠᱥᱤᱱ ᱦᱟᱛᱟᱣ ᱨᱮᱭᱟᱜ ᱚᱠᱛᱚ ᱥᱮᱴᱮᱨ ᱟᱠᱟᱱᱟ ᱾
मैं येआज ही कर लूँगी।,ᱛᱮᱦᱮᱧ ᱤᱧᱛᱮᱧ ᱠᱚᱨᱟᱣᱼᱟ ᱾
मेरी गलतफ़हमी को दूर करने के लिए धन्यवाद।,ᱤᱧᱟᱹᱜ ᱦᱤᱫᱤᱡ ᱪᱟᱵᱟᱭ ᱟᱞᱹᱜᱤᱫ ᱛᱮ ᱥᱟᱨᱦᱟᱣ ᱿
"नमस्ते सर, मैं अपनी शिकायत कहां दर्ज कर सकता हूँ?","ᱦᱮᱞᱳ, ᱥᱮᱨ, ᱤᱧ ᱛᱤᱱᱨᱮ ᱞᱟᱹᱞᱤᱥᱤᱧ ᱚᱞ ᱫᱟᱲᱮᱭᱟᱜᱼᱟ ?"
आपको किस प्रकार की शिकायत है?,ᱪᱮᱫ ᱞᱮᱠᱟᱱᱟᱜ ᱞᱟᱹᱞᱤᱥ ᱢᱮᱱᱟᱜ ᱛᱟᱢᱟ ?
"सर, हमारे गांव को साफ पीने का पानी नहीं मिल रहा है।","ᱥᱮᱨ, ᱟᱞᱮ ᱟᱛᱩᱨᱮ ᱧᱩᱭ ᱫᱟᱜ ᱢᱚᱡ ᱵᱟᱝ ᱧᱟᱢᱚᱜ ᱠᱟᱱᱟ ᱾"
"सरकार ने हमें साफ पानी दिलाने का वादा किया था, लेकिन हमारे गांव को नहीं मिल रहा है।","ᱥᱚᱨᱠᱟᱨ ᱟᱞᱮ ᱠᱟᱛᱷᱟᱭ ᱮᱢ ᱟᱠᱟᱫ ᱞᱮᱭᱟ ᱯᱷᱟᱨᱪᱟ ᱫᱟᱜ ᱞᱟᱹᱜᱤᱫ, ᱢᱮᱱᱠᱷᱟᱱ ᱟᱞᱮ ᱟᱛᱩᱨᱮ ᱚᱱᱟ ᱵᱟᱞᱮ ᱧᱟᱢ ᱮᱫᱟ ᱾"
क्या आपके गांव में कोई अभी तक जाँच करने नहीं आया?,ᱟᱯᱮ ᱟᱛᱩᱨᱮ ᱱᱤᱛ ᱦᱟᱹᱵᱤᱡ ᱡᱟᱦᱟᱱ ᱧᱮᱞ ᱟᱹᱨᱩ ᱵᱟᱝ ᱦᱩᱭ ᱟᱠᱟᱱᱟ ?
"नहीं सर, वह तो हमारे गांव में महीनों से नहीं आया।","ᱵᱟᱝ, ᱥᱮᱨ, ᱠᱤᱪᱷᱤ ᱪᱟᱸᱫᱳ ᱫᱷᱩᱨᱭᱟᱹ ᱩᱱᱤ ᱟᱞᱮ ᱟᱛᱚ ᱵᱟᱭ ᱦᱮᱡ ᱟᱠᱟᱱᱟ ᱾"
आप किस गांव से हैं?,ᱚᱠᱟ ᱟᱛᱩᱨᱮᱱ ᱠᱟᱱᱟᱢ
"सर, मैं महुवरिया गांव से हूँ।","ᱥᱮᱨ, ᱤᱧᱫᱚ ᱢᱟᱦᱩᱵᱷᱟᱨᱤᱭᱟ ᱟᱛᱩᱨᱮᱱ ᱠᱟᱹᱱᱟᱹᱧ ᱾"
और आपके गांव के प्रधान कौन हैं?,ᱟᱨ ᱚᱸᱰᱮ ᱟᱯᱮ ᱟᱛᱩ ᱨᱮᱱ ᱢᱟᱸᱹᱡᱷᱤ ᱚᱠᱚᱭ ᱠᱟᱱᱟᱭ ?
"सर, मैं ही गांव का प्रधान हूँ।","ᱥᱮᱨ, ᱤᱧ ᱠᱟᱹᱱᱟᱹᱧ ᱟᱛᱩᱨᱮᱱ ᱢᱟᱹᱸᱡᱷᱤ ᱾"
"ठीक है, सर, आप अपनी शिकायत के बारे में मुझे खुल कर बताएं।","ᱴᱷᱤᱠ ᱜᱮᱭᱟ, ᱥᱮᱨ, ᱟᱢᱟᱜ ᱞᱟᱹᱞᱤᱥ ᱯᱟᱥᱱᱟᱣᱛᱮ ᱞᱟᱹᱭᱟᱹᱧ ᱢᱮ ᱾"
मैं उसे जल आपूर्ति विभाग के सुपरवाइज़र को भेज दूंगा।,ᱤᱧᱫᱚ ᱱᱚᱶᱟ ᱫᱟᱜ ᱥᱟᱨᱵᱷᱟᱨ ᱛᱷᱚᱱᱚᱛ ᱨᱮᱱ ᱥᱩᱯᱟᱨᱵᱷᱟᱭᱡᱟᱨ ᱴᱷᱮᱱᱤᱧ ᱠᱳᱞᱼᱟ ᱾
"सर, सबसे पहले तो हमें पानी काफी जद्दो-जहद के बाद मिला।","ᱥᱮᱨ, ᱯᱳᱭᱞᱳ ᱨᱮ ᱟᱞᱮ ᱟᱭᱢᱟ ᱡᱷᱟᱢᱮᱞᱟ ᱛᱟᱭᱚᱢ ᱫᱟᱜ ᱞᱮ ᱧᱟᱢ ᱟᱠᱟᱫᱟ ᱾"
उसके लिए हमें इस ऑफिस में हर दूसरे दिन आना पड़ता था।,ᱱᱚᱶᱟ ᱞᱟᱹᱜᱤᱫ ᱟᱞᱮ ᱫᱤᱱᱟᱹᱢᱜᱮ ᱚᱯᱷᱤᱥ ᱦᱤᱡᱩᱜ ᱦᱩᱭᱩᱜ ᱠᱟᱱ ᱛᱟᱞᱮ ᱛᱟᱦᱮᱸᱜ ᱾
हमें अपने नेटवर्क में पानी की सही तरीके से आपूर्ति के लिए इस ऑफिस के सामने धरना भी देना पड़ा था।,ᱮᱢᱚᱱ ᱪᱮᱫ ᱟᱞᱮ ᱱᱮᱴᱳᱣᱟᱨᱠ ᱨᱮ ᱵᱷᱟᱜᱮ ᱫᱟᱜ ᱥᱟᱨᱵᱦᱟᱨ ᱨᱮᱭᱟᱜ ᱫᱟᱹᱵᱤᱛᱮ ᱱᱤᱭᱟᱹ ᱚᱯᱷᱤᱥ ᱥᱟᱢᱟᱝᱨᱮ ᱟᱸᱫᱳᱲ ᱦᱩᱭᱞᱮᱱ ᱛᱟᱞᱮᱭᱟ ᱾
"काफी परेशानी के बाद हमें पानी तो मिला, लेकिन पाइपों से आने वाला पानी बहुत गंदा है।","ᱟᱭᱢᱟ ᱡᱷᱟᱢᱮᱞᱟ ᱛᱟᱭᱚᱢ, ᱟᱞᱮᱞᱮ ᱧᱟᱢ ᱟᱠᱟᱫᱟ, ᱢᱮᱱᱠᱷᱟᱱ ᱯᱟᱭᱤᱯ ᱛᱮ ᱡᱟᱦᱟᱸ ᱫᱟᱜ ᱦᱤᱡᱩᱜ ᱠᱟᱱᱟ ᱚᱱᱟ ᱟᱹᱰᱤ ᱚᱡᱨᱟ ᱜᱮᱭᱟ ᱾"
"कितना गंदा है, क्या आप समझा सकते हैं?","ᱛᱤᱱᱟᱹᱜ ᱚᱡᱨᱟᱼᱟ, ᱟᱢᱮᱢ ᱞᱟᱹᱭ ᱫᱟᱲᱮᱭᱟᱜᱼᱟ ?"
"क्या ये मटमैला है, या उसमें किसी तरह की अशुद्धताएं हैं?","ᱵᱚᱰᱮ ᱜᱮᱭᱟ, ᱥᱮ ᱱᱚᱶᱟᱨᱮ ᱡᱟᱦᱟᱸ ᱞᱮᱠᱟᱱᱟᱜ ᱵᱟᱹᱲᱤᱡᱟᱜ ᱠᱚ ᱢᱮᱱᱟᱜᱼᱟ ?"
"सर, पानी मटमैला है।","ᱱᱚᱶᱟᱫᱚ ᱵᱚᱰᱮ ᱫᱟᱜ ᱠᱟᱱᱟ, ᱥᱮᱨ ᱾"
उसमें अशुद्धताएं भी हैं।,ᱱᱚᱶᱟᱨᱮ ᱵᱟᱹᱲᱤᱡᱟᱜ ᱠᱚᱦᱚᱸ ᱦᱤᱡᱩᱜ ᱠᱟᱱᱟ ᱾
उसका इस्तेमाल करने के बाद कई गांव वालों को चमड़ी की अलर्जी भी हो गई थी।,ᱟᱛᱩᱨᱮᱱ ᱟᱭᱢᱟ ᱦᱚᱲᱜᱮ ᱱᱤᱭᱟᱹ ᱵᱮᱣᱦᱟᱨ ᱛᱟᱭᱚᱢ ᱦᱟᱨᱛᱟ ᱨᱮ ᱮᱞᱟᱨᱡᱤ ᱦᱩᱭ ᱟᱠᱟᱱ ᱛᱟᱠᱚᱣᱟ ᱿
"ओह, यह तो काफी सीरियस है।","ᱳ, ᱱᱤᱭᱟᱹ ᱫᱚ ᱟᱹᱰᱤ ᱵᱚᱛᱚᱨᱟᱱ ᱿"
"हाँ, सर, काफी सीरियस है।","ᱦᱮᱸ, ᱥᱮᱨ, ᱱᱤᱭᱟᱹᱫᱚ ᱟᱹᱰᱤ ᱵᱚᱛᱚᱨᱟᱱ ᱾"
हमारे तालाबों और ट्यूब वेलों में साफ पानी नहीं है।,ᱟᱞᱮᱭᱟᱜ ᱯᱩᱠᱷᱨᱤ ᱟᱨ ᱴᱤᱯᱠᱚᱞᱨᱮ ᱵᱷᱟᱜᱮ ᱧᱩᱭ ᱫᱟᱜ ᱵᱟᱹᱱᱩᱜᱼᱟ ᱿
"उनमें जो पानी है, उसमें बहुत ज्यादा आयरन है।",ᱚᱸᱰᱮᱱᱟᱜ ᱫᱟᱜ ᱨᱮ ᱟᱭᱢᱟ ᱟᱭᱨᱚᱱ ᱢᱮᱱᱟᱜᱼᱟ ᱾
लेकिन हमारे पास तालाब और ट्यूब वेल का पानी इस्तेमाल करने के अलावा और कोई चारा भी नहीं है।,ᱢᱮᱱᱠᱷᱟᱱ ᱱᱤᱛ ᱯᱩᱠᱷᱨᱤ ᱟᱨ ᱴᱤᱯᱠᱚᱞ ᱵᱮᱣᱦᱟᱨ ᱪᱷᱟᱰᱟ ᱟᱞᱮᱭᱟᱜ ᱟᱨ ᱡᱟᱦᱟᱱ ᱩᱯᱟᱹᱭ ᱵᱟᱹᱱᱩᱜᱼᱟ ᱾
इसके कारण काफी गंभीर स्वास्थ्य समस्याएं हो सकती हैं।,ᱱᱚᱶᱟᱫᱚ ᱟᱹᱰᱤ ᱵᱚᱛᱚᱨᱟᱱ ᱥᱟᱶᱟᱨ ᱥᱮᱱ ᱪᱟᱞᱟᱜ ᱠᱟᱱᱟ ᱾
क्या सप्लाई वाला पानी को पीकर कोई बीमार पड़ा है?,ᱚᱱᱟ ᱫᱟᱜ ᱧᱩ ᱛᱮ ᱪᱮᱫ ᱡᱟᱦᱟᱸᱭ ᱠᱚ ᱨᱩᱣᱟᱹ ᱟᱠᱱᱟ ?
"नहीं सर, अभी तक तो नहीं, क्योंकि हम ने उसे तुरंत इस्तेमाल करना बंद कर दिया था।","ᱵᱟᱝ, ᱥᱮᱨ, ᱱᱤᱛ ᱦᱟᱹᱵᱤᱡ ᱛᱮᱫᱚ ᱵᱟᱝᱜᱮ ; ᱪᱮᱫᱟᱜ ᱥᱮ ᱟᱞᱮ ᱩᱥᱟᱹᱨᱟ ᱜᱮ ᱚᱱᱟ ᱵᱮᱣᱦᱟᱨ ᱞᱮ ᱵᱚᱱᱫᱚ ᱠᱮᱫᱟ ᱾"
"जब हमने गांव के कई लोगों में चमड़ी की अलर्जी देखी, तो हम लोगों ने उसे इस्तेमाल करना बंद कर दिया।","ᱟᱞᱮ ᱟᱭᱢᱟ ᱟᱛᱩ ᱦᱚᱲ ᱠᱚᱣᱟᱜ ᱦᱟᱨᱛᱟ ᱮᱞᱟᱨᱡᱤ ᱧᱮᱞ ᱛᱟᱭᱚᱢ, ᱟᱞᱮᱫᱚ ᱱᱚᱶᱟ ᱵᱮᱣᱦᱟᱨ ᱞᱮ ᱦᱟᱹᱯᱤᱛ ᱟᱠᱟᱫᱟ ᱾"
"नहीं तो, उससे आसानी से पेट में दर्द और दस्त जैसी बीमारियों हो सकती थीं।","ᱟᱨ ᱵᱟᱝᱠᱷᱟᱱ, ᱱᱚᱶᱟᱫᱚ ᱟᱞᱜᱟ ᱛᱮᱜᱮ ᱟᱞᱮᱭᱟᱜ ᱞᱟᱡ ᱦᱟᱥᱳ ᱟᱨ ᱰᱟᱭᱨᱤᱭᱟ ᱞᱮᱠᱟᱱ ᱨᱩᱣᱟᱹ ᱨᱮᱭᱟᱜ ᱚᱡᱮ ᱦᱩᱭ ᱠᱚᱜᱼᱟ ᱾"
मैं आपकी शिकायत तुरंत ही सुपरवाइज़र को भेज देता हूँ।,ᱤᱧ ᱟᱹᱰᱤ ᱩᱥᱟᱹᱨᱟ ᱟᱢᱟᱜ ᱞᱟᱹᱞᱤᱥ ᱥᱩᱯᱟᱨᱵᱷᱟᱭᱡᱟᱨ ᱴᱷᱮᱱᱤᱧ ᱠᱩᱞᱼᱟ ᱾
इसके बाद वे स्थिति का निरीक्षण करने के लिए किसी को भेज देंगे।,ᱱᱤᱭᱟᱹ ᱛᱟᱭᱚᱢ ᱩᱱᱤ ᱦᱟᱞᱚᱛ ᱧᱮᱞ ᱞᱟᱹᱜᱤᱫ ᱡᱟᱦᱟᱸᱭᱮ ᱠᱩᱞ ᱠᱚᱣᱟ ᱾
अब आप घर जा सकते हैं।,ᱟᱢᱫᱚ ᱱᱤᱛ ᱚᱲᱟᱜ ᱪᱟᱞᱟᱜ ᱢᱮ ᱾
बाकी मैं कर लूंगा।,ᱵᱟᱹᱠᱤᱭᱟᱜ ᱫᱚ ᱤᱧ ᱠᱚᱨᱟᱣᱼᱟ
"हे, तुम अपनी हमेशा की जगह पर दिखाई नहीं दिए","ᱮᱭ, ᱤᱧ ᱚᱸᱰᱮ ᱵᱟᱹᱧ ᱧᱮᱞ ᱧᱟᱢ ᱟᱠᱟᱫ ᱢᱮᱭᱟ ᱾"
तुम आज कहाँ थे?,ᱚᱠᱟᱨᱮ ᱢᱤᱱᱟᱢᱟ ᱛᱮᱦᱮᱧ ?
ऐसा लगता है कि तुम कहीं से वापस आ रहे हो,ᱢᱚᱱᱮ ᱦᱩᱭᱩᱜ ᱠᱟᱱᱟ ᱟᱢ ᱡᱟᱦᱟᱸ ᱠᱷᱚᱱᱮᱢ ᱨᱩᱣᱟᱹᱲ ᱦᱤᱡᱩᱜ ᱠᱟᱱᱟ ᱾
कहाँ गए थे?,ᱚᱠᱟᱛᱮᱢ ᱥᱮᱱ ᱞᱮᱱᱟ ?
"लंबी कहानी है, थोड़ा समय दो मुझे","ᱟᱹᱰᱤ ᱢᱟᱨᱟᱝ ᱠᱟᱹᱦᱤᱱᱤ ᱠᱟᱱᱟ, ᱱᱟᱥᱮ ᱱᱟᱜ ᱚᱠᱛᱚ ᱤᱢᱟᱹᱧ ᱢᱮ ᱾"
मुझे बस ये कपड़े बदल लेने दो,ᱤᱧᱫᱚ ᱱᱚᱶᱟᱨᱮ ᱵᱚᱫᱚᱞ ᱤᱧ ᱠᱷᱚᱡᱚᱜ ᱠᱟᱱᱟ ᱾
कपड़ों की बात करें तो तुम्हारे तो फटे-पुराने और गंदे दिख रहे हैं,"ᱞᱩᱜᱽᱲᱤᱜ ᱨᱮᱭᱟᱜ ᱠᱟᱛᱷᱟ ᱞᱟᱹᱭ ᱞᱮᱠᱷᱟᱱ ᱜᱮ, ᱟᱢᱟᱜ ᱪᱮᱦᱮᱨᱟ ᱨᱟᱹᱜᱤ ᱟᱨ ᱵᱟᱹᱲᱤᱡᱚᱜᱼᱟ ᱾"
और ठीक इसीलिए मैं इन्हें गाँव में आने से पहले बदल रहा हूँ,ᱱᱚᱶᱟ ᱠᱷᱟᱹᱛᱤᱨ ᱛᱮᱜᱮ ᱟᱛᱩ ᱦᱤᱡᱩᱜ ᱞᱟᱦᱟᱨᱮ ᱱᱚᱶᱟᱧ ᱵᱚᱫᱚᱞ ᱟᱠᱟᱫᱟ ᱾
और मैं अब अपनी हमेशा की जगह पर नहीं आ सकता,ᱟᱨ ᱤᱧᱫᱚ ᱟᱵᱚᱣᱟᱜ ᱥᱟᱹᱵᱤᱠ ᱴᱷᱟᱶᱨᱮ ᱵᱟᱹᱧ ᱦᱮᱡ ᱫᱟᱲᱮᱭᱟᱜᱼᱟ ᱾
हर हफ़्ते सिगरेट नहीं ख़रीद सकता,ᱦᱟᱯᱛᱟ ᱯᱤᱪᱷᱤ ᱥᱤᱜᱟᱨᱮᱴ ᱦᱟᱛᱟᱣ ᱨᱮᱭᱟᱜ ᱫᱟᱲᱮ ᱵᱟᱹᱱᱩᱜ ᱛᱤᱧᱟᱹ ᱾
मैं सिगरेट पीना छोड़ने की कोशिश कर रहा हूँ,ᱤᱧ ᱯᱩᱸᱜᱤ ᱧᱩ ᱵᱟᱹᱜᱤᱭ ᱨᱮᱭᱟᱜ ᱤᱧ ᱨᱤᱠᱟᱹᱭᱮᱫᱟ ᱾
"वाह, इसकी तो उम्मीद नहीं थी","ᱳᱳ, ᱱᱤᱭᱟᱹᱫᱚ ᱟᱸᱥ ᱵᱟᱨᱦᱮ ᱛᱟᱦᱮᱸᱠᱟᱱᱟ ᱿"
और तुम्हारे पहले के सवाल का जवाब,ᱟᱨ ᱟᱢᱟᱜ ᱢᱟᱲᱟᱝ ᱨᱮᱭᱟᱜ ᱠᱩᱠᱞᱤ ᱛᱮᱞᱟ ᱮᱢ
मैं बस पास के गाँव से आ रहा हूँ,ᱥᱩᱨ ᱟᱛᱩ ᱠᱷᱚᱱ ᱱᱮᱜᱼᱮ ᱜᱮᱧ ᱨᱩᱣᱟᱹᱲ ᱦᱮᱡ ᱟᱠᱟᱱᱟ ᱾
"हाल ही में हुई बारिश ने चलती सड़क को बहा दिया, इसलिए मुझे लिफ़्ट ले लेकर आना पड़ा",ᱦᱟᱹᱞᱤᱜᱮ ᱫᱟᱜ ᱡᱟᱹᱯᱩᱫᱨᱮ ᱵᱮᱣᱦᱟᱨ ᱜᱟᱱᱚᱜ ᱞᱮᱠᱟᱱ ᱦᱚᱨ ᱟᱹᱛᱩ ᱵᱟᱱ ᱟᱠᱟᱱᱟ ᱚᱱᱟᱛᱮ ᱤᱧ ᱦᱟᱭᱠᱤᱝ ᱠᱚᱨᱟᱣ ᱦᱩᱭ ᱟᱠᱟᱱ ᱛᱤᱧᱟᱹ ᱾
वैसे तुम वहाँ जा क्यों रहे हो?,ᱮᱱᱦᱚᱸ ᱪᱮᱫᱟᱜ ᱚᱸᱰᱮᱱ ᱥᱮᱱᱚᱜ ᱠᱟᱱᱟ ?
"अगर तुम्हें किसी चीज़ में मदद चाहिए थी, तो तुम मुझसे पूछ सकते थे",ᱟᱢ ᱥᱟᱱᱟᱢ ᱚᱠᱛᱚᱜᱮ ᱤᱧᱮᱢ ᱠᱩᱞᱤ ᱫᱟᱲᱮᱭᱟᱹᱧᱟᱹ ᱡᱩᱫᱤ ᱟᱢ ᱡᱟᱦᱟᱱᱟᱜ ᱜᱚᱲᱚᱢ ᱠᱷᱚᱡ ᱠᱷᱟᱱ ᱾
मुझे नहीं लगता कि तुम मेरी वहाँ मदद कर पाते,ᱤᱧ ᱜᱚᱲᱚ ᱨᱮᱭᱟᱜ ᱫᱚ ᱱᱚᱸᱰᱮ ᱟᱞᱚᱢ ᱟᱸᱥ ᱵᱟᱲᱟᱜᱼᱟ ᱾
मैं वहाँ हर दूसरी सुबह फ़ुटबॉल खेलने जाता हूँ,ᱤᱧ ᱫᱤᱱᱟᱹᱢᱜᱮ ᱥᱮᱛᱟᱜᱨᱮ ᱚᱸᱰᱮ ᱯᱷᱩᱴᱵᱚᱞ ᱠᱷᱮᱞᱚᱜ ᱤᱧ ᱪᱟᱞᱟᱜᱼᱟ ᱾
गाँव के दूसरे छोर पर गोल पोस्ट और नेट वाला एक मैदान है,ᱚᱱᱟ ᱟᱛᱩ ᱦᱟᱱᱟᱥᱟᱨᱮ ᱜᱳᱞ ᱯᱳᱥᱴ ᱟᱨ ᱡᱟᱞ ᱥᱟᱶᱛᱮ ᱢᱤᱫᱴᱟᱝ ᱢᱟᱴ ᱢᱮᱱᱟᱜᱼᱟ ᱾
"चूँकि यह सार्वजनिक संपत्ति है, इसलिए कोई भी आकर खेल सकता है",ᱡᱟᱭᱜᱟ ᱫᱚ ᱥᱚᱨᱠᱟᱨᱟᱜ ᱠᱟᱱᱛᱮ ᱡᱟᱦᱟᱸᱭᱜᱮ ᱦᱮᱡ ᱠᱟᱛᱮᱜᱼᱮ ᱠᱷᱮᱞ ᱫᱟᱲᱮᱭᱟᱜᱼᱟ ᱾
"तो तुम खेलने के लिए जगह और समय पाने के लिए जल्दी जाते हो, है ना?","ᱚᱱᱟᱛᱮ ᱟᱢᱫᱚ ᱠᱷᱮᱞ ᱞᱟᱹᱜᱤᱫ ᱡᱟᱭᱜᱟ ᱟᱨ ᱚᱠᱛᱚ ᱧᱟᱢ ᱞᱟᱹᱜᱤᱫ ᱞᱚᱜᱚᱱᱮᱢ ᱪᱟᱞᱟᱜᱼᱟ, ᱥᱮ ᱵᱟᱝ ?"
"बिल्कुल, मुझे वहाँ कम से कम 7:30 तक पहुँच जाना होता है","ᱴᱷᱤᱠ, ᱤᱧ ᱗ᱺ᱓᱐ ᱴᱟᱲᱟᱝ ᱢᱩᱫᱽᱨᱮ ᱚᱸᱰᱮ ᱥᱮᱴᱮᱨᱚᱜ ᱦᱩᱭᱩᱜ ᱛᱤᱧᱟᱹ ᱾"
इसका मतलब है कि मुझे 5 बजे घर से निकलना पड़ता है,ᱚᱱᱟᱛᱮ ᱤᱧ ᱕ ᱴᱟᱲᱟᱝ ᱢᱩᱫᱽᱨᱮᱜᱮ ᱤᱧ ᱚᱲᱟᱜ ᱠᱷᱚᱱ ᱳᱰᱳᱠ ᱦᱩᱭᱩᱜ ᱛᱤᱧᱟᱹ ᱾
"इस सब में बहुत भागा-दौड़ी हो जाती है, पर क्या किया जा सकता है, हाँ?","ᱟᱹᱰᱤ ᱡᱚᱦᱚᱲ ᱜᱮᱭᱟ ᱱᱚᱶᱟᱫᱚ ᱢᱮᱱᱠᱷᱟᱱ ᱟᱞᱮ ᱪᱮᱫᱞᱮ ᱪᱤᱠᱟᱹᱫᱟᱲᱮᱭᱟᱜᱼᱟ, ᱥᱮ ᱵᱟᱝ ?"
इस गाँव में एक भी ऐसी खुली जगह नहीं है जिसका इस्तेमाल न किया गया हो,ᱱᱤᱭᱟᱹ ᱟᱛᱩᱨᱮ ᱞᱟᱹᱭ ᱛᱮᱱᱟᱜ ᱞᱮᱠᱟᱜ ᱢᱤᱫᱴᱟᱝ ᱦᱚᱸ ᱵᱟᱝ ᱵᱮᱣᱦᱟᱨ ᱟᱠᱟᱱ ᱠᱷᱟᱹᱞᱤ ᱡᱟᱭᱜᱟ ᱵᱟᱹᱱᱩᱜᱼᱟ ᱾
"हाँ, मैं मानता हूँ इस बात को",ᱟᱪᱷᱟ ᱤᱧ ᱢᱚᱱᱮ ᱠᱮᱫᱟ ᱱᱤᱭᱟᱹᱫᱚ ᱥᱟᱹᱨᱤ ᱜᱮᱭᱟ ᱾
क्या तुमने बड़े-बुजुर्गों से पूछा कि क्या वे कोई जगह खाली करा सकते हैं?,ᱟᱢ ᱪᱮᱫ ᱥᱮᱱᱲᱟ ᱦᱚᱲᱠᱚ ᱠᱩᱞᱤ ᱨᱮᱭᱟᱜ ᱮᱢ ᱨᱤᱠᱟᱹ ᱟᱠᱟᱫᱟ ᱡᱮ ᱩᱱᱠᱩ ᱡᱟᱭᱜᱟ ᱠᱚ ᱥᱟᱯᱷᱟ ᱫᱟᱲᱮᱭᱟᱜᱼᱟ ᱥᱮ ᱵᱟᱝ ?
"नहीं, उन्हें क्या मतलब है?","ᱵᱟᱝ, ᱪᱮᱰᱟᱜ ᱠᱚ ᱟᱹᱲᱤᱥᱚᱜᱼᱟ ?"
वो तो अपनी राजनीतिक और धार्मिक विचारधाराओं में ही उलझे रहते हैं,ᱩᱱᱠᱩᱫᱚ ᱟᱠᱚᱣᱟᱜ ᱨᱟᱡᱟᱹᱨᱤ ᱟᱨ ᱫᱷᱚᱨᱚᱢᱟᱱ ᱫᱤᱥᱦᱩᱫᱤᱥᱨᱮ ᱠᱚ ᱛᱚᱞ ᱜᱮᱭᱟ ᱾
यहाँ तक कि मेरा परिवार भी चाहता है कि मैं स्कूल जाना छोड़कर पैसे कमाने के लिए काम करने लगूँ,ᱮᱢᱚᱱ ᱪᱮᱫ ᱤᱧᱨᱮᱱ ᱚᱲᱟᱜ ᱦᱚᱲ ᱦᱚᱸᱠᱚ ᱠᱷᱚᱡᱚᱜ ᱠᱟᱱᱟ ᱤᱧ ᱤᱛᱩᱱ ᱟᱥᱲᱟ ᱪᱟᱞᱟᱜ ᱵᱟᱹᱜᱤ ᱠᱟᱛᱮᱜ ᱯᱩᱭᱥᱟᱹ ᱨᱳᱡᱜᱟᱨ ᱞᱟᱹᱜᱤᱫ ᱠᱟᱹᱢᱤᱧ ᱮᱦᱚᱵ ᱢᱟ ᱾
तुम्हें लगता है कि वे मुझे फ़ुटबॉल में आगे बढ़ने के लिए प्रोत्साहित करेंगे?,ᱟᱢ ᱪᱮᱫ ᱮᱢ ᱢᱚᱱᱮᱭᱟ ᱩᱱᱠᱩ ᱯᱷᱩᱴᱵᱚᱞ ᱠᱦᱮᱞ ᱞᱟᱹᱜᱤᱫ ᱤᱧ ᱠᱚ ᱩᱫᱜᱟᱹᱣ ᱤᱧᱟᱹ ?
"मैं समझता हूँ, यह बहुत दुख की बात है","ᱤᱧ ᱵᱩᱡᱷᱟᱹᱣ ᱮᱫᱟ, ᱱᱚᱶᱟᱫᱚ ᱟᱹᱰᱤ ᱫᱩᱠᱷ ᱨᱮᱭᱟᱜ ᱠᱟᱱᱟ ᱾"
सच कहो तो हमारे पास तो यहाँ कुछ भी ठीक से खेलने के लिए साधन तक नहीं हैं,ᱟᱥᱚᱞᱨᱮ ᱱᱚᱸᱰᱮ ᱴᱷᱤᱠ ᱥᱟᱹᱸᱦᱤᱡ ᱡᱟᱦᱟᱱᱟᱜ ᱠᱷᱮᱞ ᱞᱟᱹᱜᱤᱫ ᱟᱞᱮᱴᱷᱮᱱ ᱚᱱᱠᱟᱱ ᱫᱩᱨᱤᱵ ᱵᱟᱹᱱᱩᱜᱼᱟ ᱾
मैं कुछ जूते ख़रीदने के लिए अपना जेब खर्च बचा रहा हूँ,ᱵᱩᱴ ᱠᱤᱨᱤᱧ ᱞᱟᱹᱜᱤᱫ ᱤᱧ ᱤᱧᱟᱹᱜ ᱯᱩᱭᱥᱟᱧ ᱥᱟᱧᱪᱟᱣ ᱮᱫᱟ ᱾
फिर मैं योग्यता की परीक्षा में जाने की तैयारी करूँगा,ᱛᱟᱦᱚᱞᱮ ᱤᱧᱦᱚᱸ ᱱᱚᱜᱟ ᱞᱟᱹᱜᱤᱫ ᱤᱧ ᱨᱤᱠᱟᱭᱟ ᱾
देखते हैं क्या होता है,ᱧᱮᱞ ᱞᱮᱱᱜᱮ ᱪᱮᱫ ᱦᱩᱭᱩᱜᱼᱟ ᱾
क्या तुमने इस साल का रेसलमेनिया देखा?,ᱱᱤᱭᱟᱹ ᱥᱮᱨᱢᱟ ᱨᱮᱭᱟᱜ ᱨᱮᱥᱚᱞᱢᱮᱱᱤᱭᱟ ᱟᱢᱮᱢ ᱧᱮᱞ ᱟᱠᱟᱫᱟ ?
यह थोड़ा अलग लगा लेकिन रोड्स की वापसी से यह वाकई मज़ेदार था।,"ᱱᱚᱶᱟᱫᱚ ᱚᱠᱟ ᱞᱮᱠᱟ ᱪᱚ ᱟᱹᱭᱠᱟᱹᱣ ᱞᱮᱱᱟ, ᱢᱮᱱᱠᱷᱟᱱ ᱨᱳᱰᱥᱼᱟᱜ ᱨᱩᱣᱟᱹᱲ ᱦᱤᱡᱩᱜ ᱥᱟᱶᱛᱮ ᱱᱚᱶᱟᱫᱚ ᱮᱠᱟᱞᱜᱮ ᱨᱚᱢᱚᱡᱟᱱ ᱛᱟᱦᱮᱸᱠᱟᱱᱟ ᱾"
मैं वैसे ज़्यादा कुश्ती नहीं देखती हूँ लेकिन मैं इस साल रेसलमेनिया का इंतज़ार कर रही थी।,ᱤᱧᱫᱚ ᱥᱟᱫᱷᱟᱨᱚᱱᱚᱛᱚ ᱟᱹᱰᱤ ᱵᱟᱹᱲᱛᱤ ᱨᱮᱥᱞᱤᱝ ᱵᱟᱹᱧ ᱧᱮᱞᱟ ᱢᱮᱱᱠᱷᱟᱱ ᱱᱤᱭᱟᱹ ᱟᱮᱨᱢᱟ ᱨᱮᱥᱚᱞᱢᱮᱱᱤᱭᱟ ᱞᱟᱹᱜᱤᱫ ᱛᱟ>ᱜᱤᱧ ᱛᱟᱦᱮᱸᱠᱟᱱᱟ ᱾
हालाँकि मैं उसे नहीं देख पाई और बाद में बस हाइलाइट्स देखी।,ᱮᱱᱠᱷᱟᱱ ᱤᱧᱫᱚ ᱚᱱᱟ ᱵᱟᱹᱧ ᱧᱮᱞ ᱫᱟᱲᱮ ᱟᱠᱟᱫᱟ ᱟᱨ ᱦᱟᱭᱞᱟᱭᱤᱴᱠᱚ ᱛᱟᱭᱚᱢᱛᱮᱧ ᱧᱮᱞ ᱟᱠᱟᱫᱟ ᱾
मुझे पता नहीं था कि वह कहाँ आने वाला था।,ᱚᱠᱟᱨᱮ ᱧᱟᱢᱚᱜᱼᱟ ᱚᱱᱟ ᱵᱟᱹᱧ ᱵᱟᱰᱟᱭ ᱠᱟᱱ ᱛᱟᱦᱮᱸ ᱾
मुझे लगा कि यूट्यूब पर सीधा प्रसारण है।,ᱤᱧ ᱢᱚᱱᱮᱞᱮᱫᱟ ᱤᱭᱩᱴᱤᱭᱩᱵᱨᱮ ᱢᱤᱫ ᱞᱟᱭᱤᱵᱷ ᱥᱴᱨᱤᱢ ᱢᱮᱱᱟᱜᱼᱟ ᱾
लेकिन मैंने सोनी टेन 1 पर उसे देखा।,ᱢᱮᱱᱠᱷᱟᱱ ᱤᱧᱫᱚ ᱥᱳᱱᱤ ᱴᱨᱱ ᱨᱮᱧ ᱧᱮᱞ ᱟᱠᱟᱫᱟ ᱾
उसका डब्ल्यू.डब्ल्यू.ई. नेटवर्क पर भी सीधा प्रसारण किया गया था।,ᱱᱚᱶᱟᱫᱚ ᱰᱚᱵᱞᱩ ᱰᱚᱵᱞᱩ ᱤ ᱱᱮᱴᱳᱣᱨᱟᱠ ᱨᱮ ᱞᱟᱭᱤᱵᱷ ᱥᱴᱨᱤᱢ ᱠᱚᱨᱟᱣ ᱦᱩᱭ ᱞᱮᱱᱟ ᱾
"ओह, मुझे पता नहीं था कि वह सोनी चैनल पर भी आ रहा था।","ᱳᱦ, ᱤᱧ ᱵᱟᱹᱧ ᱵᱟᱲᱟᱭ ᱠᱟᱱ ᱛᱟᱦᱮᱸ ᱡᱮ ᱱᱚᱶᱟᱫᱚ ᱥᱳᱱᱤ ᱪᱮᱱᱮᱞᱨᱮ ᱧᱟᱢᱚᱜᱼᱟ ᱾"
दर असल वह 2 दिन की हाइलाइट थीं और उसे ही पूरे दिन चलाया गया।,ᱱᱚᱶᱟᱫᱚ ᱟᱥᱚᱞᱨᱮ ᱒ ᱫᱤᱱ ᱞᱟᱹᱜᱤᱫ ᱦᱟᱭᱞᱟᱭᱤᱴ ᱛᱟᱦᱮᱸᱠᱟᱱᱟ ᱟᱨ ᱜᱚᱴᱟ ᱫᱤᱱ ᱠᱦᱮᱞ ᱦᱩᱭᱞᱮᱱᱟ ᱾
तुम सोनी टेन 3 पर उसे हिंदी में भी देख सकती हो।,ᱥᱳᱱᱤ ᱴᱮᱱ ᱓ ᱨᱮ ᱟᱢ ᱦᱤᱱᱫᱤᱛᱮᱢ ᱧᱮᱞ ᱫᱟᱲᱮᱭᱟᱜᱼᱟ ᱾
तब तो मैंने मिस कर दिया।,ᱩᱱᱡᱚᱠᱷᱮᱱ ᱤᱧᱫᱚᱧ ᱯᱟᱹᱥᱩᱲ ᱟᱠᱟᱫᱟ ᱾
"अगली बार जब आएगा, तब मैं देखने की कोशिश करूँगी।",ᱛᱟᱭᱚᱢ ᱛᱮᱱᱟᱜ ᱦᱮᱡᱽ ᱞᱮᱱᱠᱷᱟᱱ ᱥᱟᱵᱽ ᱨᱮᱭᱟᱜ ᱤᱧ ᱨᱤᱠᱟᱹᱭᱟ ᱾
मैंने हमेशा चाहती थी कि पूरे इवेंट को सीधे प्रसारण में देख सकूँ लेकिन यहाँ के अधिकतर चैनल उसे कवर नहीं करते हैं।,ᱤᱧᱫᱚ ᱡᱟᱣᱜᱮ ᱨᱤᱠᱟᱹᱧ ᱠᱷᱚᱡᱽ ᱞᱮᱫᱟ ᱟᱨ ᱯᱩᱨᱟᱹ ᱞᱟᱭᱤᱵᱷ ᱤᱵᱷᱮᱱᱴ ᱧᱮᱞᱤᱧ ᱠᱷᱚᱡᱽᱞᱮᱱᱟ ᱢᱮᱱᱠᱷᱟᱱ ᱱᱚᱸᱰᱮ ᱟᱭᱢᱟ ᱪᱮᱱᱮᱞ ᱱᱚᱶᱟ ᱵᱟᱭ ᱠᱚᱵᱷᱟᱨᱟ ᱾
"हाँ, लेकिन तुम्हें दूसरे इवेंट को सीधे प्रसारण में देखने के लिए अगले रेसलमेनिया का इंतज़ार करने की ज़रूरत नहीं है।","ᱦᱮᱸ, ᱢᱮᱱᱠᱷᱟᱱ ᱮᱴᱟᱜ ᱞᱟᱭᱤᱵᱷ ᱤᱵᱷᱮᱱᱴ ᱧᱮᱞ ᱞᱟᱹᱜᱤᱫ ᱟᱢᱫᱚ ᱫᱚᱥᱟᱨ ᱨᱮᱥᱚᱞᱢᱮᱱᱤᱭᱟ ᱞᱟᱹᱜᱤᱫ ᱛᱟᱸᱜᱤ ᱵᱟᱝ ᱦᱩᱭᱩᱜ ᱛᱟᱢᱟ ᱾"
रेसलमेनिया बैकलैश 2022 अमेरिका में 8 मई को शाम 8 बजे होगा।,ᱨᱮᱥᱚᱞᱢᱮᱱᱤᱭᱟ ᱵᱞᱮᱞᱠᱞᱟᱥ ᱒᱐᱒᱒ ᱢᱟᱨᱠᱤᱱ ᱡᱩᱠᱛᱚᱨᱟᱥᱴᱨᱚ ᱨᱮ ᱘ ᱢᱮ ᱘ ᱯᱤ ᱮᱢ ᱨᱮ ᱦᱩᱭᱩᱜᱼᱟ ᱾
तो इंडिया में 9 मई को होगा और इवेंट सुबह साढ़े पाँच बजे शुरू होगा।,ᱚᱱᱟᱛᱮ ᱵᱷᱟᱨᱚᱛ ᱨᱮᱫᱚ ᱙ ᱢᱮ ᱦᱩᱭᱩᱜᱼᱟ ᱟᱨ ᱟᱠᱷᱲᱟ ᱫᱚ ᱮᱦᱚᱵᱚᱜᱼᱟ ᱥᱮᱛᱟᱜ ᱕ᱺ᱓᱐ ᱴᱟᱲᱟᱝ ᱨᱮ ᱾
मुझे उम्मीद है कि मैं उसे देख सकूँगी।,ᱤᱧ ᱟᱥᱚᱜ ᱠᱟᱹᱱᱟᱹᱧ ᱱᱚᱶᱟᱧ ᱧᱮᱞ ᱫᱟᱲᱮᱭᱟᱜᱼᱟ ᱾
वैसे थोड़ा मुश्किल होगा क्योंकि 9 मई को सोमवार है।,"᱙ ᱢᱮ ᱚᱛᱮ ᱢᱟᱦᱟ ,ᱱᱚᱶᱟ ᱟᱡᱷᱟᱴ ᱦᱩᱭ ᱰᱟᱲᱮᱭᱟᱜᱼᱟ ᱾"
लेकिन वह बहुत लंबा चलेगा तो तुम तब भी कुछ घंटे का शो देख सकती हो।,ᱢᱮᱱᱠᱷᱟᱱ ᱱᱚᱶᱟ ᱫᱚ ᱵᱮᱥ ᱡᱮᱞᱮᱧ ᱚᱠᱛᱚᱭ ᱦᱟᱛᱟᱣᱼᱟ ᱚᱱᱟᱛᱮ ᱟᱢ ᱱᱤᱛᱦᱚᱸᱥᱳ ᱨᱮᱭᱟᱜ ᱠᱤᱪᱷᱤ ᱴᱟᱲᱟᱝᱼᱮᱢ ᱧᱮᱞ ᱫᱟᱲᱮᱭᱟᱜᱼᱟ ᱾
बैकलैश के मुख्य इवेंट क्या हैं?,ᱵᱞᱟᱠᱞᱟᱥ ᱨᱮᱭᱟᱜ ᱢᱩᱲᱩᱫ ᱤᱵᱷᱮᱱᱴ ᱪᱮᱫ ᱠᱟᱱᱟ ?
इस इवेंट में ए.जे. स्टाइल्स का एज से और सेठ रोलिंग का कोडी रोड्स से मुकाबला होगा।,ᱟᱠᱷᱲᱟᱨᱮ ᱮ ᱡᱮ ᱥᱴᱟᱭᱤᱞᱥ ᱮᱡᱽ ᱟᱨ ᱥᱮᱛᱷ ᱨᱚᱞᱤᱱᱥ ᱠᱳᱰᱤ ᱨᱳᱰᱥ ᱵᱤᱨᱩᱫᱷᱨᱮᱭ ᱞᱟᱹᱲᱦᱟᱹᱭᱟ ᱾
"इस साल रोड्स की वापसी के बाद यह एक बड़ी बात होने जा रही है, जिससे प्रशंसक उत्साहित हैं।","ᱱᱤᱭᱟᱹ ᱥᱮᱨᱢᱟ ᱨᱳᱰᱥ ᱨᱮᱭᱟᱜ ᱟᱹᱨᱩᱝᱮᱨᱟᱣ ᱛᱟᱭᱚᱢ ᱱᱚᱶᱟᱫᱚ ᱢᱤᱫ ᱢᱟᱨᱟᱝ ᱵᱮᱯᱟᱨ ᱦᱩᱭᱩᱜ ᱛᱮ ᱪᱟᱞᱟᱜ ᱠᱟᱱᱟ, ᱵᱷᱚᱠᱛ ᱠᱚ ᱨᱟᱹᱥᱠᱟᱹ ᱜᱮᱭᱟ ᱾"
क्या कोई रोमांचक टैग मैच हैं?,ᱡᱟᱦᱟᱱ ᱪᱤᱨᱜᱟᱹᱞᱟᱱᱟᱜ ᱴᱮᱜ ᱢᱮᱪ ᱢᱮᱱᱟᱜᱼᱟ ?
"हाँ, इवेंट में सिक्स-मैन टैग टीम मैच होने वाला है।","ᱟᱥᱚᱞ ᱨᱮ ᱦᱮᱸ, ᱤᱵᱷᱮᱱᱴ ᱫᱚ ᱢᱤᱫ ᱛᱩᱨᱩᱭ ᱨᱟᱹᱥᱭᱟᱹᱼᱟᱱ ᱴᱮᱜ ᱴᱤᱢ ᱢᱮᱪ ᱦᱩᱭᱩᱜᱼᱟ ᱾"
रोमन रेन्स और उसोज़ का ड्रू मैकिनटायर और आर.के-ब्रो से मुकाबला होने वाला है।,ᱨᱳᱢᱟᱱ ᱨᱮᱭᱤᱱᱥ ᱟᱨ ᱤᱭᱩᱥᱳᱥ ᱰᱨᱩ ᱢᱮᱠᱤᱱᱴᱟᱭᱟᱨ ᱟᱨ ᱟᱨᱠᱮᱼᱵᱨᱳ ᱵᱤᱨᱩᱫᱷ ᱨᱮᱭ ᱠᱷᱮᱞᱟ ᱾
उन लोगों के पास बहुत सारे टाइटल हैं।,ᱩᱱᱠᱩ ᱦᱚᱲᱦᱚᱸ ᱟᱭᱢᱟ ᱩᱯᱨᱩᱢ ᱠᱚ ᱧᱟᱢ ᱟᱠᱟᱫᱟ ᱾
रोमन रेन्स तो डब्ल्यू.डब्ल्यू.ई. का यूनिवर्सल चैंपियन है न?,ᱨᱳᱢᱟᱱ ᱨᱮᱭᱤᱱᱥ ᱪᱮᱫ ᱣᱚᱵᱞᱩ ᱣᱚᱵᱞᱩ ᱤ ᱤᱭᱩᱱᱤᱵᱷᱟᱨᱥᱟᱞ ᱪᱮᱢᱯᱤᱚᱭᱚᱱ ᱵᱟᱝ ᱠᱟᱱᱟᱭ ᱾
हाँ और उसोज़ स्मैकडाउन टैग-टीम चैंपियंस हैं और आर.के-ब्रो रॉ टैग टीम चैंपियंस हैं।,"ᱦᱮᱸ, ᱟᱨ ᱤᱭᱩᱥᱳᱥ ᱫᱚ ᱦᱩᱭᱩᱜ ᱠᱟᱱᱟ ᱥᱢᱮᱠᱰᱟᱣᱩᱱ ᱴᱮᱜᱼᱴᱤᱢ ᱪᱮᱢᱯᱤᱭᱚᱱ ᱟᱨ ᱟᱨᱠᱮᱼᱵᱨᱚ ᱫᱚ ᱦᱩᱭᱩᱜ ᱠᱟᱱᱟ ᱨᱚ ᱴᱮᱼᱴᱤᱢ ᱪᱮᱢᱯᱤᱭᱚᱱ ᱾"
हालाँकि यह टाइटल मैच नहीं है लेकिन प्रशंसक उत्साहित हैं।,"ᱮᱱᱠᱷᱟᱱ ᱱᱤᱭᱟᱹ ᱵᱟᱨ ᱨᱮᱭᱟᱜ ᱫᱚ ᱥᱤᱨᱯᱟᱹ ᱢᱮᱪᱵᱟᱝ ᱠᱟᱱᱟ, ᱢᱮᱱᱠᱷᱟᱱ ᱵᱷᱚᱠᱛᱚ ᱠᱚᱫᱚ ᱠᱚ ᱠᱩᱥᱤ ᱜᱮᱭᱟ ᱾"
दोनों पक्ष प्रशंसकों के मनचाहे हैं और रैंडी ऑर्टन्स बनाम रेन्स एक ऐसा मुकाबला है जिसका प्रशंसक इंतज़ार कर रहे हैं।,ᱵᱟᱱᱟᱨ ᱯᱟᱦᱟᱴᱟ ᱜᱮ ᱵᱷᱚᱠᱛᱚ ᱠᱩᱥᱤᱭᱟᱱ ᱠᱟᱱᱟ ᱠᱤᱱ ᱟᱨ ᱨᱟᱱᱰᱤ ᱚᱨᱴᱚᱱ ᱥᱟᱶ ᱨᱮᱭᱤᱱᱥ ᱮᱢᱚᱱ ᱠᱤᱪᱷᱤ ᱠᱚᱨᱟᱣ ᱦᱩᱭᱩᱜ ᱛᱟᱠᱤᱱᱟ ᱡᱟᱦᱟᱸ ᱞᱟᱹᱜᱤᱫ ᱵᱷᱚᱠᱛᱚ ᱠᱚ ᱛᱟᱸᱜᱤ ᱟᱠᱟᱫᱟ ᱾
"हाँ, तो कोशिश करो और अगर हो सके तो देख लो, लेकिन समय की वजह से यह थोड़ा मुश्किल है।","ᱦᱮᱸ, ᱚᱱᱟᱛᱮ ᱱᱚᱶᱟᱫᱚ ᱨᱤᱠᱟᱹᱭ ᱢᱮ ᱟᱨ ᱦᱩᱭ ᱫᱟᱲᱮᱭᱟᱜ ᱠᱷᱟᱱ ᱱᱚᱶᱟ ᱧᱮᱞᱢᱮ, ᱮᱱᱠᱷᱟᱱ ᱚᱠᱛᱚ ᱠᱷᱟᱹᱛᱤᱨᱟᱜ ᱛᱮ ᱱᱚᱶᱟᱫᱚ ᱱᱟᱥᱮ ᱟᱡᱷᱟᱴᱼᱟ ᱾"
हाय डिम्पी! कैसी हो?,"ᱮᱭ ᱰᱤᱢᱯᱤ, ! ᱪᱮᱫ ᱞᱮᱠᱟ ᱢᱤᱱᱟᱢᱟ ?"
कितने दिनों से तुमसे बात नहीं हुई।,ᱟᱞᱟᱝ ᱢᱩᱪᱟᱹᱫ ᱠᱟᱛᱷᱟ ᱨᱚᱯᱚᱲ ᱛᱟᱭᱚᱢ ᱠᱤᱪᱷᱤ ᱚᱠᱛᱚᱜᱮ ᱦᱩᱭᱟᱠᱟᱱᱟ ᱾
सब कुछ ठीक है न?,ᱢᱩᱪᱦᱟᱹᱫ ᱟᱢᱟᱜ ᱥᱟᱱᱟᱢᱟᱜ ᱴᱷᱤᱠ ᱜᱮᱭᱟ ?
हाय देवांग! मैं ठीक हूँ।,"ᱮᱭ, ᱫᱮᱵᱟᱝᱜᱚ ! ᱤᱧᱫᱚ ᱱᱟᱯᱟᱭ ᱜᱮᱭᱟᱹᱧ ᱾"
"हाँ, बहुत दिन हो गए।","ᱦᱮᱸ, ᱟᱹᱰᱤ ᱫᱤᱱ ᱦᱩᱭ ᱟᱠᱟᱱᱟ ᱾"
यहाँ सब कुछ ठीक है बस मेरे कज़िन भाई को छोड़कर।,ᱥᱟᱱᱟᱢᱟᱜ ᱜᱮ ᱵᱮᱥ ᱜᱮᱭᱟ ᱤᱧᱨᱮᱱ ᱠᱟᱠᱟᱼᱠᱷᱩᱲᱟᱹ ᱵᱚᱭᱦᱟ ᱵᱟᱫ ᱠᱟᱛᱮᱜ ᱾
ओह! क्या हो गया उसे?,"ᱳᱦ, ᱪᱮᱫ ᱮ ᱪᱤᱠᱟᱹ ᱟᱠᱟᱱᱟ ?"
मैंने तो किसी से कुछ नहीं सुना।,ᱤᱧᱫᱚ ᱡᱟᱦᱟᱸᱭ ᱴᱷᱮᱱ ᱠᱷᱚᱱ ᱪᱮᱫᱦᱚᱸ ᱵᱟᱹᱧ ᱟᱸᱡᱚᱢ ᱟᱠᱟᱫᱟ ᱾
अब वो ठीक है न?,ᱱᱤᱛᱚᱜ ᱩᱱᱤ ᱢᱚᱡᱽᱜᱮ ᱢᱮᱱᱟᱭᱟ ?
दो हफ़्ते पहले उसका एक्सीडेंट हो गया था।,ᱪᱟᱞᱟᱣᱮᱱ ᱦᱟᱯᱛᱟᱨᱮ ᱩᱱᱤᱭᱟᱜ ᱮᱠᱥᱤᱰᱮᱱᱴ ᱦᱩᱭ ᱟᱠᱟᱱᱟ ᱾
भगवान की दया से अब वो ठीक हो रहा है।,ᱱᱤᱛ ᱫᱚ ᱪᱟᱸᱫᱳᱼᱟᱜ ᱫᱟᱭᱟᱛᱮᱭ ᱵᱮᱥᱚᱜ ᱠᱟᱱᱟ ᱾
भगवान का शुक्र है कि हेल्थ इंश्योरेंस से खर्च निकल गए।,ᱪᱟᱸᱫᱳ ᱵᱚᱸᱜᱟ ᱥᱟᱨᱦᱟᱣ ᱜᱮ ᱥᱟᱶᱟᱨ ᱵᱤᱢᱟᱹ ᱨᱮᱭᱟᱜ ᱠᱷᱚᱨᱚᱪᱮ ᱯᱩᱨᱩᱱ ᱟᱠᱟᱫᱟ ᱾
सुनकर अच्छा लगा कि वह ठीक हो रहा है।,ᱟᱸᱡᱚᱢ ᱠᱟᱛᱮᱜ ᱤᱧ ᱨᱟᱹᱥᱠᱟᱹᱭᱮᱱᱟ ᱡᱮ ᱩᱱᱤᱭ ᱪᱮᱴᱷᱟᱜ ᱠᱟᱱᱟ ᱾
कौन-सी हेल्थ इंश्योरेंस थी?,ᱥᱟᱶᱟᱨ ᱵᱤᱢᱟᱹ ᱫᱚ ᱪᱮᱫ ᱛᱟᱦᱮᱸᱠᱟᱱᱟ ?
मैं भी एक हेल्थ इंश्योरेंस लेने की सोच रहा हूँ।,ᱤᱧ ᱢᱤᱫᱴᱟᱝ ᱥᱟᱶᱟᱨ ᱵᱤᱢᱟᱹ ᱠᱤᱨᱤᱧ ᱨᱮᱭᱟᱜ ᱠᱟᱛᱷᱟᱧ ᱩᱭᱦᱟᱹᱨᱮᱫᱟ ᱾
"उसकी हेल्थ इंश्योरेंस, स्टार हेल्थ इंश्योरेंस थी।",ᱩᱱᱤᱭᱟᱜ ᱥᱟᱶᱟᱨ ᱵᱤᱢᱟᱹᱫᱚ ᱥᱴᱟᱨ ᱥᱟᱶᱟᱨ ᱵᱤᱢᱟᱹ ᱛᱟᱦᱮᱸᱠᱟᱱᱟ ᱾
उसने फ़ैमिली फ़्लोटर इंश्योरेंस ली थी।,ᱩᱱᱤᱫᱚ ᱢᱤᱫ ᱜᱷᱟᱸᱨᱚᱡᱤᱭᱟᱹ ᱯᱷᱞᱳᱴᱟᱨ ᱵᱤᱢᱟᱹᱭ ᱠᱤᱨᱤᱧ ᱟᱠᱟᱫ ᱛᱟᱦᱮᱸ ᱾
यह परिवार के 5 सदस्यों को कवर करती है।,ᱱᱚᱶᱟᱫᱚ ᱜᱷᱟᱸᱨᱚᱡᱽᱨᱮᱱ ᱕ ᱡᱚᱱᱟ ᱦᱚᱲᱟᱜ ᱮ ᱯᱩᱨᱩᱱᱟ ᱾
प्रीमियम कितना है?,ᱜᱚᱱᱚᱝ ᱞᱮᱠᱷᱟ ᱫᱚ ᱛᱤᱱᱟᱹᱜ ᱠᱟᱱᱟ ?
इसे क्या हर महीने रिन्यू करना पड़ता है?,ᱱᱚᱶᱟᱫᱚ ᱟᱞᱮ ᱪᱟᱸᱫᱳᱨᱮ ᱟᱨᱦᱚᱸᱞᱮ ᱱᱟᱶᱟ ᱨᱩᱣᱟᱹᱲ ᱫᱟᱲᱮᱭᱟᱜᱼᱟ ?
इसको कैसे ख़रीद सकते हैं?,ᱟᱞᱮ ᱪᱮᱠᱟᱛᱮᱞᱮ ᱠᱤᱨᱤᱧ ᱫᱟᱲᱮᱭᱟᱜᱼᱟ ?
क्या उससे बिना नकद पैसे दिए अस्पताल में भर्ती होने की सुविधा मिलती है?,ᱱᱚᱶᱟᱫᱚ ᱪᱮᱫ ᱵᱮᱜᱚᱨ ᱯᱩᱭᱥᱟᱹᱛᱮ ᱦᱟᱥᱯᱟᱛᱟᱞᱨᱮ ᱥᱩᱵᱤᱰᱟᱭ ᱮᱢᱚᱜᱼᱟ ?
"जो भी प्लान लिया जाता है, प्रीमियम उसके मुताबिक अलग-अलग होता है।",ᱟᱢ ᱡᱟᱦᱟᱸ ᱯᱟᱱᱛᱷᱟᱢ ᱵᱟᱪᱷᱟᱣᱼᱟ ᱚᱱᱟᱨᱮ ᱴᱮᱸᱦᱟᱰ ᱠᱟᱛᱮᱜ ᱜᱚᱱᱚᱝ ᱵᱚᱫᱚᱞᱚᱜᱼᱟ ᱾
बहुत सारे प्लानों में से तुम कोई भी चुन सकते हो।,ᱟᱢ ᱟᱭᱢᱟ ᱯᱟᱱᱛᱷᱟ ᱠᱷᱚᱱᱮᱢ ᱵᱟᱪᱷᱟᱣ ᱫᱲᱟᱮᱭᱟᱜᱼᱟ ᱾
डीटेल ऑनलाइन मिल सकते हैं।,ᱚᱱᱟᱫᱚ ᱵᱤᱪᱷᱱᱟᱹᱣᱛᱮ ᱚᱱᱞᱟᱭᱤᱱᱨᱮᱢ ᱧᱟᱢᱟ ᱾
"प्रीमियम तुम हर महीने, तीन माह पर, छः महीनों में या सालाना भर सकते हो।","ᱟᱢᱫᱚ ᱪᱟᱸᱫᱚᱨᱮ,ᱯᱮ ᱪᱟᱸᱫᱳᱨᱮ,ᱛᱩᱨᱩᱭ ᱪᱟᱸᱫᱳᱨᱮ ᱥᱮ ᱥᱮᱨᱢᱟᱨᱮ ᱯᱨᱤᱢᱤᱭᱟᱢᱮᱢ ᱮᱢ ᱫᱟᱲᱮᱭᱟᱜᱼᱟ ᱾"
"हाँ, ये इंश्योरेंस से अपने नेटवर्क वाले अस्पतालों में बिना नकद पैसे दिए अस्पताल में भर्ती होने की सुविधा देती है।","ᱦᱮᱸ, ᱱᱚᱶᱟᱫᱚ ᱵᱤᱢᱟᱹᱫᱚ ᱩᱱᱠᱩ ᱱᱮᱴᱳᱣᱟᱨᱠ ᱦᱟᱥᱯᱟᱛᱟᱞ ᱦᱚᱛᱮᱛᱮ ᱯᱩᱭᱥᱟᱹ ᱵᱮᱜᱚᱨᱛᱮ ᱦᱟᱥᱯᱟᱛᱟᱞᱨᱮ ᱵᱷᱩᱨᱛᱤᱭ ᱨᱮᱭᱟᱜ ᱫᱟᱣᱼᱮ ᱮᱢᱚᱜᱼᱟ ᱾"
उनके नेटवर्क के तहत पूरे भारत के 500 से ज़्यादा अस्पताल हैं।,ᱜᱚᱴᱟ ᱵᱷᱟᱨᱚᱛ ᱨᱮ ᱕᱐᱐ ᱜᱚᱴᱟᱝ ᱠᱷᱚᱱ ᱦᱚᱸ ᱵᱟᱹᱲᱛᱤ ᱦᱟᱥᱯᱟᱛᱟᱞ ᱩᱱᱠᱩᱣᱟᱜ ᱱᱮᱴᱳᱣᱟᱨᱠ ᱟᱶᱛᱟᱨᱮ ᱢᱮᱱᱟᱜᱼᱟ
यह तो बहुत अच्छा है!,ᱥᱟᱹᱨᱤᱜᱮ ᱵᱷᱟᱜᱮ ᱵᱩᱡᱷᱟᱹᱜ ᱠᱟᱱᱟ !
बिना नकद पैसे के अस्पताल में भर्ती होने की सुविधा से अस्पताल में उस समय का टेंशन कम हो जाता है।,ᱯᱩᱭᱥᱟ ᱵᱮᱜᱚᱨᱛᱮ ᱦᱟᱥᱯᱟᱛᱟᱞᱨᱮ ᱵᱷᱩᱨᱛᱤ ᱨᱮᱭᱟᱜ ᱥᱩᱵᱤᱫᱟ ᱦᱟᱥᱯᱟᱛᱟᱞᱨᱮ ᱵᱷᱩᱨᱛᱤᱜ ᱨᱮᱭᱟᱜ ᱟᱡᱦᱟᱴᱮ ᱠᱚᱢᱟᱼᱟ ᱾
हम हमेशा तो कैश ले कर चलते नहीं हैं।,ᱥᱟᱨᱟ ᱜᱷᱟᱹᱲᱤ ᱫᱚ ᱟᱵᱳᱴᱷᱮᱱ ᱯᱩᱭᱥᱟᱹ ᱵᱟᱝ ᱛᱟᱦᱮᱱᱟ ᱾
सबसे बड़ी बात ये है कि हमें नहीं पता होता है कि मुसीबत कब और कैसे आ जाए।,"ᱡᱚᱛᱚᱠᱷᱚᱱ ᱞᱟᱹᱠᱛᱤᱚᱭᱟᱱ, ᱟᱵᱳ ᱵᱟᱝ ᱵᱚ ᱵᱟᱰᱟᱭᱟ ᱛᱤᱱᱨᱮ ᱟᱨ ᱪᱮᱫ ᱞᱮᱠᱟᱨᱮ ᱵᱟᱹᱲᱤᱡᱽ ᱜᱷᱚᱴᱚᱱ ᱟᱵᱚ ᱥᱟᱢᱟᱝᱨᱮ ᱥᱮᱴᱮᱨᱚᱜᱼᱟ ?"
हमें नामांकन करते समय कोई मेडिकल सर्टिफ़िकेट देने की ज़रूरत पड़ती है क्या?,ᱚᱞ ᱥᱮᱞᱮᱫ ᱚᱠᱛᱚ ᱟᱞᱮ ᱡᱟᱦᱟᱱ ᱢᱮᱰᱤᱠᱮᱞ ᱥᱟᱨᱴᱤᱯᱷᱤᱠᱮᱴ ᱮᱢᱚᱜ ᱦᱩᱭᱩᱜ ᱛᱟᱞᱮᱭᱟ ?
40 से कम उमर वाले आवेदकों को कोई मेडिकल सर्टिफ़िकेट नहीं लगता है।,ᱟᱨᱫᱟᱥᱤᱭᱟᱹ ᱠᱚᱣᱟᱜ ᱩᱢᱮᱨ ᱔᱐ ᱥᱮᱨᱢᱟ ᱠᱷᱚᱱ ᱰᱷᱮᱨ ᱵᱟᱝ ᱠᱟᱱᱟ ᱩᱱᱠᱩ ᱞᱟᱹᱜᱤᱫ ᱫᱚ ᱡᱟᱦᱟᱱ ᱢᱮᱰᱤᱠᱮᱞ ᱥᱟᱨᱴᱤᱯᱷᱤᱠᱮᱴ ᱵᱟᱝ ᱞᱟᱹᱠᱛᱤᱼᱟ ᱾
अगर तुम्हें पहले से कोई बीमारी है तो फॉर्म में उसके बारे में बताना होगा।,ᱟᱢ ᱟᱢᱟᱜ ᱞᱟᱦᱟᱛᱮᱱᱟᱜ ᱨᱩᱣᱟᱹᱠᱚ ᱵᱟᱨᱮᱛᱮ ᱞᱟᱹᱭ ᱦᱩᱭᱩᱜ ᱛᱟᱢᱟ ᱡᱩᱫᱤ ᱚᱱᱟ ᱢᱮᱱᱟᱜᱼᱟ ᱾
नामांकन की प्रॉसेस सरल है।,ᱛᱟᱹᱞᱤᱠᱟ ᱨᱮ ᱥᱮᱞᱮᱫ ᱦᱚᱨᱟ ᱫᱚ ᱟᱞᱜᱟ ᱜᱮᱭᱟ ᱾
इस इंश्योरेंस को ऑनलाइन ख़रीद सकता हूँ क्या?,ᱱᱚᱶᱟ ᱵᱤᱢᱟᱹ ᱤᱧ ᱚᱱᱞᱟᱭᱤᱱ ᱛᱮᱧ ᱠᱤᱨᱤᱧ ᱫᱟᱲᱮᱭᱟᱜᱼᱟ ?
पॉलिसी हाथ में कब तक आएगी?,ᱯᱚᱞᱤᱥᱤ ᱛᱤᱥ ᱠᱚᱛᱮ ᱧᱟᱢᱚᱜ ᱨᱮᱭᱟᱜ ᱟᱱᱥ ᱤᱧ ᱫᱚᱦᱚ ᱫᱟᱲᱮᱭᱟᱜᱼᱟ ?
क्या वे इसे पोस्ट से भेजते हैं?,ᱩᱱᱠᱩ ᱫᱚ ᱪᱮᱫ ᱯᱳᱥᱴ ᱛᱮᱠᱚ ᱵᱷᱮᱡᱟᱭᱟ ?
"हाँ, इसे ऑनलाइन ख़रीद सकते हो।","ᱦᱮᱸ, ᱟᱢ ᱚᱱᱞᱟᱭᱤᱱ ᱛᱮᱢ ᱠᱤᱨᱤᱧ ᱰᱟᱲᱮᱭᱟᱜᱼᱟ ᱾"
"ऑनलाइन भुगतान करने के बाद, वे आपको आपके मेल पर पॉलिसी की सॉफ़्ट कॉपी भेज देंगे।","ᱚᱱᱞᱟᱭᱤᱱ ᱛᱮ ᱯᱮᱢᱮᱱᱴ ᱛᱟᱭᱚᱢ, ᱟᱢᱟᱜ ᱢᱮᱞ ᱨᱮ ᱯᱚᱞᱤᱥᱤ ᱨᱮᱭᱟᱜ ᱥᱚᱯᱷᱴ ᱠᱚᱯᱤ ᱠᱚ ᱵᱷᱮᱡᱟ ᱟᱢᱟ ᱾"
इसी की हार्ड कॉपी आपको पोस्ट से मिल जाएगी।,ᱦᱟᱰ ᱠᱚᱯᱤ ᱫᱚ ᱚᱱᱠᱟᱜᱮ ᱯᱳᱥᱴ ᱛᱮᱠᱚ ᱵᱷᱮᱡᱟ ᱟᱢᱟ ᱾
अधिक जानकारी के लिए उनकी वेबसाइट देख लेना प्लीज़।,ᱵᱤᱪᱷᱱᱟᱹᱣᱛᱮ ᱵᱟᱰᱟᱭ ᱞᱟᱹᱜᱤᱫ ᱩᱱᱠᱩᱣᱟᱜ ᱳᱭᱮᱵᱥᱟᱭᱤᱴ ᱧᱮᱞᱢᱮ ᱾
मैं तुम्हें लिंक भेज रही हूँ।,ᱤᱧ ᱞᱤᱝᱠ ᱤᱧ ᱵᱷᱮᱡᱟ ᱟᱢ ᱠᱟᱱᱟ ᱾
"यह गोवा है, बेबी!!!","ᱱᱚᱶᱟᱫᱚ ᱜᱳᱣᱟ ᱠᱟᱱᱟ, ᱜᱳ !!!"
मुझे विश्वास नहीं हो रहा कि हम आख़िरकार जा रहे हैं।,ᱤᱧ ᱵᱟᱹᱧ ᱯᱟᱹᱛᱭᱟᱹᱣ ᱫᱟᱲᱮᱭᱟᱜ ᱠᱟᱱᱟ ᱢᱩᱪᱟᱹᱫ ᱦᱟᱹᱵᱤᱡ ᱛᱮᱞᱟᱝ ᱥᱮᱱᱚᱜ ᱠᱟᱱᱟ ᱾
यह हमने शायद सातवीं बार प्लान बनाया था।,ᱱᱚᱶᱟᱫᱚ ᱟᱞᱟᱝ ᱮᱭᱟᱭ ᱫᱷᱟᱣ ᱞᱮᱠᱟᱞᱟᱝ ᱩᱭᱦᱟᱹᱨ ᱟᱠᱟᱫᱟ ᱾
एकदम दिल चाहता है वाली फीलिंग्स आ रही हैं।,ᱱᱚᱶᱟᱫᱚ ᱮᱠᱟᱞ ᱫᱤᱞ ᱪᱟᱦᱟᱛᱟ ᱦᱮ ᱵᱷᱟᱭᱤᱵᱥ ᱾
और यह आख़िरकार हो रहा है।,ᱟᱨ ᱢᱩᱪᱟᱹᱫ ᱦᱟᱹᱵᱤᱡᱛᱮ ᱱᱚᱶᱟᱫᱚ ᱦᱩᱭᱮᱱ ᱜᱮᱭᱟ ᱾
काश यह कन्वर्टिबल होती और लाल भी!,ᱡᱩᱫᱤ ᱱᱚᱶᱟ ᱵᱚᱫᱚᱞᱚᱜ ᱞᱮᱠᱟᱱᱟᱜ ᱦᱩᱭ ᱠᱚᱜ ᱟᱨ ᱟᱨᱟᱜ ᱦᱚᱸ ᱦᱩᱭ ᱠᱚᱜᱼᱟ !
"हाँ, मुझे पता है, है ना?",ᱤᱧ ᱴᱷᱤᱠᱟᱹᱱᱤᱧ ᱵᱟᱰᱟᱭᱟ ?
कितना शानदार लग रहा है।,ᱟᱹᱰᱤ ᱦᱟᱦᱟᱲᱟ ᱵᱩᱡᱷᱟᱹᱜ ᱠᱟᱱᱟ ᱱᱚᱶᱟᱫᱚ ᱾
"तो, क्या इस जर्नी के लिए हमारे पास कोई प्लान है?","ᱮᱱᱠᱷᱟᱱ, ᱟᱞᱟᱝᱼᱟᱜ ᱪᱮᱫ ᱥᱟᱸᱜᱷᱟᱨ ᱨᱮᱭᱟᱜ ᱯᱞᱮᱱ ᱢᱮᱱᱟᱜᱼᱟ ?"
"मुझे जज मत करने लगना, लेकिन यह मेरी पहली रोड ट्रिप है।","ᱟᱞᱚᱢ ᱵᱤᱪᱟᱹᱨᱤᱧᱟᱹ, ᱮᱱᱠᱷᱟᱱ ᱱᱚᱶᱟᱫᱚ ᱤᱧᱟᱹᱜ ᱯᱳᱭᱞᱳ ᱨᱳᱰ ᱴᱨᱤᱯ ᱠᱟᱱᱟ ᱾"
हम सबसे अच्छी प्लेलिस्ट सुनेंगे जो मैंने कल रात को बनाई थी।,ᱦᱚᱞᱟ ᱧᱤᱫᱟᱹ ᱤᱧᱤᱧ ᱥᱮᱴ ᱟᱠᱟᱫ ᱥᱮᱨᱮᱧ ᱞᱟᱝ ᱟᱸᱡᱚᱢᱟ ᱾
बारी-बारी से ड्राइव करेंगे।,ᱰᱨᱟᱭᱵᱷᱤᱝ ᱨᱮ ᱟᱹᱜᱩᱭ ᱢᱮ ᱾
और सबसे अच्छी तस्वीरों के लिए रुकते हुए चलेंगे।,ᱟᱨ ᱡᱚᱛᱚᱠᱷᱚᱱ ᱦᱟᱦᱟᱲᱟ ᱟᱱᱟᱜ ᱪᱤᱛᱟᱹᱨ ᱞᱟᱹᱜᱤᱫ ᱛᱤᱸᱜᱩᱭ ᱢᱮ ᱾
क्योंकि रास्ते में बेहतरीन नज़ारे हैं।,ᱪᱮᱫᱟᱜ ᱥᱮ ᱦᱚᱨ ᱨᱮᱱᱟᱜ ᱵᱷᱤᱣᱩ ᱟᱹᱰᱤ ᱦᱟᱦᱟᱲᱟ ᱜᱮᱭᱟ ᱾
मुझे उम्मीद है कि तुम्हारे पास सारे बॉलीवुड रोड ट्रिप के गाने होंगे।,ᱤᱧ ᱟᱥᱚᱜ ᱠᱟᱱᱟ ᱟᱢᱴᱷᱮᱱ ᱥᱟᱱᱟᱢ ᱵᱚᱞᱤᱣᱩᱰ ᱨᱳᱰ ᱴᱨᱤᱯ ᱥᱮᱨᱮᱧ ᱠᱚ ᱢᱮᱱᱟᱜᱼᱟ ᱾
और ज़ेड.एन.एम.डी. और दिल चाहता है के गानों के बिना कोई रोड ट्रिप हो ही नहीं सकती।,ᱡᱮᱰᱮᱱᱮᱢᱰᱤ ᱟᱨ ᱫᱤᱞ ᱪᱟᱦᱟᱛᱟ ᱦᱮ ᱥᱮᱨᱮᱧ ᱪᱷᱟᱰᱟ ᱚᱠᱟ ᱨᱳᱰ ᱴᱨᱤᱯ ᱜᱮ ᱵᱟᱝ ᱠᱟᱱᱟ ᱾
बिल्कुल!,ᱮᱠᱟᱞ ᱛᱮᱜᱮ !
मुझे लगता है कि बॉलीवुड ने हमें बिगाड़कर रख दिया है।,ᱤᱧᱟᱹᱜ ᱢᱚᱱᱮ ᱦᱩᱭᱩᱜ ᱠᱟᱱᱟ ᱵᱚᱞᱤᱣᱩᱰ ᱟᱵᱚᱭ ᱵᱟᱹᱲᱤᱡ ᱮᱫ ᱵᱚᱱᱟ ᱾
हम अपना हर अनुभव उससे कम्पेयर करने की कोशिश करते हैं।,ᱟᱞᱮ ᱱᱚᱶᱟ ᱥᱟᱶᱛᱮ ᱥᱟᱱᱟᱢ ᱵᱩᱡᱩᱱ ᱛᱩᱞᱟᱹᱡᱚᱠᱷᱟᱭ ᱨᱮᱭᱟᱜ ᱞᱮ ᱨᱤᱠᱟᱹᱭᱟ ᱾
लेकिन उसने कुछ स्टैंडर्ड भी बनाए हैं जो अच्छी बात है।,ᱢᱮᱱᱠᱷᱟᱱ ᱱᱚᱶᱟ ᱠᱤᱪᱷᱤ ᱢᱟᱹᱱᱮ ᱵᱟᱪᱷᱟᱣ ᱮᱫᱟ ᱡᱟᱦᱟᱸᱫᱚ ᱵᱷᱟᱜᱮ ᱜᱮᱭᱟ ᱾
"ये लो, चलो इसे कनेक्ट करते हैं।","ᱱᱚᱸᱰᱮ, ᱱᱚᱶᱟ ᱞᱟᱜᱟᱣ ᱢᱮ ᱾"
मैं मानती हूँ! मेरी पूरी लाइफ़ बॉलीवुड के आस-पास घूमती है।,ᱤᱧ ᱨᱮᱵᱮᱱ ᱜᱮᱭᱟ ! ᱤᱧᱟᱹᱜ ᱜᱚᱴᱟ ᱡᱤᱭᱚᱱ ᱜᱮ ᱵᱚᱞᱤᱣᱩᱰ ᱨᱮ ᱾
"तो, ड्राइव कितनी लंबी है?","ᱟᱫᱚ, ᱰᱨᱟᱭᱤᱵᱷ ᱛᱤᱱ ᱜᱷᱟᱹᱲᱤᱡ ?"
रास्ते में तस्वीरें लेने के अलावा भी हम कुछ कर सकते हैं क्या?,ᱯᱷᱚᱴᱳ ᱛᱩᱞᱟᱹᱣ ᱪᱷᱟᱰᱟ ᱦᱚᱨ ᱟᱨ ᱪᱮᱫ ᱵᱚ ᱪᱤᱠᱟᱹ ᱫᱟᱲᱮᱭᱟᱜᱼᱟ ?
रुको! मुझे अभी समझ में आया कि तुमने कहा यह तुम्हारी पहली रोड ट्रिप है।,ᱛᱟᱹᱸᱜᱤᱭ ᱮᱢ ! ᱤᱧ ᱱᱮᱜᱼᱮ ᱜᱮᱧ ᱵᱩᱡᱷᱟᱹᱣ ᱠᱮᱫᱟ ᱡᱮ ᱟᱢᱮᱢ ᱞᱟᱹᱭᱮᱫ ᱛᱟᱦᱮᱸ ᱱᱚᱶᱟᱫᱚ ᱟᱢᱟᱜ ᱯᱳᱭᱞᱳ ᱨᱳᱰ ᱴᱨᱤᱯ ᱠᱟᱱᱟ ᱾
सच में?,ᱥᱟᱹᱨᱤᱜᱮ !
"अगर ऐसा है, तो हमें उसे यादगार बनाना होगा।","ᱡᱩᱫᱤ ᱚᱱᱟᱜᱮ ᱠᱟᱱᱟ, ᱟᱵᱳᱫᱚ ᱱᱚᱶᱟ ᱩᱭᱦᱟᱹᱨ ᱫᱚᱦᱚᱭ ᱞᱮᱠᱟ ᱠᱚᱨᱟᱣ ᱦᱩᱭᱩᱜ ᱛᱟᱵᱚᱱᱟ ᱾"
तुम्हें ऐसा करना होगा! मैं चाहती हूँ कि यह अनुभव बेमिसाल हो।,ᱟᱢᱜᱮ ᱠᱚᱨᱟᱣ ᱦᱩᱭᱩᱜ ᱛᱟᱢᱟ ! ᱱᱚᱶᱟ ᱢᱤᱫ ᱩᱭᱦᱟᱹᱨᱟᱱᱟᱜ ᱵᱩᱡᱩᱱ ᱦᱩᱭᱩᱜ ᱢᱟᱧ ᱠᱷᱚᱡ ᱠᱟᱱᱟ ᱾
पता नहीं मुझे अगली बार ऐसा करना का मौका कब मिलेगा।,ᱤᱧ ᱵᱟᱹᱧ ᱵᱟᱰᱟᱭᱟ ᱱᱚᱶᱟ ᱟᱨᱦᱚᱸ ᱛᱤᱥᱤᱧ ᱠᱚᱨᱟᱣ ᱫᱟᱲᱮᱭᱟᱜᱼᱟ ᱾
मैं ट्रेन और फ़्लाइट की ही ज़्यादा आदत है।,ᱤᱧᱫᱚ ᱨᱤᱞᱜᱟᱹᱰᱤ ᱟᱨ ᱩᱰᱟᱹᱱᱜᱟᱹᱰᱤᱨᱮ ᱫᱮᱡᱚᱜ ᱤᱧ ᱦᱮᱣᱟ ᱜᱮᱭᱟ ᱾
वे ज़्यादा आरामदेह नहीं लगतीं क्या?,ᱚᱱᱟᱠᱚᱫᱚ ᱟᱨᱦᱚᱸ ᱥᱩᱵᱤᱰᱟ ᱜᱮᱭᱟ ᱥᱮ ᱵᱟᱝ ?
ख़ासतौर पर जब ट्रिप बहुत छोटी हो।,ᱠᱷᱟᱥ ᱠᱟᱛᱮᱜ ᱡᱚᱠᱷᱚᱱ ᱴᱨᱤᱯ ᱠᱷᱟᱴᱚ ᱧᱚᱜ ᱦᱩᱭᱩᱜᱼᱟ ᱾
मुझे रोड ट्रिप कहीं ज़्यादा आरामदेह लगती हैं।,ᱤᱧᱫᱚ ᱟᱨᱦᱚᱸ ᱥᱩᱵᱤᱫᱟᱼᱟᱜ ᱨᱳᱰ ᱴᱨᱤᱯ ᱩᱯᱟᱹᱭᱤᱧ ᱯᱟᱸᱡᱟᱭᱟ ᱾
और उससे तुम्हें वाकई छुट्टियों का एहसास होता है।,ᱟᱨ ᱩᱱᱠᱩᱫᱚ ᱟᱢ ᱢᱤᱫ ᱪᱷᱩᱴᱤ ᱨᱮᱠᱚ ᱵᱚᱫᱚᱞ ᱢᱮᱭᱟ ᱾
तो तुम ज़्यादा रिलैक्स महसूस कर सकती हो।,ᱚᱱᱟᱛᱮ ᱟᱢ ᱟᱨᱦᱚᱸ ᱵᱷᱟᱜᱮᱢ ᱵᱩᱡᱼᱟ ᱾
"फ़्लाइट से तो बस उड़े, और...लो..पहुँच गए!",ᱥᱟᱶᱛᱮ ᱩᱰᱟᱹᱱᱜᱟᱹᱰᱤᱹᱹᱹᱹᱹᱵᱩᱢᱹᱹᱹᱹᱹᱹᱟᱢ ᱚᱱᱰᱮ !
ट्रेनें फिर भी ठीक हैं।,ᱨᱤᱞᱜᱟᱹᱰᱤ ᱠᱚᱫᱚ ᱱᱤᱛᱦᱚᱸ ᱵᱷᱟᱜᱮ ᱝᱮᱭᱟ ᱾
"वो तो है, लेकिन रोड ट्रिप में आधी छुट्टियाँ रोड पर निकल जाती हैं।","ᱚᱱᱟᱫᱚ ᱢᱮᱱᱟᱜᱼᱟ, ᱢᱮᱱᱠᱷᱟᱱ ᱨᱳᱰ ᱴᱨᱤᱯ ᱨᱮᱫᱚ, ᱟᱫᱷᱟ ᱪᱷᱩᱴᱤ ᱫᱚ ᱦᱚᱨ ᱨᱮᱜᱮ ᱪᱟᱞᱟᱜᱼᱟ ᱾"
लेकिन मुझे लगता है कि दोनों के अपनी-अपनी खूबियाँ हैं।,ᱢᱮᱱᱠᱷᱟᱱ ᱤᱧᱟᱹᱱ ᱚᱱᱢᱟᱱ ᱵᱟᱱᱟᱨ ᱨᱮᱭᱟᱜ ᱜᱮ ᱟᱯᱱᱟᱨ ᱥᱩᱵᱤᱫᱟ ᱢᱮᱱᱟᱜᱼᱟ ᱾
देखते हैं रोड ट्रिप को लेकर गोवा मेरा नज़रिया बदलता है या नहीं।,ᱧᱮᱞ ᱞᱮᱱᱜᱮ ᱜᱚᱣᱟ ᱨᱳᱰ ᱴᱨᱤᱯ ᱵᱟᱨᱮᱛᱮ ᱤᱧᱟᱹᱜ ᱩᱭᱦᱟᱹᱨ ᱵᱷᱟᱵᱱᱟᱭ ᱵᱚᱫᱚᱞᱟ ᱥᱮ ᱵᱟᱝ ᱾
ये तुम्हें बदल देगी।,ᱱᱚᱶᱟᱫᱚ ᱟᱢᱮ ᱵᱚᱫᱚᱞ ᱢᱮᱭᱟ ᱾
"लेकिन पहले, हमें एक छोटा-सा स्टॉप लेना होगा।","ᱢᱮᱱᱠᱷᱟᱱ ᱯᱳᱭᱞᱳ ᱨᱮ, ᱟᱵᱳ ᱢᱤᱫᱴᱟᱝ ᱯᱤᱴ ᱥᱴᱚᱯ ᱠᱚᱨᱟᱣ ᱦᱩᱭᱩᱜ ᱛᱟᱵᱚᱱᱟ ᱾"
बहुत मज़ा आने वाला है।,ᱟᱹᱰᱤ ᱨᱟᱥᱠᱟᱹ ᱟᱱᱟᱜ ᱦᱩᱭᱩᱜ ᱛᱮ ᱪᱟᱞᱟᱜ ᱠᱟᱱᱟ ᱾
"तुम पेट्रोल भरवाओ, तब तक मैं बाहर कुछ तस्वीरें ले लेती हूँ।",ᱤᱧ ᱵᱟᱨᱦᱮ ᱨᱮ ᱠᱤᱪᱷᱤ ᱯᱷᱚᱴᱚ ᱛᱩᱞᱟᱹᱣ ᱟᱪᱚᱣᱟᱹᱧ ᱢᱮ ᱡᱚᱠᱷᱚᱱ ᱟᱢᱮᱢ ᱡᱩᱞᱟ ᱾
"हाय, मैंने सुना कि तुम्हारा भाई ए.पी. ढिल्लों के कॉन्सर्ट आयोजकों को जानता है।","ᱮᱭ, ᱤᱧ ᱟᱸᱡᱚᱢᱠᱮᱫᱟ ᱟᱢᱨᱮᱱ ᱵᱚᱭᱦᱟ ᱫᱚ ᱠᱚᱱᱥᱟᱨᱴ ᱥᱟᱥᱟᱯᱲᱟᱣᱠᱩᱭ ᱩᱨᱩᱢ ᱠᱚᱣᱟ ᱾"
"मैं बहुत समय से कुछ पास लेने की कोशिश कर रहा हूँ, लेकिन मुझे अभी तक नहीं मिले।","ᱟᱭᱢᱟ ᱫᱤᱱ ᱠᱷᱚᱱ ᱤᱧ ᱫᱚ ᱠᱤᱪᱷᱩ ᱯᱟᱥ ᱨᱮᱭᱟᱜᱤᱧ ᱥᱮᱸᱫᱨᱟᱭᱮᱫᱟ, ᱢᱮᱱᱠᱷᱟᱱ ᱱᱤᱛ ᱦᱚᱸ ᱵᱟᱹᱧ ᱧᱟᱢᱟᱠᱟᱫᱟ ᱾"
"क्या तुम मेरी मदद करोगे, प्लीज़?","ᱫᱟᱭᱟᱠᱟᱛᱮ, ᱟᱢ ᱠᱤᱢ ᱜᱚᱲᱚ ᱫᱟᱲᱤᱭᱟᱹᱧᱟ ?"
"हाँ, वो आयोजकों की टीम में भी है।","ᱦᱮᱸ, ᱩᱱᱤ ᱫᱚ ᱥᱟᱥᱟᱯᱲᱟᱣᱟᱜ ᱜᱟᱫᱮᱞ ᱨᱮᱦᱚᱸ ᱩᱱᱤ ᱫᱚ ᱢᱮᱱᱟᱭᱟ ᱾"
मैं उससे पूछूँगी कि कोई एक्स्ट्रा टिकट हैं या नहीं।,ᱵᱟᱹᱲᱛᱤ ᱴᱤᱠᱤᱴ ᱢᱮᱱᱟᱜᱼᱟ ᱥᱮ ᱵᱟᱝ ᱩᱱᱤᱧ ᱠᱩᱞᱤᱭᱮᱭᱟ ᱾
तुम्हें कितने टिकट चाहिए?,ᱛᱤᱱᱟᱹᱜ ᱜᱟᱱ ᱴᱤᱠᱤᱴ ᱟᱢ ᱫᱚᱢ ᱠᱷᱚᱡᱽᱚᱜ ᱠᱟᱱᱟ ?
"मुझे पाँच टिकट चाहिए, अपने और अपने दोस्तों के लिए।","ᱤᱧ ᱫᱚ ᱢᱚᱸᱲᱮ ᱜᱚᱴᱮᱱ ᱴᱤᱠᱤᱴᱤᱧ ᱠᱷᱚᱡᱚᱜ ᱠᱟᱱᱟ, ᱤᱧ ᱞᱟᱹᱜᱤᱫ ᱟᱨ ᱤᱧᱨᱮᱱ ᱜᱟᱛᱤ ᱞᱟᱹᱜᱤᱫ ᱾"
"जब हमने प्लान किया था, तब एक टिकट करीब 10 हजार का था।",ᱟᱞᱮᱞᱮ ᱜᱚᱴᱟᱞᱮᱫ ᱚᱠᱛᱮ ᱢᱤᱫᱴᱟᱝ ᱴᱤᱠᱤᱴ ᱨᱮᱭᱟᱜ ᱜᱚᱱᱚᱝ ᱫᱚ ᱑᱐ ᱦᱟᱡᱟᱨ ᱛᱟᱦᱮᱸᱠᱟᱱᱟ ᱾
लेकिन सुना है कि अब वो 35 हजार से 40 हजार में बेच रहे हैं।,"ᱢᱮᱱᱠᱷᱟᱱ ᱟᱸᱡᱚᱢ ᱠᱤᱫᱟᱹᱧ, ᱱᱤᱛᱚᱜ ᱚᱱᱟ ᱫᱚ ᱟᱹᱠᱷᱨᱤᱧᱚᱜ ᱠᱟᱱᱟ ᱓᱕ ᱠᱷᱚᱱ ᱔᱐ ᱦᱟᱡᱟᱨᱛᱮ ᱾"
तुम कीमत भी कन्फ़र्म कर सकते हो क्या?,ᱟᱢ ᱫᱚ ᱪᱮᱫ ᱜᱚᱱᱚᱝ ᱦᱚᱸᱢ ᱴᱷᱟᱹᱣᱠᱟᱹ ᱫᱟᱲᱮᱭᱟᱜᱼᱟ ?
"असल में आयोजकों ने जो अनुमान लगाया था, वो कुछ हद तक बढ़ गया है।",ᱠᱷᱚᱨᱚᱪ ᱫᱚ ᱟᱥᱚᱞᱨᱮ ᱥᱟᱥᱟᱯᱲᱟᱣᱠᱩᱣᱟᱜ ᱦᱤᱥᱟᱹᱵ ᱠᱷᱚᱱ ᱠᱟᱹᱴᱤᱡᱽ ᱡᱟᱹᱥᱛᱤ ᱪᱟᱞᱟᱣᱟᱠᱟᱱᱟ ᱾
लेकिन वो इतने भी महँगे नहीं हैं जैसा तुम बता रहे हो।,ᱢᱮᱱᱠᱷᱟᱱ ᱚᱱᱟ ᱫᱚ ᱟᱢᱮᱢ ᱢᱮᱱᱮᱫᱞᱮᱠᱟ ᱫᱚ ᱵᱟᱝ ᱜᱚᱱᱚᱝ ᱟ ᱾
"कुछ एजेंट हैं जो ब्लैक में टिकट बेच रहे हैं, तो हो सकता है कि तुमने उनसे सुना हो।","ᱠᱤᱪᱷᱩ ᱮᱡᱮᱱᱴ ᱡᱟᱦᱟᱸᱭ ᱫᱚ ᱵᱞᱟᱠᱛᱮ ᱠᱩ ᱟᱹᱠᱷᱨᱤᱧᱮᱫᱟ, ᱚᱱᱟᱛᱮ ᱩᱝᱠᱩ ᱴᱷᱮᱱ ᱠᱷᱚᱱ ᱡᱟᱹᱱᱤᱡᱽᱮᱢ ᱟᱸᱡᱚᱢᱟᱠᱟᱫᱟ ᱾"
एक टिकट 8 हज़ार का है।,ᱴᱤᱠᱤᱴ ᱨᱮᱭᱟᱜ ᱜᱚᱱᱚᱝ ᱫᱚ ᱦᱚᱲ ᱯᱤᱪᱷᱟᱹ ᱘ ᱦᱟᱡᱟᱨ ᱾
लेकिन मुझे डाउट है कि मैं इस समय 5 टिकट अरेंज कर सकूंगी।,ᱢᱮᱱᱠᱷᱟᱱ ᱤᱧᱟᱜ ᱦᱤᱸᱫᱤᱡᱽ ᱤᱧ ᱫᱚ ᱱᱤᱭᱟᱹ ᱚᱠᱛᱚ ᱕ ᱜᱚᱴᱮᱡᱽ ᱴᱤᱠᱤᱴᱤᱧ ᱡᱚᱜᱟᱲ ᱫᱟᱲᱮᱭᱟᱜᱼᱟ ᱾
तुम बिल्कुल सही कह रही हो कि दलाल ही हैं जो कीमतें बढ़ा देते हैं।,ᱟᱢ ᱫᱚ ᱠᱷᱟᱹᱴᱤᱜᱤ ᱴᱷᱤᱠᱮᱢ ᱞᱟᱹᱭᱟᱠᱟᱫᱟ ᱡᱮ ᱢᱤᱰᱤᱞᱢᱮᱱᱠᱩ ᱜᱤ ᱜᱚᱱᱚᱝ ᱫᱚ ᱠᱩ ᱵᱟᱹᱲᱛᱤᱭᱟᱠᱟᱫᱟ ᱾
ये सब आयोजकों तक नहीं जाता है लेकिन इससे कीमतें बहुत प्रभावित होती हैं।,ᱚᱱᱟ ᱫᱚ ᱥᱟᱥᱟᱯᱲᱟᱣᱠᱩ ᱴᱷᱮᱱ ᱫᱚ ᱵᱟᱝ ᱪᱟᱞᱟᱜᱼᱟ ᱢᱮᱱᱠᱷᱟᱱ ᱜᱚᱱᱚᱝ ᱫᱚ ᱟᱹᱰᱤᱜᱤᱭ ᱮᱥᱮᱲᱟ ᱾
फैन पागल होते हैं कि वो तब भी उनसे ख़रीद लेते हैं।,ᱯᱷᱮᱱᱠᱩ ᱫᱚ ᱱᱩᱱᱟᱹᱜ ᱯᱟᱜᱞᱟ ᱡᱮ ᱩᱝᱠᱩ ᱴᱷᱮᱱᱜᱤ ᱠᱩ ᱦᱟᱛᱟᱣᱟ ᱾
मैं इसी कारण से अपना प्लान छोड़ने वाला था लेकिन मुझे तुम्हारी याद आ गई।,"ᱚᱱᱟ ᱠᱷᱟᱹᱛᱤᱨ ᱤᱧ ᱫᱚ ᱯᱩᱨᱟᱹ ᱯᱞᱮᱱᱜᱤᱧ ᱵᱟᱹᱛᱤᱞᱮᱫᱠᱟᱱ ᱛᱟᱦᱮᱸᱠᱟᱱᱟ, ᱢᱮᱱᱠᱷᱟᱱ ᱩᱱ ᱚᱠᱛᱮᱜᱤ ᱟᱢᱟᱜ ᱠᱟᱛᱷᱟᱧ ᱫᱤᱥᱟᱹᱠᱮᱫᱟ ᱾"
"अगर 5 लेना मुश्किल है, तो क्या तुम कम से कम 2 के लिए ट्राई कर सकते हो?","᱕ ᱜᱚᱴᱮᱡᱽ ᱧᱟᱢ ᱢᱩᱥᱠᱤᱞ ᱦᱩᱭᱩᱜ ᱠᱷᱟᱱ, ᱠᱚᱢᱼᱥᱮᱼᱠᱚᱢ ᱵᱟᱨᱮᱭᱟᱢ ᱒ ᱧᱟᱢ ᱫᱟᱲᱮᱭᱟᱹᱧᱟ ?"
2 टिकट अरेंज हो सकती हैं।,᱒ ᱴᱤᱠᱤᱴ ᱫᱚᱧ ᱡᱚᱜᱟᱲ ᱫᱟᱲᱮᱭᱟᱜᱼᱟ ᱾
मैं अपने भाई से पूछूँगी और जल्द ही तुम्हारे लिए टिकट ले लूँगी।,ᱤᱧ ᱵᱚᱭᱦᱟ ᱠᱩᱞᱤᱠᱟᱛᱮ ᱟᱹᱰᱤ ᱩᱥᱟᱹᱨᱟᱜᱤ ᱴᱤᱠᱤᱴᱠᱩ ᱟᱢᱟᱜ ᱛᱤ ᱨᱮᱧ ᱮᱢᱟᱢᱟ ᱾
"तुम उन्हें सीधे पेमेंट भेज सकते हो, वह आसान रहेगा।","ᱟᱢ ᱫᱚ ᱩᱱᱤᱜᱤ ᱠᱟᱹᱣᱰᱤᱢ ᱵᱷᱮᱡᱟ ᱫᱟᱲᱮᱣᱟᱭᱟ, ᱚᱱᱟᱜᱤ ᱟᱞᱜᱟ ᱦᱩᱭᱩᱜᱼᱟ ᱾"
"थैंक यू यार, मैंने अपनी गर्लफ़्रेंड को प्रॉमिस किया था।","ᱟᱭᱢᱟ ᱥᱟᱨᱦᱟᱣ ᱜᱟᱛᱤ ᱛᱤᱧ, ᱤᱧᱨᱮᱱ ᱜᱟᱛᱤᱠᱩᱲᱤᱧ ᱠᱟᱛᱷᱟᱣᱟᱠᱟᱣᱟᱫᱤᱭᱟ ᱾"
वो मुझे अगले कॉन्सर्ट तक परेशान कर डालती।,ᱦᱟᱯᱮᱱ ᱠᱚᱱᱥᱟᱨᱴ ᱫᱷᱟᱹᱵᱤᱡᱽᱼᱮ ᱡᱚᱞᱟᱣᱠᱤᱧᱟ ᱾
"वैसे, म्यूज़िक के लिए कौन ऐसे कॉन्सर्ट में जाता है यार, यह मेरे बस का नहीं है।","ᱡᱟᱦᱟᱸᱜᱤ ᱦᱩᱭᱩᱜ, ᱥᱮᱨᱮᱧ ᱞᱟᱹᱜᱤᱫ ᱱᱚᱝᱠᱟᱱ ᱠᱚᱱᱥᱟᱨᱴ ᱨᱮ ᱚᱠᱚᱭ ᱪᱟᱞᱟᱜᱼᱟ ᱜᱟᱛᱤ, ᱱᱚᱣᱟ ᱫᱚ ᱤᱧ ᱞᱟᱹᱜᱤᱫ ᱮᱠᱮᱱ ᱢᱤᱫᱴᱟᱝ ᱱᱤᱥᱟᱹᱞᱮᱠᱟ ᱾"
"लेकिन मैं यह उसे नहीं बोल सकता, जैसा कि मैंने तुम्हें बताया मेरे दोस्त।",ᱢᱮᱱᱠᱷᱟᱱ ᱱᱤᱭᱟᱹᱠᱩ ᱫᱚ ᱛᱚ ᱟᱢ ᱢᱮᱱᱞᱮᱠᱟ ᱩᱱᱤ ᱫᱚ ᱵᱟᱝ ᱢᱮᱱ ᱜᱟᱱᱚᱜᱼᱟ ᱜᱟᱛᱤ ᱛᱤᱧ ᱾
मैं समझ रही हूँ।,ᱵᱩᱡᱷᱦᱟᱹᱣᱫᱟᱲᱮᱭᱟᱜ ᱠᱟᱹᱱᱟᱹᱧ ᱾
"चिंता मत करो, 2 टिकट तो अरेंज हो सकती हैं।",ᱟᱞᱚᱢ ᱪᱤᱱᱛᱟᱹᱭᱟ ᱵᱟᱨᱮᱭᱟ ᱴᱤᱠᱤᱴ ᱨᱮᱭᱟᱜ ᱵᱮᱵᱚᱥᱛᱷᱟ ᱢᱚᱸᱡᱽᱛᱮᱜᱤ ᱦᱩᱭᱩᱜᱼᱟ ᱾
मैंने अपने भाई से कह दिया है और उसने पहले से ही तुम्हारी टिकट बुक कर दी हैं।,ᱤᱧ ᱫᱚ ᱵᱚᱭᱦᱟᱧ ᱵᱟᱰᱟᱭ ᱩᱪᱩᱣᱟᱠᱟᱫᱤᱭᱟ ᱟᱨ ᱩᱱᱤ ᱫᱚ ᱟᱢᱟᱜ ᱴᱤᱠᱤᱴᱠᱩᱭ ᱵᱩᱠᱟᱠᱟᱫᱟ ᱾
"तो अब तुम चिंता मत करो और कल जब हम मिलेंगे, तब मुझसे ले लेना।",ᱚᱱᱟ ᱤᱭᱟᱹᱛᱮ ᱞᱤᱪᱷᱤᱱᱫᱤᱢ ᱛᱟᱦᱮᱸ ᱫᱟᱲᱮᱭᱟᱜᱼᱟ ᱟᱨ ᱜᱟᱯᱟ ᱧᱟᱯᱟᱢ ᱦᱩᱭᱞᱮᱱᱠᱷᱟᱱ ᱤᱧ ᱴᱷᱮᱱ ᱠᱷᱚᱱ ᱦᱚᱛᱟᱣᱢᱮ ᱵᱟᱲᱮ ᱾
"श्योर डूड, थैंक्यू।","ᱱᱤᱦᱟᱹᱛᱜᱤ ᱜᱟᱛᱮ, ᱟᱭᱢᱟ ᱥᱟᱨᱦᱟᱣ ᱾"
"मोस्ट वेलकम, जल्द मिलते हैं।","ᱥᱟᱹᱜᱩᱱ ᱫᱟᱨᱟᱢ, ᱟᱹᱰᱤ ᱩᱥᱟᱹᱨᱟ ᱧᱟᱯᱟᱢ ᱦᱩᱭᱩᱜᱼᱟ ᱾"
"हेलो, क्या आप ट्रिनिटी एलिमेंट्री स्कूल की आर्ट की टीचर, मिसेज राधिका हैं?","ᱦᱮᱹᱞᱳ, ᱴᱨᱤᱱᱤᱴᱤ ᱮᱞᱤᱢᱮᱱᱴᱟᱨᱤ ᱵᱤᱨᱫᱟᱹᱜᱟᱲ ᱨᱮᱱ ᱠᱟᱹᱨᱤ ᱢᱟᱪᱮᱛᱟᱱᱤ ᱱᱩᱭ ᱜᱮ ᱠᱤ ᱢᱤᱥᱮᱥ ᱨᱟᱫᱷᱤᱠᱟ ?"
"हाँ, आप कौन?",ᱦᱮᱸ ᱾ ᱱᱩᱭ ᱫᱚ ᱚᱠᱚᱭ ?
मेरा नाम जॉन बर्नड है और मैं मिशेल का पिता हूँ।,"ᱤᱧᱟᱹᱜ ᱧᱩᱛᱩᱢ ᱫᱚ ᱡᱚᱱ ᱵᱟᱨᱱᱟᱰ, ᱟᱨ ᱤᱧ ᱫᱚ ᱢᱤᱥᱮᱞ ᱟᱡ ᱟᱯᱟᱛ ᱠᱟᱹᱱᱟᱹᱧ ᱾"
"अच्छा सर, मैं आपकी क्या मदद कर सकती हूँ?","ᱴᱷᱤᱠ ᱜᱮᱭᱟ ᱜᱚᱢᱠᱮ, ᱪᱮᱫᱞᱮᱠᱟᱛᱮ ᱟᱢᱤᱧ ᱜᱚᱲᱚ ᱫᱟᱲᱮᱭᱟᱢᱟ ?"
मिशेल ने संगीत सीखने में रुचि दिखाई है।,ᱢᱤᱥᱮᱞ ᱥᱮᱹᱨᱮᱹᱧ ᱥᱮᱬᱟᱭ ᱞᱟᱹᱜᱤᱫ ᱜᱚᱨᱚᱡᱽ ᱮ ᱥᱚᱫᱚᱨ ᱟᱠᱟᱫᱟ ᱾
लेकिन मैं शैली चुनने के बारे में समझ नहीं पा रहा हूँ।,ᱤᱧ ᱢᱤᱫᱴᱟᱝ ᱦᱚᱨᱟ ᱵᱟᱪᱷᱟᱣᱨᱮ ᱟᱹᱰᱤ ᱜᱮᱧ ᱟᱫᱤᱥᱟᱹ ᱟᱠᱟᱱᱟ ᱾
क्या आप मेरी मदद करेंगी?,ᱟᱢ ᱪᱮᱫ ᱤᱧ ᱮᱢ ᱜᱚᱲᱚ ᱫᱟᱲᱮᱭᱟᱹᱧᱟᱹ ?
संगीत में सीखने के लिए सबसे आसान शैली कौ- सी है?,ᱥᱮᱹᱨᱮᱹᱧ ᱥᱮᱬᱟᱭ ᱨᱮᱭᱟᱜ ᱟᱞᱜᱟ ᱦᱚᱨᱟ ᱫᱚ ᱪᱮᱫ ?
"हाँ, ज़रूर।",ᱮᱠᱟᱞᱜᱮ ᱾
मेरे हिसाब से बच्चों को शास्त्रीय संगीत सीखना चाहिए।,ᱤᱧᱟᱹᱜ ᱢᱮᱱᱛᱮ ᱫᱚ ᱞᱮᱴᱠᱟ ᱠᱚ ᱥᱟᱥᱛᱚᱨ ᱥᱮᱹᱨᱮᱹᱧ ᱥᱮᱬᱟ ᱟᱠᱚ ᱞᱟᱹᱠᱛᱤ ᱠᱟᱱᱟ ᱾
क्या बच्चों के लिए शास्त्रीय संगीत सीखना फायदेमंद होगा?,ᱞᱮᱴᱠᱟ ᱠᱚ ᱞᱟᱹᱜᱤᱫ ᱥᱟᱥᱛᱚᱨ ᱥᱮᱹᱨᱮᱹᱧ ᱯᱚᱲᱦᱚᱱ ᱫᱚ ᱪᱮᱫ ᱩᱯᱠᱟᱹᱨ ᱨᱮᱭᱟᱜ ?
हाँ। यह काफी मुश्किल होता है लेकिन शास्त्रीय संगीत का बच्चों के लिए बहुत भावनात्मक लाभ होता है।,ᱦᱮᱸ ᱾ ᱱᱚᱶᱟ ᱫᱚ ᱟᱹᱰᱤ ᱜᱮ ᱟᱱᱟᱴᱼᱟ ᱢᱮᱱᱠᱷᱟᱱ ᱥᱟᱥᱛᱚᱨ ᱥᱮᱹᱨᱮᱹᱧ ᱫᱚ ᱞᱮᱴᱠᱟ ᱠᱚ ᱞᱟᱹᱜᱤᱫ ᱢᱚᱱᱨᱮ ᱥᱩᱵᱤᱫᱷᱟᱭ ᱟᱹᱜᱩᱭᱼᱟ ᱾
"स्टडीज़ के अनुसार, लाइव शास्त्रीय संगीत सुनने से बच्चों में सकारात्मक भावनाएं जागती हैं।","ᱠᱷᱚᱱᱫᱽᱨᱚᱸᱫᱽ ᱞᱮᱠᱟᱛᱮ, ᱞᱟᱭᱤᱵᱷ ᱥᱟᱥᱛᱚᱨ ᱥᱮᱹᱨᱮᱹᱧ ᱟᱸᱡᱚᱢ ᱫᱚ ᱞᱮᱴᱠᱟ ᱠᱚ ᱢᱩᱫᱽᱨᱮ ᱵᱷᱟᱜᱮ ᱟᱹᱭᱠᱟᱹᱣ ᱮ ᱥᱤᱨᱡᱟᱹᱣᱼᱟ ᱾"
इसका उनके सुनने और एकाग्रता पर भी प्रभाव पड़ता है।,ᱱᱚᱶᱟ ᱫᱚ ᱩᱱᱠᱚᱣᱟᱜ ᱟᱸᱡᱚᱢ ᱟᱨ ᱢᱚᱱᱞᱟᱜᱟᱣ ᱨᱮᱭᱟᱜ ᱫᱟᱲᱮ ᱪᱮᱛᱟᱱᱨᱮ ᱦᱚᱸᱭ ᱮᱥᱮᱨᱼᱟ ᱾
"शास्त्रीय संगीत बच्चों के विकास के लिए फायदेमंद है, यह तो अच्छा है।","ᱥᱟᱥᱛᱚᱨ ᱥᱮᱹᱨᱮᱹᱧ ᱫᱚ ᱞᱮᱴᱠᱟ ᱠᱚ ᱦᱟᱨᱟ ᱵᱩᱨᱩᱜ ᱞᱟᱹᱜᱤᱫ ᱩᱯᱠᱟᱹᱨᱤ ᱜᱮᱭᱟ, ᱱᱚᱶᱟ ᱫᱚ ᱟᱹᱰᱤ ᱱᱟᱯᱟᱭ ᱾"
शास्त्रीय संगीत के और क्या फायदे हैं?,ᱥᱟᱥᱛᱚᱨ ᱥᱮᱹᱨᱮᱹᱧ ᱨᱮᱭᱟᱜ ᱟᱨ ᱪᱮᱫ ᱥᱩᱵᱤᱫᱷᱟ ᱢᱮᱱᱟᱜᱼᱟ ?
शास्त्रीय संगीत के लिए अभ्यास और मेहनत जरूरी है।,ᱥᱟᱥᱛᱚᱨ ᱥᱮᱹᱨᱮᱹᱧ ᱫᱚ ᱥᱚᱲᱠᱚ ᱟᱨ ᱢᱚᱱᱩᱨᱤᱡ ᱨᱮᱭᱟᱜ ᱞᱟᱹᱠᱛᱤ ᱠᱟᱱᱟ ᱾
इस ट्रेनिंग से बच्चे के जीवन में अनुशासन आएगा।,ᱱᱚᱶᱟ ᱛᱟᱹᱞᱤᱢ ᱫᱚ ᱞᱮᱴᱠᱟ ᱠᱚᱣᱟᱜ ᱡᱤᱭᱚᱱ ᱱᱟᱯᱟᱭᱛᱮ ᱥᱟᱡᱟᱣᱼᱟᱭ ᱾
यह ऐंटीडिप्रेसेंट के तरह भी काम करता है।,ᱱᱚᱶᱟ ᱫᱚ ᱢᱤᱫᱽᱴᱟᱝ ᱮᱱᱴᱤᱰᱤᱯᱨᱮᱥᱮᱱᱴ ᱞᱮᱠᱟᱛᱮᱭ ᱠᱟᱹᱢᱤᱭᱟ ᱾
यह बच्चों के मन को शांत भी करता है।,ᱱᱚᱶᱟ ᱫᱚ ᱞᱮᱴᱠᱟ ᱠᱚᱣᱟᱜ ᱢᱚᱱ ᱦᱚᱸᱭ ᱛᱷᱤᱨᱼᱟ ᱾
"हाँ, शांत बच्चा ज्यादा खुश रहता है।","ᱦᱮᱸ, ᱢᱤᱫᱽᱴᱟᱝ ᱛᱷᱤᱨ ᱞᱮᱴᱠᱟ ᱟᱨᱦᱚᱸᱭ ᱨᱟᱹᱥᱠᱟᱹᱜᱼᱟ ᱾"
"क्योंकि बच्चे ध्यान लगा कर सुनना सीखते हैं न कि मात्र सुनना,","ᱡᱟᱦᱟᱸᱛᱮ ᱞᱮᱴᱠᱟ ᱠᱚ ᱫᱚ ᱟᱸᱡᱚᱢ ᱠᱷᱚᱱ ᱢᱚᱱ ᱞᱟᱜᱟᱣ ᱠᱟᱛᱮ ᱟᱸᱡᱚᱢ ᱠᱚ ᱪᱮᱫᱼᱟ ,"
"इसलिए उनके मेमोरी सेल नोट्स, ट्यून, टोन, तरीके, अप्रोच और ऐसी चीजें स्टोर करने के लिए और ज्यादा काम करते हैं।","ᱩᱱᱠᱚᱣᱟᱜ ᱢᱮᱢᱚᱨᱤ ᱠᱳᱥ ᱠᱚ ᱱᱳᱴ, ᱨᱟᱦᱟ, ᱟᱲᱟᱝ, ᱦᱚᱨᱟ, ᱯᱚᱱᱛᱷᱟ ᱟᱨᱦᱚᱸ ᱟᱭᱢᱟ ᱠᱤᱪᱷᱤ ᱨᱟᱠᱷᱟ ᱫᱚᱦᱚᱭ ᱞᱟᱹᱜᱤᱫ ᱟᱹᱰᱤ ᱟᱸᱴ ᱠᱟᱹᱢᱤᱭ ᱮᱦᱚᱵᱼᱟ ᱾"
"ठीक है, मैं मिशेल के लिए इस इलाके में शास्त्रीय संगीत का टीचर खोजता हूँ।","ᱴᱷᱤᱠ ᱜᱮᱭᱟ, ᱤᱧ ᱢᱤᱥᱮᱞ ᱞᱟᱹᱜᱤᱫ ᱢᱤᱫᱽᱴᱟᱝ ᱥᱟᱥᱛᱚᱨ ᱥᱮᱹᱨᱮᱹᱧ ᱨᱮᱱ ᱢᱟᱪᱮᱫ ᱤᱧ ᱯᱟᱸᱡᱟ ᱮᱭᱟ ᱾"
मेरे खयाल से शास्त्रीय संगीत भारत की आत्मा है।,ᱤᱧᱤᱧ ᱢᱚᱱᱮᱭᱟ ᱥᱟᱥᱛᱚᱨ ᱥᱮᱹᱨᱮᱹᱧ ᱫᱚ ᱵᱷᱟᱨᱚᱛ ᱨᱮᱭᱟᱜ ᱟᱛᱢᱟ ᱠᱟᱱᱟ ᱾
यह तो बहुत अच्छा है।,ᱟᱹᱰᱤ ᱵᱮᱥ ᱾
बस इतना याद रखें कि अगर वो शास्त्रीय संगीत सीखने में रुचि नहीं दिखाती है तो उसे सीखने के लिए जोर मत दीजिए।,ᱫᱟᱭᱟ ᱠᱟᱛᱮ ᱫᱤᱥᱟᱹ ᱫᱚᱦᱚᱭ ᱢᱮ ᱡᱮ ᱩᱱᱤ ᱡᱩᱫᱤ ᱥᱟᱥᱛᱚᱨ ᱥᱮᱹᱨᱮᱹᱧ ᱵᱟᱭ ᱜᱚᱨᱚᱡᱟᱜᱼᱟ ᱮᱱᱠᱷᱟᱱ ᱚᱱᱟ ᱪᱮᱫ ᱞᱟᱹᱜᱤᱫ ᱟᱞᱚᱢ ᱵᱚᱲᱦᱮ ᱮᱭᱟ ᱾
हमें उनकी क्षमता के अनुसार उन्हें प्रोत्साहित करना चाहिए।,ᱟᱠᱚᱣᱟᱜ ᱜᱩᱱᱢᱟᱱ ᱞᱮᱠᱟᱛᱮ ᱩᱱᱠᱚ ᱩᱫᱽᱜᱟᱹᱣ ᱫᱚ ᱟᱵᱚᱣᱟᱜ ᱞᱟᱹᱠᱛᱤ ᱠᱟᱱᱟ ᱾
जी मैम।,ᱮᱠᱟᱞ ᱜᱮ ᱢᱟᱪᱮᱛᱟᱱᱤ ᱾
आपकी गाइडेंस के लिए धन्यवाद।,ᱟᱢ ᱫᱤᱥᱟᱹ ᱩᱫᱩᱜ ᱞᱟᱹᱜᱤᱫ ᱟᱭᱢᱟ ᱥᱟᱨᱦᱟᱣ ᱾
"यू आर वेलकम, और मिशेल को मेरा प्यार दीजिएगा।","ᱥᱟᱹᱜᱩᱱ ᱫᱟᱨᱟᱢ, ᱟᱨ ᱫᱟᱭᱟ ᱠᱟᱛᱮ ᱢᱤᱥᱮᱞ ᱤᱧᱟᱹᱜ ᱥᱟᱨᱦᱟᱣ ᱮᱢ ᱵᱟᱰᱟᱭ ᱦᱚᱪᱚᱭ ᱮᱭᱟ ᱾"
"जरूर, बाय!","ᱴᱷᱤᱠ ᱜᱮᱭᱟ, ᱵᱤᱫᱟᱹᱭ"
कल तुम्हारी छुट्टी है क्या ?,ᱜᱟᱯᱟ ᱪᱮᱫ ᱟᱢᱟᱜ ᱪᱷᱩᱴᱤ ᱢᱮᱱᱟᱜᱼᱟ ?
बीच हफ्ते में भला मेरी छुट्टी क्यों होगी?,ᱤᱧᱟᱹᱜ ᱪᱮᱫᱟᱜ ᱦᱟᱯᱛᱟ ᱨᱮᱭᱟᱜ ᱢᱤᱫᱴᱟᱜ ᱫᱤᱱ ᱪᱷᱩᱴᱤ ᱦᱩᱭᱩᱜᱼᱟ ᱾
"ओह, कल एक रैली होगी।","ᱴᱷᱤᱠ ᱜᱮᱭᱟ, ᱜᱟᱯᱟ ᱨᱮᱹᱞᱤ ᱦᱩᱭᱩᱜᱼᱟ ᱾"
हमारे पड़ोस के बच्चों को छुट्टी मिली है।,ᱟᱞᱮ ᱴᱚᱞᱟ ᱨᱮᱱ ᱜᱤᱫᱽᱟᱹᱨ ᱯᱤᱫᱟᱹᱨ ᱠᱚ ᱪᱷᱩᱴᱤ ᱠᱚ ᱧᱟᱢ ᱟᱠᱟᱫᱟ
"मुझे लगा तुम्हें भी मिली होगी,",ᱢᱚᱱᱮ ᱞᱮᱫᱟᱹᱧ ᱟᱢᱦᱚᱸᱢ ᱧᱟᱢᱼᱟ ᱾
मुझे कोई छुट्टी नहीं है।,ᱤᱧᱟᱹᱜ ᱪᱮᱫ ᱪᱷᱩᱴᱤ ᱦᱚᱸ ᱵᱟᱹᱱᱩᱜᱼᱟ ᱾
फिर मेरे ख्याल से तुम कल छुट्टी ले लो तो अच्छा रहेगा।,ᱮᱱᱠᱷᱟᱱ ᱤᱧᱤᱧ ᱢᱚᱱᱮᱭᱟ ᱜᱟᱯᱟ ᱟᱢ ᱪᱷᱩᱴᱤᱢ ᱦᱟᱛᱟᱣ ᱞᱣᱠᱷᱟᱱ ᱵᱷᱟᱜᱮ ᱦᱩᱭᱩᱜᱼᱟ ᱾
आखिर इस रैली में ऐसा है क्या ?,ᱱᱚᱶᱟ ᱨᱮᱹᱞᱤ ᱨᱮᱭᱟᱜ ᱢᱩᱬᱩᱫ ᱠᱟᱛᱷᱟ ᱫᱚ ᱪᱮᱫ ?
हरदम ऐसी बहुत-सी रैलियाँ होती ही रहती हैं।,ᱡᱟᱣ ᱜᱮ ᱟᱹᱰᱤᱜᱟᱱ ᱨᱮᱹᱞᱤ ᱦᱩᱭᱩᱜᱼᱟ ᱾
यह बहुत बड़ी होगी।,ᱱᱚᱶᱟ ᱫᱚ ᱢᱟᱨᱟᱝ ᱧᱚᱜ ᱜᱮ ᱦᱩᱭᱩᱜᱼᱟ ᱾
"क्योंकि सभी बड़ी पार्टियाँ, भारतीय जनता पार्टी, तृणमूल कांग्रेस और कम्युनिस्ट पार्टी इसमें हिस्सा लेने वाली हैं।","ᱪᱮᱫᱟᱜ ᱥᱮ ᱡᱚᱛᱚ ᱢᱩᱲᱩᱛ ᱯᱟᱹᱴᱤᱠᱩ, ᱵᱷᱟᱨᱚᱛᱤᱭᱟᱹ ᱡᱚᱱᱚᱛᱟ ᱯᱟᱹᱴᱤ, ᱛᱨᱤᱱᱚᱢᱩᱞ ᱠᱚᱝᱜᱨᱮᱥ ᱯᱟᱹᱴᱤ, ᱟᱨ ᱠᱚᱢᱤᱭᱱᱤᱥᱴ ᱯᱟᱹᱴᱤ ᱱᱤᱭᱟᱹ ᱨᱮ ᱦᱤᱸᱥ ᱠᱩ ᱦᱟᱛᱟᱣᱮᱫᱟ ᱾"
सभी?,ᱩᱝᱠᱩ ᱡᱚᱛᱚ ᱜᱤ ?
हाँ और मुझे लगता है कि तुम शायद ही समय पर घर पहुँच पाओगी।,"ᱦᱮᱸ, ᱟᱨ ᱤᱧᱟᱜ ᱦᱤᱸᱫᱤᱡᱽ ᱫᱚ ᱡᱩᱫᱤ ᱟᱢ ᱫᱚ ᱚᱠᱛᱚ ᱢᱩᱫᱨ ᱤᱧᱟᱜ ᱚᱲᱟᱜ ᱨᱮᱢ ᱥᱮᱴᱮᱨ ᱫᱟᱲᱮᱭᱟᱜᱼᱟ ᱾"
अगर तुम कल ऑफ़िस जाती हो तो।,ᱡᱩᱫᱤ ᱟᱢ ᱫᱚ ᱜᱟᱯᱟ ᱚᱯᱷᱤᱥᱛᱮᱢ ᱪᱟᱞᱟᱜᱠᱷᱟᱱ ᱾
मुझे भी ऐसा लग रहा है।,ᱤᱧᱟᱜ ᱡᱟᱹᱥᱛᱤ ᱦᱤᱸᱫᱤᱡᱽ ᱢᱮᱱᱟᱜᱼᱟ ᱾
लेकिन मुझे इसके बारे में कुछ नहीं पता।,ᱢᱮᱱᱠᱷᱟᱱ ᱤᱧ ᱫᱚ ᱱᱤᱭᱟᱹ ᱵᱟᱵᱚᱫ ᱪᱮᱫ ᱦᱚᱸ ᱵᱟᱹᱧ ᱵᱟᱰᱟᱭᱟ ᱾
वे ऐसा क्यों कर रहे हैं?,ᱪᱮᱫᱟᱜ ᱩᱝᱠᱩ ᱫᱚ ᱱᱤᱭᱟᱹᱠᱩ ᱠᱚᱨᱟᱣᱮᱫᱟ ?
"वो ऐसा इसलिए कर रहे हैं क्योंकि सरकार ने घोषणापत्र में जैसा वादा किया था, वैसा कुछ भी नहीं किया।",ᱩᱝᱠᱩ ᱫᱚ ᱱᱚᱣᱟᱠᱩ ᱠᱚᱨᱟᱣᱮᱫᱟ ᱪᱮᱫᱟᱜ ᱥᱮ ᱥᱚᱨᱠᱟᱨ ᱩᱪᱷᱟᱹᱱ ᱥᱟᱠᱟᱢᱨᱮᱭ ᱠᱤᱨᱤᱭᱟᱹᱣᱟᱠᱟᱫ ᱡᱚᱛᱚ ᱵᱟᱭ ᱠᱚᱨᱟᱣᱮᱫᱟ ᱾
अच्छा ऐसा क्या?,ᱚᱱᱟ ᱫᱚ ᱠᱤ ᱚᱝᱠᱟᱱ ?
तो उस समय के बारे में क्या जब भारतीय जनता पार्टी सत्ता में थी?,ᱛᱟᱦᱚᱞᱮ ᱵᱷᱟᱨᱚᱛᱤᱭᱟᱹ ᱡᱚᱱᱚᱛᱟ ᱯᱟᱹᱴᱤᱭ ᱥᱟᱥᱚᱱᱮᱫ ᱛᱟᱦᱮᱸᱠᱟᱱ ᱚᱠᱛᱚ ᱪᱮᱫ ᱦᱩᱭᱩᱜᱼᱟ ?
उन्होंने भी तो वादे के अनुसार कुछ नहीं किया।,ᱩᱝᱠᱩ ᱫᱚ ᱡᱟᱦᱟᱸ ᱠᱩ ᱠᱤᱨᱤᱭᱟᱹᱣᱟᱠᱟᱫ ᱫᱚ ᱵᱟᱝᱠᱩ ᱠᱟᱹᱢᱤᱭᱟᱠᱟᱫᱟ ᱾
"सही है, पर कौन ध्यान देता है?","ᱥᱟ,ᱨᱤ ᱠᱟᱛᱷᱟ, ᱢᱮᱱᱠᱷᱟᱱ ᱚᱠᱚᱭᱮ ᱪᱤᱱᱛᱟᱹᱭᱟ ?"
"पॉलिटिक्स तो हमेशा से ही ऐसी है, है ना?","ᱨᱟᱡᱟᱹᱨᱤ ᱢᱟ ᱱᱚᱝᱠᱟ ᱜᱤ ᱦᱩᱭᱩᱜ ᱥᱟᱱᱟᱢ ᱚᱠᱛᱚ, ᱥᱮ ᱵᱟᱝ ?"
"हाँ, वो पब्लिसिटी और ऐसी ही बहुत-सी चीज़ों के लिए एक दूसरे का विरोध किया करते हैं।","ᱦᱮᱸ, ᱩᱝᱠᱩ ᱫᱚ ᱯᱟᱥᱱᱟᱣ ᱟᱨ ᱫᱩᱨᱤᱵᱽᱠᱩ ᱞᱟᱹᱜᱤᱫ ᱢᱤᱫᱽᱮᱴᱟᱜᱤᱡᱽ ᱵᱤᱨᱩᱫᱠᱚ ᱡᱟᱸᱜᱮ ᱫᱟᱨᱟᱢᱟ ᱾"
"लेकिन असलियत में, इसका कोई असर नहीं होता।",ᱢᱮᱱᱠᱷᱟᱱ ᱱᱟᱦᱟᱜ ᱨᱮ ᱱᱤᱭᱟᱹ ᱠᱩ ᱨᱮᱭᱟᱜ ᱡᱟᱦᱟᱸᱱ ᱞᱟᱵᱷ ᱵᱟᱹᱱᱩᱜᱼᱟ ᱾
बस हम लोगों को ट्रैफ़िक और बाकी सभी चीज़ों को भुगतना पड़ता है।,ᱴᱨᱟᱯᱯᱷᱤᱠ ᱟᱨ ᱡᱚᱛᱚᱞᱮᱠᱟᱱᱟᱜ ᱛᱮᱜᱤ ᱪᱮᱫᱟᱜ ᱥᱮ ᱟᱞᱮ ᱪᱷᱟᱰᱟ ᱮᱴᱟᱜ ᱠᱩ ᱠᱩ ᱥᱟᱥᱮᱛᱚᱜ ᱠᱟᱱᱟ ᱾
"बिल्कुल, उम्मीद करती हूँ कि ये सब कल शाम तक नहीं चलता रहेगा।","ᱥᱟᱹᱨᱤᱜᱤ, ᱤᱧ ᱟᱥᱚᱜ ᱠᱟᱱᱟ ᱱᱤᱭᱟᱹ ᱫᱳ ᱜᱟᱯᱟ ᱟᱹᱭᱩᱯ ᱫᱷᱟᱹᱵᱤᱡᱽ ᱪᱟᱞᱟᱜᱼᱟ ᱾"
तुम जाओगी क्या?,ᱟᱢ ᱦᱚᱸᱢ ᱪᱟᱞᱟᱜᱼᱟ ?
"मुझे जाना ही पड़ेगा, ऑफ़िस में बहुत सारा काम है।","ᱤᱧ ᱦᱚᱸ ᱪᱟᱞᱟᱜ ᱦᱩᱭᱩᱜᱛᱤᱧᱟ, ᱚᱯᱷᱤᱥ ᱨᱮ ᱟᱭᱢᱟ ᱠᱟᱹᱢᱤ ᱢᱮᱱᱟᱜᱛᱤᱧᱟ ᱾"
मैं इस कारण से छुट्टी भी नहीं ले सकती।,ᱚᱱᱟ ᱞᱟᱹᱜᱤᱫᱛᱮ ᱪᱷᱩᱴᱤ ᱵᱟᱹᱧ ᱦᱟᱛᱟᱣ ᱫᱟᱲᱮᱭᱟᱜᱼᱟ ᱾
फिर कल पब्लिक ट्रांसपोर्ट से जाना।,ᱯᱟᱵᱞᱤᱠ ᱥᱟᱜᱟᱲᱚᱢᱛᱮ ᱜᱟᱯᱟ ᱪᱟᱞᱟᱜ ᱢᱮ ᱾
कुछ नहीं कहा जा सकता कि कल क्या हो जाए।,ᱟᱞᱮ ᱵᱟᱝᱜᱤᱞᱮ ᱵᱟᱰᱟᱭᱟ ᱪᱮᱫ ᱦᱩᱭ ᱫᱟᱲᱮᱭᱟᱜᱼᱟ ᱾
अगर कल कहीं लड़ाई-झगड़े ही हो जाएँ तो?,ᱪᱮᱫ ᱦᱩᱭᱩᱜᱼᱟ ᱡᱩᱫᱤ ᱚᱸᱰᱮ ᱞᱟᱹᱲᱦᱟᱹᱭ ᱦᱩᱭᱩᱜᱼᱟ ?
"याद है, उन्होंने साल भर पहले तुम्हारे कलीग की बाइक जला दी थी?","ᱫᱤᱥᱟᱹᱭᱢᱮ, ᱩᱝᱠᱩ ᱫᱚ ᱟᱯᱮᱨᱮᱱ ᱥᱚᱦᱮᱫ ᱠᱟᱹᱢᱤᱭᱟᱹᱠᱩᱣᱟᱜ ᱵᱟᱭᱤᱠ ᱠᱩ ᱡᱮᱨᱮᱫ ᱞᱮᱫᱟ ᱢᱤᱫ ᱥᱮᱨᱢᱟ ᱞᱟᱦᱟ?"
तुम बहुत ज़्यादा चिंता कर रही हो।,ᱟᱢ ᱫᱚ ᱡᱟᱹᱥᱛᱤ ᱜᱮᱢ ᱵᱷᱟᱹᱵᱤᱛᱚᱜ ᱠᱟᱱᱟ ᱾
ऐसा कुछ नहीं होगा।,ᱚᱝᱠᱟᱱᱟᱜ ᱪᱮᱫ ᱜᱤ ᱵᱟᱝ ᱦᱩᱭᱩᱜᱼᱟ ᱾
"अरे, तुम्हें भूगोल में हमेशा सबसे अधिक नंबर कैसे मिल जाते हैं?","ᱮᱭ, ᱟᱢ ᱡᱟᱣᱜᱮ ᱚᱛᱱᱚᱜᱨᱮ ᱪᱮᱫ ᱞᱮᱠᱟᱛᱮ ᱡᱚᱛᱚᱠᱷᱚᱱ ᱰᱷᱮᱨ ᱱᱚᱢᱵᱚᱨ ᱮᱢ ᱟᱹᱜᱩᱭᱟ ?"
तुम तो शायद ही कभी पढ़ते हो।,ᱟᱢ ᱦᱟᱞᱮᱜᱮᱢ ᱯᱟᱲᱦᱟᱣ ᱟᱠᱟᱫᱟ ᱾
और एक मैं हूँ!,ᱟᱨ ᱤᱱᱟᱹ ᱛᱟᱭᱚᱢ ᱤᱧ ᱢᱤᱱᱟᱹᱧᱟ ᱾
इसके पीछे एक छोटा सा राज़ है।,"ᱦᱟᱭ, ᱤᱧᱟᱹᱜ ᱛᱷᱚᱲᱟ ᱩᱠᱩ ᱠᱟᱛᱷᱟ ᱢᱮᱱᱟᱜᱼᱟ ᱡᱟᱦᱟᱸᱫᱚ ᱤᱧ ᱢᱟᱱᱟᱣᱼᱟ ᱾"
जो मैं किसी को बताउंगा नहीं....,ᱡᱟᱦᱟᱸᱭ ᱠᱚ ᱥᱟᱶᱛᱮ ᱵᱟᱢ ᱥᱮᱭᱟᱨᱼᱟ ᱹᱹᱹᱹ
"खैर मज़ाक एक तरफ, बात ये है कि मेरी शुरू से ही भूगोल में बहुत रुचि है।","ᱡᱳᱠᱥ ᱛᱟᱞᱟᱨᱮ ᱦᱚᱸ, ᱟᱥᱚᱞᱨᱮ ᱚᱛᱱᱚᱜ ᱪᱮᱛᱟᱱ ᱤᱧᱟᱹᱜ ᱜᱟᱹᱦᱤᱨ ᱜᱚᱨᱚᱡᱽ ᱢᱮᱱᱟᱜ ᱛᱤᱧᱟᱹ ᱟᱹᱰᱤ ᱞᱟᱦᱟ ᱠᱷᱚᱱᱜᱮ ᱾"
"सच कहता हूँ, मैं सारा दिन इसी विषय को नहीं पढ़ता रहता हूँ।","ᱥᱟᱹᱨᱤ ᱠᱟᱛᱷᱟ ᱢᱮᱱᱛᱮᱫᱚ, ᱥᱟᱨᱟ ᱜᱷᱟᱹᱲᱤ ᱫᱚ ᱤᱧ ᱵᱟᱹᱧ ᱯᱟᱲᱦᱟᱜᱼᱟ ᱾"
कक्षा में जब मैम वे अध्याय पढ़ाती हैं तो मैं उसे वास्तविक सीन से जोड़ने की कोशिश करता हूँ और अपने मन में उसका एक चित्र बना लेता हूँ।,ᱠᱞᱟᱥ ᱪᱟᱞᱟᱜ ᱚᱠᱛᱚ ᱡᱚᱠᱷᱚᱱ ᱢᱟᱪᱮᱛᱟᱱᱤ ᱟᱞᱮᱭ ᱯᱚᱲᱦᱚᱱ ᱠᱚᱭ ᱯᱟᱲᱦᱟᱣ ᱞᱮᱭᱟ ᱩᱱᱫᱚ ᱤᱧ ᱱᱚᱶᱟᱠᱚ ᱥᱟᱨᱤᱭᱟ ᱪᱤᱛᱟᱹᱨ ᱥᱟᱶᱛᱮ ᱡᱚᱯᱲᱟᱣ ᱨᱮᱭᱟᱜ ᱤᱧ ᱨᱤᱠᱟᱹᱭᱟ ᱟᱨ ᱟᱨ ᱤᱧᱟᱹᱜ ᱢᱚᱱᱨᱮ ᱪᱤᱛᱟᱹᱨ ᱵᱮᱱᱟᱣ ᱨᱮᱭᱟᱜ ᱤᱧ ᱨᱤᱠᱟᱹᱭᱟ ᱾
इस तरह से कन्सेप्ट मुझे स्पष्ट रूप से समझ में आ जाते हैं।,ᱱᱚᱝᱠᱟ ᱛᱮᱜᱮ ᱤᱧᱟᱹᱜ ᱩᱭᱦᱟᱹᱨ ᱠᱚᱧ ᱴᱷᱟᱹᱣᱠᱟᱹᱭᱟ ᱾
इसका क्या मतलब है कि तुम वास्तविक सीन से जोड़ने की कोशिश करते हो?,ᱥᱟᱹᱨᱤᱭᱟᱜ ᱦᱟᱞᱚᱛ ᱥᱟᱶ ᱢᱮᱥᱟᱭ ᱢᱮᱱᱛᱮ ᱫᱚ ᱟᱢ ᱪᱮᱫ ᱵᱩᱡᱷᱟᱹᱣ ᱟᱪᱚᱭᱮᱫᱟ ?
"यह भूगोल है! इसमें तो बस पहाड़, नदियाँ, सागर, मौसम और कुछ गैर ज़रूरी संख्याएं हैं।","ᱱᱚᱶᱟᱫᱚ ᱚᱛᱱᱚᱜ ᱠᱟᱱᱟ ! ᱵᱩᱨᱩ,ᱱᱟᱹᱭ, ᱢᱟᱦᱟᱥᱟᱹᱢᱩᱫ,ᱫᱟᱜᱦᱚᱭ, ᱟᱨ ᱵᱟᱝ ᱞᱟᱹᱠᱛᱤᱭᱟᱱ ᱮᱞ ᱥᱟᱱᱟᱢᱟᱜ ᱜᱮ ᱢᱮᱱᱟᱜᱼᱟ ᱾"
इसमें तुम्हें पसंद भी क्या आता है?,ᱱᱚᱶᱟ ᱵᱟᱨᱮᱛᱮ ᱟᱢ ᱪᱮᱫ ᱮᱢ ᱠᱩᱥᱤᱭᱟᱜᱼᱟ ᱾
यह सभी उबाऊ वाले विषयों में से सबसे ज्यादा उबाऊ जैसा है।,ᱱᱚᱶᱟᱫᱚ ᱥᱟᱱᱟᱢ ᱟᱹᱲᱤᱥᱟᱱ ᱥᱟᱛᱟᱢ ᱠᱷᱚᱱ ᱟᱹᱲᱤᱥᱟᱜ ᱠᱟᱱᱟ ᱾
अगर तुम ऐसा ही सोचते हो तो।,ᱟᱢ ᱡᱩᱫᱤ ᱱᱚᱝᱠᱟ ᱞᱮᱠᱟᱛᱮᱢ ᱩᱭᱦᱟᱹᱨᱟ ᱾
जैसा कि तुम्हें पता है मैं बहुत घूमता रहता हूँ और काफी सारी फिल्में भी देखता हूँ।,ᱟᱢᱮᱢ ᱵᱟᱲᱟᱭᱟ ᱤᱧᱫᱚ ᱟᱹᱰᱤᱧ ᱥᱟᱸᱜᱷᱟᱨᱟ ᱟᱨ ᱥᱤᱱᱟᱹᱢᱟᱦᱚᱸ ᱰᱷᱮᱨ ᱤᱧ ᱧᱮᱞᱟ ᱾
"हम जो कुछ भी पढ़ते हैं वह हमारे चारों ओर ही होता है, हमें बस उसे देखने की ज़रूरत है।","ᱟᱵᱚ ᱡᱟᱦᱟᱸᱱᱟᱜ ᱜᱮᱵᱚᱱ ᱯᱟᱲᱦᱟᱜ, ᱚᱱᱟᱫᱚ ᱟᱵᱚ ᱵᱮᱲᱦᱟᱭᱛᱮᱜᱮ ᱢᱮᱱᱟᱜᱼᱟ, ᱟᱵᱚ ᱚᱱᱟ ᱧᱮᱧᱮᱞ ᱞᱟᱹᱠᱛᱤ ᱠᱟᱱᱟ ᱾"
"इसलिए जब भी हम पढ़ते हैं तो मैं उन तस्वीरों और जिन जगहों पर मैं जा चुका हूँ, या फिर फिल्मों में मैंने जो देखा था, उन सब को याद करके जोड़ने की कोशिश करता हूँ।",ᱚᱱᱟᱛᱮ ᱟᱞᱮ ᱡᱟᱦᱟᱱᱟᱜ ᱜᱮ ᱞᱮ ᱯᱟᱲᱦᱟᱣᱼᱟ ᱚᱱᱟ ᱪᱤᱛᱟᱹᱨ ᱟᱨ ᱴᱷᱟᱶ ᱤᱧᱤᱧ ᱥᱮᱱ ᱟᱠᱟᱱᱟ ᱥᱮ ᱤᱧᱤᱧ ᱧᱮᱞ ᱟᱠᱟᱫᱟ ᱥᱤᱱᱟᱥᱹᱢᱟ ᱨᱮ ᱚᱱᱟᱠᱚ ᱫᱤᱥᱟᱹᱭ ᱨᱮᱭᱟᱜ ᱤᱧ ᱨᱤᱠᱟᱹᱭᱟ ᱟᱨ ᱚᱱᱟᱠᱚ ᱡᱚᱯᱲᱟᱣᱼᱟ ᱾
इस तरह उन चीज़ों का मैं सीन जैसा बना लेता हूँ और ऐसा ज्यादा लंबे समय तक याद रखा जा सकता है।,"ᱱᱚᱶᱟ ᱞᱮᱠᱟᱛᱮ ᱱᱚᱶᱟ ᱡᱤᱱᱤᱥ ᱫᱚ ᱤᱧᱴᱷᱮᱱ ᱟᱹᱰᱤ ᱧᱮᱞᱚᱜᱼᱟᱱ ᱠᱟᱱᱟ, ᱟᱨ ᱟᱹᱰᱤ ᱫᱤᱱ ᱦᱟᱹᱵᱤᱡᱽ ᱮᱢ ᱫᱤᱥᱟᱹ ᱰᱟᱲᱮᱭᱟᱜᱼᱟ ᱾"
क्या तुमने कभी इस तरह पढ़ने के बारे में सोचा है?,ᱟᱢ ᱡᱟᱦᱟᱸ ᱛᱤᱥᱮᱢ ᱩᱭᱦᱟᱹᱨ ᱟᱠᱟᱫᱟ ᱱᱚᱝᱠᱟ ᱞᱮᱠᱟᱛᱮᱢ ᱯᱟᱲᱦᱟᱜᱼᱟ ᱢᱮᱱᱛᱮ ?
"शायद तुम सही कह रहे हो, यह तरीका कभी-कभी मददगार साबित हो सकता है।","ᱦᱩᱭ ᱫᱟᱲᱮᱭᱟᱜᱼᱟ ᱟᱢᱮᱢ ᱥᱟᱹᱨᱤᱜᱮᱭᱟ, ᱱᱚᱶᱟ ᱦᱚᱨᱟ ᱠᱤᱪᱷᱤ ᱠᱤᱪᱷᱤ ᱚᱠᱛᱚ ᱜᱚᱲᱚᱭ ᱮᱢᱚᱜᱼᱟ ᱾"
"लेकिन जानते हो, मेरे लिए भूगोल जैसे विषय के साथ जुड़ना बहुत मुश्किल है।","ᱢᱮᱱᱠᱷᱟᱱ ᱟᱢᱮᱢ ᱵᱟᱲᱟᱭᱟ, ᱤᱧ ᱞᱟᱹᱜᱤᱫ ᱫᱚ ᱚᱛᱱᱚᱜ ᱞᱮᱠᱟᱱ ᱥᱟᱛᱟᱢ ᱥᱟᱶ ᱡᱚᱯᱲᱟᱜ ᱫᱚ ᱟᱹᱰᱤ ᱟᱡᱷᱟᱴ ᱜᱮᱭᱟ ᱟᱹᱰᱤ ᱟᱡᱷᱟᱴ ᱜᱮᱭᱟ ᱾"
शायद तुम्हें यह अच्छा लगता है क्योंकि तुम बहुत घूमते रहते हो; मेरे मामले में यह सब बस काल्पनिक जानकारी है।,"ᱦᱩᱭ ᱫᱟᱲᱮᱭᱟᱜᱼᱟ ᱱᱚᱶᱟᱫᱚ ᱟᱢᱮ ᱨᱤᱡᱷᱟᱹᱣ ᱢᱮᱭᱟ ᱪᱮᱫᱟᱜ ᱥᱮ ᱟᱢᱫᱚ ᱟᱹᱰᱤ ᱟᱴᱮᱢ ᱥᱟᱸᱜᱷᱟᱨᱼᱟ ; ᱤᱧᱟᱹᱜ ᱡᱚᱠᱷᱮᱡᱽ ᱫᱚ, ᱮᱴᱟᱜ ᱥᱮᱡᱽᱛᱮ, ᱱᱚᱶᱟ ᱠᱚᱫᱚ ᱥᱟᱱᱟᱢ ᱩᱭᱦᱟᱹᱨᱟᱱᱟᱜ ᱛᱮᱛᱮᱫ ᱠᱟᱱᱟ ᱾"
"इसके अलावा, हमारे पाठ्यक्रम के अनुसार हमें भारत का भूगोल पढ़ाया जाता है और तुम लोगों को शायद दुनिया की सबसे अच्छी जगहों के बारे में पढ़ाया जाता है!","ᱱᱚᱶᱟ ᱪᱷᱟᱰᱟ ᱠᱟᱛᱮᱜ ᱦᱚᱸ, ᱟᱞᱮᱭᱟᱜ ᱯᱚᱲᱦᱚᱱ ᱨᱮᱭᱟᱜ ᱦᱤᱸᱥ ᱞᱮᱠᱟᱛᱮ ᱵᱷᱟᱨᱚᱛ ᱨᱮᱭᱟᱜ ᱚᱛᱱᱚᱜ ᱢᱮᱱᱟᱜᱼᱟ, ᱟᱨ ᱟᱯᱮ ᱠᱚᱫᱚ ᱡᱮᱜᱮᱫ ᱨᱮᱭᱟᱜ ᱥᱚᱨᱮᱥ ᱴᱷᱟᱶᱨᱮ ᱯᱮ ᱯᱟᱲᱦᱟᱜ ᱠᱟᱱᱟ ᱾"
हमारे लिए यह बहुत अलग है!,ᱟᱞᱮ ᱠᱚ ᱞᱟᱹᱜᱤᱫ ᱱᱚᱶᱟᱫᱚ ᱵᱷᱮᱜᱟᱨ ᱜᱮᱭᱟ ᱾
"मैं समझता हूँ कि तुम्हारे लिए यह थोड़ा अलग है, लेकिन तुम कुछ चुनिंदा विषयों पर थोड़े वीडियो देख सकती हो, उससे भी तुम्हें थोड़ी जानकारी मिलेगी।","ᱤᱧ ᱵᱩᱡᱷᱟᱹᱣ ᱮᱫᱟ ᱱᱚᱶᱟᱫᱚ ᱱᱟᱥᱮ ᱵᱷᱮᱜᱟᱨ ᱜᱮᱭᱟ, ᱢᱮᱱᱠᱷᱟᱱ ᱟᱢ ᱵᱟᱪᱷᱟᱣ ᱟᱠᱟᱱ ᱥᱟᱛᱟᱢ ᱠᱷᱚᱱ ᱠᱤᱪᱷᱤ ᱵᱷᱤᱰᱚᱭᱳ ᱧᱮᱞ ᱨᱮᱭᱟᱜ ᱮᱢ ᱨᱤᱠᱟᱹ ᱫᱟᱲᱮᱭᱟᱜᱼᱟ, ᱚᱱᱟ ᱡᱟᱦᱟᱱᱟᱜ ᱦᱩᱰᱤᱥᱮ ᱮᱢᱚᱜᱼᱟ ᱾"
मैंने पहले कुछ इसी तरह से शुरुआत की थी और फिर दूसरे रास्ते खोजे।,ᱤᱧᱫᱚ ᱢᱤᱫ ᱞᱮᱠᱟᱛᱮ ᱮᱦᱚᱵ ᱨᱮ ᱮᱦᱚᱵ ᱞᱮᱫᱟ ᱟᱨ ᱤᱱᱟᱹ ᱛᱟᱭᱚᱢ ᱫᱚᱥᱟᱨ ᱦᱚᱨᱟᱧ ᱯᱟᱸᱡᱟ ᱧᱟᱢ ᱞᱮᱫᱟ ᱾
यह काफी कुछ ऑडियो-विज़ुअल जैसी चीज है।,ᱱᱚᱶᱟᱫᱚ ᱚᱰᱤᱭᱳ ᱵᱷᱤᱡᱩᱣᱟᱞ ᱠᱷᱚᱱ ᱰᱷᱮᱨ ᱜᱮᱭᱟ ᱾
अगर तुम चाहो तो मैं इसमें तुम्हारी मदद कर सकता हूँ।,ᱟᱢᱮᱢ ᱠᱷᱚᱡᱽ ᱠᱷᱟᱱ ᱱᱚᱶᱟᱨᱮ ᱟᱢᱤᱧ ᱜᱚᱲᱚ ᱟᱢᱟ ᱾
"हाँ, मुझे लगता है कि मुझे ऐसा करना अच्छा लगेगा।","ᱦᱮ, ᱤᱧ ᱚᱱᱟᱢᱟᱱ ᱮᱫᱟ ᱤᱧ ᱱᱚᱶᱟᱧ ᱠᱩᱥᱤᱭᱟᱜᱼᱟ ᱾"
क्या तुम्हें लगता है कि इतना घूमने फिरने के कारण तुम्हें यह विषय पसंद आने लगा या फिर इसका उल्टा है?,ᱟᱢᱮᱢ ᱢᱚᱱᱮᱭᱟ ᱵᱟᱹᱲᱛᱤ ᱥᱟᱸᱜᱷᱟᱨ ᱫᱚ ᱟᱢᱟᱜ ᱠᱩᱥᱤᱭᱟᱜ ᱥᱟᱛᱟᱢ ᱪᱮᱛᱟᱱ ᱠᱩᱥᱤᱭ ᱯᱷᱚᱴᱮᱞ ᱟᱠᱟᱫᱟ ᱥᱮ ᱱᱚᱶᱟ ᱮᱴᱟᱜ ᱞᱮᱠᱟ ᱦᱩᱭ ᱫᱟᱲᱮᱭᱟᱜᱼᱟ ?
"मेरा मतलब है कि जब तुम यात्राओं पर निकलते हो तो क्या मौसम की स्थितियों, जगहों, इमारतों, और ऐसी कितनी ही चीजों के बारे में यह सब जानकारी तुम्हारे काम आती है?","ᱤᱧ ᱞᱟᱹᱭ ᱟᱪᱚᱭᱮᱫᱟ, ᱟᱢ ᱡᱚᱠᱷᱚᱱ ᱡᱟᱭᱜᱟᱠᱚᱢ ᱯᱟᱸᱡᱟᱭᱟ ᱩᱱᱡᱚᱠᱷᱚᱱ ᱦᱚᱭᱦᱤᱥᱤᱫ ᱨᱮᱭᱟᱜ ᱦᱟᱞᱚᱛ,ᱴᱷᱟᱶ,ᱜᱚᱲᱦᱚᱱ ᱟᱨ ᱪᱮᱫ ᱠᱟᱹᱢᱤᱨᱮ ᱞᱟᱜᱟᱜᱼᱟ ᱥᱮ ᱵᱟᱝ ᱚᱱᱟ ᱵᱟᱨᱮᱛᱮᱱᱟᱜ ᱥᱟᱱᱟᱢ ᱰᱚᱜᱚᱨ ᱠᱚᱫᱚ ᱪᱮᱫ ᱠᱟᱱᱟ ?"
"विशेष रूप से भारत में, जहां देखने लायक शायद ही कुछ है!",ᱠᱷᱟᱥ ᱠᱟᱨᱛᱮ ᱵᱷᱟᱨᱚᱛᱨᱮ ᱡᱟᱦᱟᱸᱨᱮ ᱧᱮᱞ ᱞᱮᱠᱟᱱᱟᱜ ᱠᱷᱟᱥ ᱫᱚ ᱵᱟᱹᱱᱩᱜᱼᱟ !
ऐसी बात नहीं है।,ᱱᱚᱶᱟᱫᱚ ᱟᱥᱚᱞᱨᱮ ᱜᱷᱚᱴᱚᱱ ᱵᱟᱝ ᱠᱟᱱᱟ ᱾
"भारत में देखने लायक बहुत कुछ है, कई बड़े जलाशय, पहाड़ियाँ और मैदानी इलाके तुम्हें भारत में भी मिलेंगे।","ᱵᱷᱟᱨᱚᱛᱨᱮ ᱟᱞᱮᱠᱚ ᱧᱮᱞ ᱞᱟᱹᱜᱤᱫ ᱟᱹᱰᱤ ᱠᱤᱪᱷᱤ ᱢᱮᱱᱟᱜᱼᱟ, ᱵᱟᱹᱲᱛᱤᱜᱮ ᱢᱩᱲᱩᱫ ᱫᱟᱜ ᱥᱚᱸᱛᱟᱞ, ᱵᱩᱨᱩ ᱟᱨ ᱢᱮᱞᱟᱱ ᱚᱛᱮᱫ ᱟᱢ ᱵᱷᱟᱨᱚᱛ ᱨᱮᱦᱚᱢ ᱧᱟᱢᱟ ᱾"
"उदाहरण के तौर पर अलग-अलग हिमालय पर्वतमालाएँ जो अलग अलग राज्यों से देखी जा सकती हैं, जैसे कि कंचनजंगा, तथा और भी कई हैं जो अपने आप में अनूठी हैं और हर पर्वतमाला की अपनी विशेषताएं हैं।","ᱡᱮᱢᱚᱱ ᱫᱟᱹᱭᱠᱟᱹ ᱞᱮᱠᱟᱛᱮ ᱥᱟᱵᱽ ᱢᱮ ᱦᱤᱢᱟᱞᱚᱭ ᱨᱟᱛᱟᱝᱵᱩᱨᱩ ᱟᱢ ᱟᱭᱢᱟ ᱯᱚᱱᱚᱛ ᱠᱷᱚᱱᱮᱢ ᱧᱮᱞ ᱧᱟᱢᱟ ᱡᱮᱞᱮᱠᱟ ᱠᱟᱧᱪᱚᱱᱡᱚᱝᱜᱷᱟ, ᱟᱨ ᱟᱨᱦᱚᱸ ᱟᱭᱢᱟ ᱠᱤᱪᱷᱤ ᱢᱮᱱᱟᱜᱼᱟ, ᱢᱤᱫ ᱞᱮᱠᱟᱱᱟᱜ ᱟᱨ ᱥᱟᱱᱟᱢ ᱨᱮᱧᱡᱽ ᱨᱮᱭᱟᱜ ᱟᱯᱱᱟᱨ ᱜᱩᱱᱠᱚ ᱦᱟᱹᱴᱤᱧ ᱮᱫ ᱞᱮᱠᱟᱱ ᱾"
जलाशय भी कई स्थानों में विभाजित हो कर डेल्टा और द्वीप बना देते हैं।,ᱫᱟᱜ ᱥᱚᱛᱟᱞ ᱠᱚᱦᱚᱸ ᱵᱮᱥ ᱠᱤᱪᱷᱤ ᱴᱷᱟᱶᱨᱮ ᱦᱟᱹᱴᱤᱧ ᱨᱮᱭᱟᱜ ᱡᱷᱩᱸᱠ ᱢᱮᱱᱟᱜᱼᱟ ᱡᱟᱦᱟᱸ ᱠᱷᱟᱹᱛᱤᱨᱛᱮ ᱵᱚᱼᱰᱷᱤᱯ ᱟᱨ ᱰᱷᱤᱯᱠᱚ ᱵᱮᱱᱟᱜᱼᱟ ᱾
भूमि के उन टुकड़ों की अपनी अनोखी विशेषताएं होती हैं।,ᱚᱱᱟᱠᱚ ᱚᱛᱮᱫ ᱨᱮᱭᱟᱜ ᱟᱱᱯᱱᱟᱨ ᱠᱤᱪᱷᱤ ᱵᱷᱮᱜᱟᱨ ᱜᱩᱱ ᱢᱮᱱᱟᱜᱼᱟ ᱾
शायद तुम सही हो! मुझे मिस ली की भारत के भूगोल की क्लास याद है और कैसे उन्होंने हमारे लिए एक रोचक तस्वीर गढ़ी थी।,"ᱦᱩᱭ ᱫᱟᱲᱮᱭᱟᱜᱼᱟ ᱟᱢᱮᱢ ᱥᱟᱹᱨᱤᱜᱮᱭᱟ ! ᱤᱧ ᱫᱤᱥᱟᱹᱭᱮᱫᱟ ᱵᱷᱨᱚᱛ ᱨᱮᱭᱟᱜ ᱚᱛᱱᱚᱜ ᱪᱮᱛᱟᱱ ᱢᱤᱥᱥ ᱞᱤᱭᱟᱼᱟᱜ ᱠᱞᱟᱥ, ᱟᱨ ᱩᱱᱤ ᱪᱮᱫ ᱞᱮᱠᱟᱛᱮ ᱟᱞᱮ ᱞᱟᱹᱜᱤᱫ ᱢᱤᱫ ᱨᱤᱡᱷᱟᱹᱣᱱᱟ ᱪᱤᱛᱟᱹᱨᱮ ᱠᱷᱚᱫᱟ ᱞᱮᱫᱟ ᱾"
यह बस विषय को और रोचक बनाने के लिए अलग-अलग तरीके और चालें इस्तेमाल करने के बारे में है।,ᱟᱢ ᱟᱢᱛᱮᱜᱮ ᱟᱭᱢᱟ ᱴᱤᱯᱥ ᱟᱨ ᱠᱟᱹᱭᱫᱩᱥ ᱵᱮᱣᱦᱟᱨ ᱠᱟᱛᱮᱜ ᱥᱟᱛᱟᱢ ᱛᱮᱫ ᱟᱨᱦᱚᱸ ᱨᱤᱡᱷᱟᱹᱣ ᱟᱱᱟᱜ ᱮᱢ ᱵᱮᱱᱟᱣ ᱫᱟᱲᱮᱭᱟᱜᱼᱟ ᱾
मुझे बहुत दिनों तक घर से बाहर रहना पसंद नहीं है लेकिन मैं अपना दिमाग खुला रखने की और तुम्हारे नज़रिए से चीज़ों को देखने की कोशिश करूंगी।,ᱤᱧᱫᱚ ᱠᱤᱪᱷᱤ ᱫᱤᱱ ᱞᱟᱹᱜᱤᱫ ᱚᱲᱟᱜ ᱵᱟᱹᱜᱤ ᱠᱟᱴᱮᱜ ᱥᱮᱱᱚ ᱫᱚ ᱵᱟᱹᱧ ᱠᱩᱥᱤᱭᱟᱜᱼᱟ ᱮᱱᱠᱷᱟᱱ ᱦᱩᱭ ᱫᱟᱲᱮᱭᱟᱜᱼᱟ ᱤᱧ ᱨᱟᱲᱟ ᱢᱚᱱᱛᱮ ᱛᱟᱦᱮᱱ ᱨᱮᱭᱟᱜ ᱤᱧ ᱨᱤᱠᱟᱹᱭᱟ ᱟᱨ ᱟᱢ ᱞᱮᱠᱟ ᱡᱤᱱᱤᱥ ᱠᱚ ᱧᱮᱞ ᱨᱮᱭᱟᱜ ᱤᱧ ᱨᱤᱠᱟᱹᱭᱟ ᱾
ये शो और फिल्में मेरे काम आ सकती हैं।,ᱱᱚᱶᱟ ᱥᱳ ᱟᱨ ᱥᱤᱱᱟᱹᱢᱟ ᱫᱚ ᱟᱞᱜᱟᱛᱮ ᱦᱮᱡᱽ ᱫᱟᱲᱮᱭᱟᱜᱼᱟ ᱾
"बहुत अच्छा बोले, यार! बहुत बहुत धन्यवाद!","ᱱᱟᱯᱟᱭ ᱠᱟᱛᱷᱟ, ᱦᱳ ! ᱟᱭᱢᱟ ᱥᱟᱨᱦᱟᱣ !"
वेलकम।,ᱟᱢᱟᱜ ᱥᱟᱹᱜᱩᱱ ᱫᱟᱨᱟᱢ ᱾
"हैलो, मैं यूनिवर्सिटी होस्टल से ज़ेड स्क्वायर मॉल जाने के लिए कैब बुक करने के लिए कॉल कर रही हूँ।","ᱦᱮᱞᱳ, ᱤᱧ ᱫᱚ ᱡᱮᱜᱮᱫᱽᱵᱤᱫᱫᱟᱹᱜᱟᱲ ᱠᱷᱚᱱ ᱡᱮᱴ ᱥᱠᱩᱭᱮᱨ ᱢᱚᱞ ᱫᱷᱟᱹᱵᱤᱡᱽ ᱤᱫᱤᱭᱤᱧ ᱞᱟᱹᱜᱤᱫᱽ ᱢᱤᱫᱴᱟᱝ ᱠᱮᱵᱽ ᱵᱩᱠᱤᱝ ᱵᱟᱵᱚᱫᱽᱤᱧ ᱦᱚᱦᱚᱭᱮᱫᱽᱠᱟᱱ ᱛᱟᱦᱮᱸᱠᱟᱱᱟ ᱾"
मुझे कितनी देर में मिल सकती है?,ᱛᱤᱱᱟᱹᱜ ᱩᱥᱟᱹᱨᱟ ᱤᱧᱫᱚ ᱢᱤᱫᱽᱴᱟᱝᱤᱧ ᱧᱟᱢ ᱫᱟᱲᱮᱭᱟᱜᱼᱟ ?
मैं आपके पते पर अपना एक ड्राइवर तुरंत भेज सकती हूँ।,ᱤᱧ ᱫᱚ ᱟᱹᱰᱤ ᱩᱥᱟᱹᱨᱟ ᱟᱢᱟᱜᱽ ᱴᱷᱤᱠᱟᱹᱱᱟᱨᱮ ᱟᱞᱮᱨᱮᱢ ᱢᱤᱫᱴᱟᱝ ᱰᱨᱟᱭᱵᱷᱟᱨᱤᱧ ᱠᱩᱞᱫᱟᱲᱮᱣᱟᱭᱟ ᱾
आपको कहाँ से पिक अप करना है?,ᱚᱠᱟ ᱠᱷᱚᱱᱮ ᱫᱮᱡᱽᱢᱮᱭᱮᱢ ᱠᱷᱚᱡ ᱠᱟᱱᱟ ?
मैं मेन कैम्पस में वेट करूँगी जो एंट्रेंस के बिल्कुल पास है।,ᱤᱧ ᱫᱚ ᱢᱩᱞ ᱠᱮᱢᱯᱟᱥᱨᱮᱧ ᱛᱟᱹᱜᱤᱭᱟ ᱡᱟᱦᱟᱸ ᱫᱚ ᱵᱚᱞᱚᱱ ᱜᱮᱴ ᱠᱷᱚᱱ ᱟᱹᱰᱤᱜᱤ ᱥᱩᱨ ᱜᱮᱭᱟ ᱾
सिक्योरिटी गार्ड बिना किसी समस्या के आपको अंदर आने देगा।,ᱥᱮᱠᱩᱴᱤᱨᱤ ᱫᱚ ᱡᱟᱦᱟᱸᱱ ᱟᱱᱟᱴ ᱪᱷᱟᱰᱟᱜᱤᱭ ᱵᱚᱞᱚ ᱩᱪᱩᱣᱟᱢᱟ ᱾
"ओके, क्या कैब कैम्पस के अंदर आ सकती है?","ᱴᱷᱤᱠᱜᱮᱭᱟ, ᱠᱮᱵ ᱫᱚ ᱠᱮᱢᱯᱟᱥ ᱵᱷᱤᱛᱨᱤᱨᱮᱭ ᱵᱚᱞᱚᱫᱟᱲᱮᱭᱟᱜᱽᱼᱟ ?"
क्या इसकी अनुमति है?,ᱚᱱᱟ ᱫᱚ ᱜᱟᱱᱚᱜᱽᱜᱮᱭᱟ ?
हम एक बार किसी दूसरी यूनिवर्सिटी में मुसीबत में पड़ गए थे; मैं बस श्योर होने के लिए पूछ रही हूँ।,ᱟᱞᱮ ᱫᱚ ᱢᱤᱫᱽᱫᱷᱟᱣ ᱮᱴᱟᱜ ᱡᱮᱜᱮᱫᱽᱵᱤᱫᱫᱟᱹᱜᱟᱲᱨᱮ ᱟᱱᱟᱴᱨᱮᱞᱮ ᱯᱟᱲᱟᱣᱞᱮᱱᱟ; ᱤᱧ ᱫᱚ ᱴᱷᱟᱹᱣᱠᱟᱹᱭ ᱞᱟᱹᱜᱤᱫᱽᱛᱮᱧ ᱠᱩᱞᱤᱠᱟᱱᱟ ᱾
अगर उन्हें पहले से बता दिया जाए तो कोई परेशानी नहीं है।,"ᱛᱤᱱ ᱦᱟᱹᱵᱤᱡᱽ ᱩᱝᱠᱩ ᱫᱚ ᱞᱟᱦᱟ ᱠᱷᱚᱱ ᱵᱟᱝᱠᱩ ᱵᱟᱰᱟᱭᱩᱪᱩᱜᱽᱠᱟᱱᱟ, ᱚᱱᱟ ᱫᱚ ᱵᱷᱟᱜᱤ ᱾"
मैंने उन्हें अभी बता दिया है तो आपको अंदर आने में कोई परेशानी नहीं होगी।,ᱤᱧ ᱫᱚ ᱩᱝᱠᱩ ᱱᱤᱛᱚᱜᱽᱤᱧ ᱵᱟᱰᱟᱭᱩᱪᱩᱭᱮᱫᱠᱩᱣᱟ ᱚᱱᱟᱛᱮ ᱟᱢ ᱫᱚ ᱡᱟᱦᱟᱸᱱ ᱟᱱᱟᱴ ᱪᱷᱟᱰᱟᱜᱤᱢ ᱵᱚᱞᱚ ᱫᱟᱲᱮᱭᱟᱜᱽᱼᱟ ᱾
"ओके, क्या आप मुझे इस तरह का कोई डॉक्यूमेंट या स्क्रीनशॉट भेज सकती हैं?","ᱴᱷᱤᱠᱜᱮᱭᱟ, ᱟᱢ ᱠᱤ ᱱᱚᱣᱟ ᱥᱟᱹᱵᱤᱫᱽ ᱞᱟᱹᱜᱤᱫᱽ ᱡᱟᱦᱟᱸᱱ ᱰᱚᱠᱩᱢᱮᱱᱴ ᱫᱩᱨᱤᱵᱽ ᱥᱮ ᱥᱠᱨᱤᱱᱥᱦᱚᱨᱴᱮᱢ ᱠᱩᱞ ᱫᱟᱲᱮᱭᱟᱹᱧᱟ ?"
मैं आपको परेशान करने की माफी चाहती हूँ लेकिन यह कंपनी की पॉलिसी है।,"ᱟᱱᱟᱴ ᱩᱪᱩᱠᱮᱫᱽᱢᱮ ᱞᱟᱹᱜᱤᱫᱽ ᱤᱠᱟᱹᱧ ᱠᱷᱚᱡᱚᱜᱽ ᱠᱟᱱᱟ, ᱢᱮᱱᱠᱷᱟᱱ ᱱᱤᱭᱟᱹ ᱫᱚ ᱠᱚᱢᱯᱟᱱᱤ ᱨᱮᱭᱟᱜ ᱟᱹᱨᱤ ᱠᱟᱱᱟ ᱾"
मेरे पास कैम्पस गाइडलाइन की कॉपी है जिसमें ऐसा लिखा है।,ᱠᱮᱢᱯᱟᱥ ᱩᱫᱩᱜᱽᱦᱚᱨᱟ ᱨᱮᱭᱟᱜ ᱢᱤᱫᱴᱟᱝ ᱠᱚᱯᱤ ᱤᱧ ᱴᱷᱮᱱ ᱢᱮᱱᱟᱜᱽᱼᱟ ᱡᱟᱦᱟᱸ ᱫᱚ ᱚᱱᱟᱭ ᱞᱟᱹᱭᱟ ᱾
मैंने अभी आपको ये वॉट्सएप पर भेजा है।,ᱤᱧ ᱫᱚ ᱱᱤᱛᱜᱤ ᱚᱱᱟ ᱳᱣᱟᱴᱥᱮᱯ ᱨᱮᱧ ᱠᱩᱞᱟᱠᱟᱫᱽᱢᱮᱭᱟ ᱾
"ओके, यह चल जाना चाहिए।","ᱴᱷᱤᱠᱜᱮᱭᱟ, ᱚᱱᱟ ᱫᱚᱭ ᱠᱟᱹᱢᱤ ᱫᱟᱲᱮᱭᱟᱜᱽᱼᱟ ᱾"
भविष्य में सुविधा के लिए आप कैम्पस में हमारी सर्विस लेने के लिए ऐप का इस्तेमाल कर सकती हैं।,"ᱦᱟᱯᱮᱱᱨᱮ ᱥᱩᱵᱤᱫᱷᱟ ᱞᱟᱹᱜᱤᱫᱽ, ᱠᱮᱢᱯᱟᱥᱨᱮ ᱟᱞᱮᱭᱟᱜ ᱡᱚᱛᱱᱟᱣᱠᱩ ᱧᱟᱢ ᱞᱟᱹᱜᱤᱫᱽ ᱮᱯᱮᱢ ᱵᱮᱵᱚᱦᱟᱨ ᱫᱟᱲᱮᱭᱟᱜᱽᱼᱟ ᱾"
इसका नाम है ट्रैवा-गो और यह गूगल प्ले स्टोर पर है।,ᱚᱱᱟ ᱫᱚ ᱴᱨᱟᱵᱷᱟᱼᱜᱳ ᱠᱩ ᱢᱮᱛᱟᱜᱽᱼᱟ ᱟᱨ ᱚᱱᱟ ᱫᱚ ᱜᱩᱜᱩᱞ ᱯᱞᱮᱥᱴᱳᱨᱨᱮ ᱧᱟᱢᱚᱜᱽᱼᱟ ᱾
इससे बहुत मदद मिल जाएगी।,ᱚᱱᱟ ᱫᱚ ᱢᱤᱫᱴᱟᱝ ᱢᱟᱨᱟᱝ ᱪᱩᱠᱛᱤᱭᱨᱮᱭ ᱜᱚᱲᱚᱜᱽᱼᱟ ᱾
क्या आप होस्टल की जगह जानती हैं?,ᱟᱢ ᱫᱚ ᱪᱮᱫᱽ ᱦᱳᱥᱴᱮᱞ ᱨᱮᱭᱟᱜ ᱦᱩᱫᱤᱥᱴᱷᱤᱠᱟᱹᱱᱟ ᱵᱟᱵᱚᱫᱽᱮᱢ ᱵᱟᱰᱟᱭᱟ ?
मैं यहाँ नई हूँ तो मुझे बहुत ज़्यादा पता नहीं है।,"ᱤᱧ ᱫᱚ ᱱᱚᱣᱟ ᱮᱞᱟᱠᱟᱨᱮᱧ ᱱᱟᱣᱟᱜᱮᱭᱟ, ᱚᱱᱟᱛᱮ ᱤᱧ ᱫᱚᱧ ᱵᱚᱛᱚᱨᱚᱜᱽᱠᱟᱱᱟ ᱟᱨ ᱤᱧᱟᱜᱽ ᱡᱟᱹᱥᱛᱤ ᱫᱷᱟᱨᱚᱱᱟ ᱦᱚᱸ ᱵᱟᱹᱱᱩᱜᱽᱛᱤᱧᱟ ᱾"
"लेकिन मैं मुझे लगता है कि आपको जो ड्राइवर दिया जाएगा, वो जानता होगा।",ᱢᱮᱱᱠᱷᱟᱱ ᱤᱧ ᱫᱚᱧ ᱴᱷᱟᱹᱣᱠᱟᱹᱭᱟ ᱰᱨᱟᱭᱵᱷᱟᱨ ᱡᱟᱦᱟᱸᱭ ᱟᱢ ᱞᱟᱹᱜᱤᱫᱽ ᱮᱢ ᱦᱩᱭᱟᱠᱟᱱ ᱫᱚ ᱚᱱᱟᱠᱩ ᱰᱟᱦᱟᱨᱮ ᱵᱟᱰᱟᱭᱟ ᱾
मैं आपको लोकेशन भेजूँगी अगर उन्हें नहीं पता हो तो।,ᱤᱧ ᱫᱚ ᱟᱢ ᱛᱩᱨᱟᱹᱱᱛ ᱞᱳᱠᱮᱥᱚᱱᱤᱧ ᱠᱩᱞᱟᱢᱟ ᱡᱩᱫᱤ ᱩᱱᱤ ᱫᱚ ᱚᱱᱟᱠᱩ ᱵᱟᱭ ᱠᱚᱨᱟᱣᱟ ᱾
क्या मुझे पैसे पहले या अपनी जगह पर पहुँच जाने पर देने होंगे?,ᱤᱧ ᱠᱤ ᱞᱟᱦᱟᱨᱮᱜᱤ ᱴᱟᱠᱟ ᱢᱮᱴᱟᱣ ᱦᱩᱭᱩᱜᱽᱛᱤᱧᱟ ᱥᱮ ᱡᱟᱭᱜᱟ ᱥᱮᱴᱮᱨᱠᱟᱛᱮᱧ ᱢᱮᱴᱟᱣᱟ ?
आप जैसा चाहें।,ᱚᱱᱟ ᱫᱚ ᱟᱢᱟᱜᱽ ᱠᱩᱥᱤ ᱾
आप या तो एडवांस में दे सकते हैं या पहुँचने पर दे सकते हैं।,ᱟᱢ ᱫᱚ ᱞᱟᱦᱟᱨᱮᱜᱤ ᱴᱟᱠᱟᱢ ᱢᱮᱴᱟᱣ ᱫᱟᱲᱮᱭᱟᱜᱽᱼᱟ ᱵᱟᱝᱠᱷᱟᱱ ᱫᱮᱡᱽ ᱛᱟᱭᱚᱢ ᱦᱚᱸᱢ ᱢᱮᱴᱟᱣ ᱫᱟᱲᱮᱭᱟᱜᱽᱼᱟ ᱾
"अगर आप चाहते हैं कि कैब आपका वेट करे, तो इसके एक्स्ट्रा पैसे लगेंगे।","ᱡᱩᱫᱤ ᱟᱢ ᱞᱟᱹᱜᱤᱫᱽ ᱠᱮᱵ ᱛᱟᱹᱜᱤᱭ ᱞᱟᱹᱜᱛᱤᱭᱟ, ᱚᱱᱟ ᱞᱟᱹᱜᱤᱫᱽ ᱫᱚᱲᱦᱟᱛᱮ ᱴᱟᱠᱟ ᱞᱟᱜᱟᱜᱽᱼᱟ ᱾"
इसकी कोई ज़रूरत नहीं होगी।,ᱚᱱᱟ ᱨᱮᱭᱟᱜ ᱞᱟᱹᱜᱛᱤ ᱵᱟᱹᱱᱩᱜᱽᱼᱟ ᱾
मैं दस मिनट में तैयार हो जाऊँगी तो मुझे उम्मीद है कि कैब तब तक आ जाएगी।,ᱤᱧ ᱫᱚ ᱑᱐ ᱴᱤᱲᱤᱡᱽᱨᱮᱧ ᱥᱟᱯᱲᱟᱜᱽᱼᱟ ᱟᱨ ᱤᱧ ᱫᱚᱧ ᱟᱥᱚᱜᱽᱼᱟ ᱡᱮ ᱠᱮᱵ ᱫᱚ ᱚᱱᱟ ᱛᱟᱭᱚᱢᱜᱤ ᱧᱟᱢ ᱫᱟᱲᱮᱭᱟᱜᱽᱼᱟ ᱾
"ओके, आपकी कैब 15 मिनट में आपकी लोकेशन पर पहुँच सकती है।","ᱴᱷᱤᱠᱜᱮᱭᱟ, ᱟᱢᱟᱜᱽ ᱠᱮᱵ ᱫᱚ ᱑᱕ ᱴᱤᱲᱤᱡᱽ ᱨᱮ ᱴᱷᱟᱹᱣᱠᱟᱹᱣᱟᱠᱟᱱ ᱞᱳᱠᱮᱥᱚᱱᱨᱮ ᱥᱮᱴᱮᱨᱚᱜᱽᱼᱟ ᱾"
हमारी कैब सर्विस का इस्तेमाल करने के लिए धन्यवाद।,ᱟᱭᱢᱟ ᱥᱟᱨᱦᱟᱣ ᱟᱞᱮᱭᱟᱜᱽ ᱠᱮᱵ ᱵᱮᱵᱚᱦᱟᱨ ᱞᱟᱹᱜᱤᱫᱽᱛᱮ ᱾
"हैलो सर, मैं आदर्श की माँ हूँ।","ᱦᱮᱞᱳ ᱥᱮᱨ, ᱤᱧᱫᱚ ᱟᱫᱚᱨᱥ ᱟᱡᱽ ᱜᱚᱜᱚ ᱾"
मैं यहाँ अपने बेटे के बारे में कुछ बात करना चाहती हूँ।,ᱤᱧᱫᱚ ᱤᱧᱨᱮᱱ ᱠᱚᱲᱟ ᱜᱤᱫᱨᱟᱹ ᱵᱟᱵᱚᱛᱽᱛᱮ ᱠᱤᱪᱷᱤ ᱜᱟᱞᱢᱟᱨᱟᱨ ᱞᱟᱹᱜᱤᱫ ᱤᱧ ᱦᱮᱡᱽ ᱟᱠᱟᱱᱟ ᱾
"आप उसके क्लास टीचर हैं, इसलिए मुझे लगा कि अगर मैं अपनी परेशानियों के बारे में आपसे बात करूँ तो अच्छा रहेगा।","ᱩᱱᱤᱨᱮᱱ ᱢᱟᱪᱮᱫ ᱞᱮᱠᱟᱛᱮ, ᱤᱧᱟᱹᱜ ᱢᱚᱱᱮ ᱦᱩᱭᱟᱠᱟᱱᱟ ᱟᱢ ᱥᱟᱶᱛᱮ ᱤᱧᱟᱹᱜ ᱪᱤᱱᱛᱟᱹᱧ ᱜᱟᱞᱢᱟᱨᱟᱣ ᱞᱮᱠᱷᱟᱱ ᱡᱚᱛᱚᱠᱷᱚᱱ ᱱᱟᱯᱟᱭᱚᱜᱼᱟ ᱾"
आप आराम से बैठिए।,ᱟᱢᱛᱮ ᱡᱩᱛᱩᱜ ᱢᱮ ᱾
आप किस बारे में बात करना चाहती हैं?,ᱟᱢ ᱪᱮᱫ ᱜᱟᱯᱟᱞᱢᱟᱨᱟᱣ ᱥᱟᱱᱟᱭᱮᱫ ᱢᱮᱭᱟ ?
मुझे अपने बेटे की मोबाइल फ़ोन और वीडियो गेम की बढ़ती लत को लेकर चिंता है।,ᱤᱧᱫᱚ ᱤᱧᱨᱮᱱ ᱠᱚᱲᱟ ᱜᱤᱫᱨᱟᱹ ᱟᱜ ᱢᱳᱵᱟᱭᱤᱞ ᱯᱷᱳᱱ ᱟᱨ ᱶᱷᱤᱰᱤᱳ ᱜᱮᱢ ᱨᱮ ᱡᱷᱩᱸᱠ ᱤᱫᱤ ᱠᱟᱛᱮᱧ ᱪᱤᱱᱛᱟᱹ ᱜᱮᱭᱟ ᱾
वह हमेशा फ़ोन पर गेम खेलता रहता है।,ᱩᱱᱤᱫᱚ ᱥᱟᱨᱟ ᱜᱷᱟᱹᱲᱤ ᱯᱷᱳᱱᱨᱮ ᱜᱮᱢ ᱠᱷᱮᱞᱨᱮ ᱡᱚᱦᱚᱲᱮ ᱛᱟᱦᱮᱸᱱᱟ ᱾
और मैं उसकी सेहत और उसकी पढ़ाई को भी लेकर चिंतित हूँ।,ᱟᱨ ᱤᱧᱫᱤ ᱥᱟᱹᱨᱤᱜᱮ ᱩᱱᱤᱭᱟᱜ ᱥᱟᱶᱟᱨ ᱟᱨ ᱯᱟᱲᱦᱟᱜ ᱤᱫᱤ ᱠᱟᱛᱮᱧ ᱪᱤᱱᱛᱟᱹ ᱜᱮᱭᱟ ᱾
"ओह, यह तो चिंता की बात है।","ᱳᱦ, ᱱᱚᱶᱟᱫᱚ ᱪᱤᱱᱛᱟ, ᱟᱱᱟᱜᱼᱜᱮ ᱾"
यह लत इन छोटे बच्चों में बढ़ती जा रही है।,ᱠᱟᱴᱤᱡᱽ ᱜᱤᱫᱨᱟᱹᱠᱩ ᱢᱩᱫᱽᱨᱮ ᱱᱚᱶᱟ ᱡᱷᱩᱸᱠ ᱵᱟᱹᱲᱛᱤ ᱤᱫᱤᱜ ᱠᱟᱱᱟ ᱾
आपको इस परेशानी से छुटकारा पाने के लिए उसे कुछ मनोरंजक हॉबी में शामिल करने की कोशिश करना चाहिए।,ᱱᱚᱶᱟ ᱟᱡᱷᱟᱴ ᱴᱮᱠᱟᱣ ᱞᱟᱹᱜᱤᱫ ᱩᱱᱤ ᱴᱷᱮᱱ ᱠᱤᱪᱷᱤ ᱨᱟᱹᱥᱠᱟᱹ ᱟᱱ ᱥᱚᱠ ᱠᱚ ᱥᱮᱞᱮᱫ ᱟᱭ ᱨᱮᱭᱟᱜ ᱨᱤᱠᱟᱹᱭ ᱢᱮ ᱾
अच्छी हॉबी जैसे?,ᱡᱮᱞᱮᱠᱟ ᱱᱟᱯᱟᱭ ᱥᱚᱠ ?
आप मुझे कुछ सुझाव दे सकते हैं क्या?,ᱟᱟᱢ ᱪᱮᱫ ᱠᱤᱪᱷᱤ ᱱᱟᱯᱟᱭ ᱫᱤᱥ ᱦᱩᱫᱤᱥᱮᱢ ᱮᱢ ᱫᱟᱲᱮᱭᱟᱹᱧᱟ ?
आपको उसके खाली समय में उसे स्टोरी बुक पढ़ने के लिए बढ़ावा देना चाहिए।,ᱟᱢᱟᱜ ᱫᱚ ᱞᱟᱹᱠᱛᱤ ᱠᱟᱱᱟ ᱯᱷᱨᱤ ᱴᱟᱭᱤᱢᱨᱮ ᱩᱱᱤ ᱠᱟᱹᱦᱤᱱᱤ ᱯᱩᱛᱷᱤ ᱠᱚ ᱯᱟᱲᱦᱟᱣ ᱨᱮ ᱩᱫᱜᱟᱹᱣ ᱞᱟᱹᱜᱤᱫ ᱾
मेरे विचार से यह स्टूडेंट के लिए सबसे अच्छी हॉबी है।,"ᱤᱧᱟᱹᱜ ᱠᱟᱛᱷᱟ ᱞᱮᱠᱟᱛᱮ, ᱱᱚᱶᱟᱫᱚ ᱡᱚᱛᱚᱠᱷᱚᱱ ᱱᱟᱯᱟᱭ ᱥᱚᱠ ᱠᱟᱱᱟ, ᱯᱟᱹᱴᱷᱣᱟᱹ ᱠᱚ ᱞᱟᱹᱜᱤᱫ ᱾"
और उसे मोबाइल गेमिंग से दूर करने के लिए आप उसे स्पोर्ट्स अकादमी में भेज सकती हैं।,"ᱱᱚᱶᱟ ᱪᱷᱟᱰᱟ ᱠᱟᱛᱮᱜ, ᱩᱱᱤ ᱢᱳᱵᱟᱭᱤᱞ ᱜᱮᱢ ᱠᱷᱚᱱ ᱥᱟᱦᱟᱭᱮ ᱫᱚᱦᱚᱭ ᱞᱟᱹᱜᱤᱫ, ᱟᱢ ᱩᱱᱤ ᱥᱯᱳᱨᱴᱥ ᱮᱠᱟᱰᱮᱢᱤᱨᱮᱢ ᱵᱷᱚᱨᱛᱤ ᱫᱟᱲᱮᱟᱭᱟ ᱾"
"मार्शल आर्ट, तैराकी, क्रिकेट, आदि कुछ अच्छे खेल हैं जिन्हें वह ट्राई कर सकता है।","ᱩᱱᱤᱫᱚ ᱢᱟᱨᱥᱟᱞ ᱟᱨᱴᱥ,ᱯᱟᱭᱨᱟᱜ,ᱠᱨᱤᱠᱮᱴ ᱮᱢᱟᱱ ᱛᱮᱭᱟᱜ ᱵᱷᱟᱜᱮ ᱠᱷᱮᱞᱚᱱᱰ ᱠᱚᱭ ᱨᱤᱠᱟᱹ ᱫᱟᱲᱮᱭᱟᱜᱼᱟ ᱾"
इस तरह से वह फ़िट भी रहेगा।,"ᱱᱚᱶᱟᱛᱮ, ᱟᱡᱽᱦᱚᱸ ᱯᱷᱤᱴᱮ ᱛᱟᱦᱮᱸᱱᱟ ᱾"
"जब वो गेम नहीं खेलता है, तब अक्सर वो गाने के कुछ रियैलिटी शो देखता रहता है।","ᱩᱱᱤ ᱡᱚᱠᱷᱚᱱ ᱜᱮᱢ ᱵᱟᱭ ᱠᱷᱮᱞᱟ, ᱩᱱᱤᱫᱚ ᱥᱟᱫᱷᱟᱨᱚᱱᱚᱛᱚ ᱥᱮᱨᱮᱧ ᱨᱤᱭᱟᱞᱤᱴᱤ ᱥᱳ ᱨᱮᱭᱟᱜ ᱵᱷᱤᱰᱤᱳ ᱠᱚᱭ ᱧᱮᱞᱟ ᱾"
"तो, मुझे लगा कि उसे म्यूज़िक में रुचि हो सकती है।","ᱚᱱᱟᱛᱮ, ᱤᱧᱟᱹᱜ ᱢᱚᱱᱮ ᱦᱩᱭᱩᱜ ᱟᱠᱟᱱᱟ ᱩᱱᱤᱫᱚ ᱥᱮᱨᱮᱧ ᱪᱮᱛᱟᱱ ᱡᱷᱩᱸᱠ ᱢᱮᱱᱟᱜ ᱛᱟᱭᱟ ᱾"
इसके बजाय क्या मुझे उसे म्यूज़िक स्कूल भेजना चाहिए?,ᱪᱮᱫ ᱩᱱᱤ ᱥᱮᱨᱮᱧ ᱤᱛᱩᱱ ᱟᱥᱲᱟᱨᱮ ᱵᱷᱚᱨᱛᱤ ᱠᱟᱭ ᱤᱧᱟᱹᱜ ᱞᱟᱹᱠᱛᱤ ᱠᱟᱱᱟ ?
क्या वह उसके लिए पॉज़िटिव हॉबी होगी?,ᱪᱮᱫ ᱩᱱᱤ ᱞᱟᱹᱜᱤᱫ ᱵᱷᱟᱜᱮ ᱟᱱᱟᱜ ᱥᱚᱠ ᱦᱩᱭ ᱫᱟᱲᱮᱭᱟᱜᱼᱟ ?
"वह अच्छी हॉबी होगी, इसमें कोई शक नहीं।","ᱱᱚᱶᱟᱫᱚ ᱢᱤᱫ ᱱᱟᱯᱟᱭ ᱦᱚᱵᱤ ᱦᱩᱭᱩᱜᱼᱟ, ᱱᱚᱶᱟᱨᱮ ᱫᱚ ᱪᱮᱫ ᱦᱤᱫᱤᱡᱽ ᱜᱮ ᱵᱟᱹᱱᱩᱜᱼᱟ ᱾"
आप ऐसा कर सकती हैं।,ᱟᱢ ᱱᱚᱶᱟᱢ ᱠᱚᱨᱟᱣ ᱫᱟᱲᱮᱭᱟᱜᱼᱟ ᱾
लेकिन आपको यह भी देखना चाहिए कि वह बाहर जाए और दूसरे बच्चों के साथ खेलें।,ᱢᱮᱱᱠᱷᱟᱱ ᱟᱢ ᱱᱚᱶᱟᱦᱚᱸ ᱴᱷᱟᱹᱣᱠᱟᱹ ᱦᱩᱭᱩᱜ ᱛᱟᱢᱟ ᱡᱮ ᱩᱱᱤ ᱵᱟᱨᱦᱮᱭ ᱪᱟᱞᱟᱜᱼᱟ ᱟᱨ ᱮᱴᱟᱜ ᱜᱤᱫᱨᱟᱹ ᱠᱚ ᱥᱟᱶᱛᱮᱭ ᱠᱷᱮᱞᱼᱟ ᱾
उसे बाहरी दुनिया और उसका आनंद देखना होगा।,ᱩᱱᱤ ᱫᱚ ᱵᱟᱨᱦᱮ ᱨᱮᱭᱟᱜ ᱡᱮᱜᱮᱫ ᱟᱨ ᱚᱱᱟ ᱨᱮᱭᱟᱜ ᱨᱟᱹᱥᱠᱟᱹᱭ ᱧᱮᱞ ᱢᱟ ᱾
"हाँ, मैं उसे हर शाम अपने घर के पास वाले खेल के मैदान में ले जाने की सोच रही हूँ।","ᱦᱮᱸ, ᱤᱧ ᱢᱚᱱᱮᱭᱮᱫᱟ ᱟᱞᱮ ᱥᱩᱨ ᱨᱮᱭᱟᱜ ᱠᱷᱮᱞᱚᱸᱰ ᱢᱟᱴᱷᱨᱮ ᱩᱱᱤ ᱤᱫᱤᱭ ᱨᱮᱭᱟᱜ ᱠᱟᱛᱷᱟ ᱾"
और मैं म्यूज़िक स्कूल में नाम लिखवा दूंगी।,ᱟᱨ ᱤᱧ ᱩᱱᱤᱤ ᱢᱤᱫᱴᱟᱝ ᱥᱮᱨᱮᱧ ᱟᱥᱲᱟᱨᱮᱧ ᱵᱷᱩᱨᱛᱤ ᱮᱭᱟ ᱾
मुझे उम्मीद है कि इससे कुछ फ़र्क पड़ेगा।,ᱤᱧ ᱟᱥᱚᱜ ᱠᱟᱹᱱᱟᱹᱧ ᱱᱚᱶᱟᱫᱚ ᱱᱟᱥᱮ ᱱᱟᱜ ᱮ ᱵᱷᱮᱜᱟᱨᱟ ᱾
मैं उसे कुछ अच्छी कॉमिक बुक्स भी ख़रीदकर दूँगी ताकि उसे किताबें पढ़ने का शौक हो जाए।,ᱤᱧ ᱩᱱᱤ ᱠᱤᱪᱷᱤ ᱵᱷᱟᱜᱮ ᱠᱚᱢᱤᱠ ᱯᱚᱛᱚᱵ ᱤᱧ ᱠᱤᱨᱤᱧᱟᱭᱟ ᱡᱟᱦᱟᱸᱛᱮ ᱩᱱᱤ ᱯᱚᱛᱚᱵ ᱯᱟᱲᱦᱟᱣ ᱥᱮᱡᱽᱼᱮ ᱞᱟᱣᱮᱨᱚᱜ ᱾
"हाँ, यह आपका पहला कदम होना चाहिए।","ᱦᱮᱸ, ᱱᱚᱶᱟᱫᱚ ᱟᱢᱟᱜ ᱯᱳᱭᱞᱳ ᱯᱟᱹᱣᱲᱤ ᱦᱩᱭᱩᱜ ᱛᱟᱢᱟ ᱾"
मुझे लगता है कि ऐसा करने के बाद उसकी इन चीज़ों में रुचि बढ़ेगी।,"ᱤᱧ ᱢᱚᱱᱮᱭᱟ ᱱᱤᱭᱟᱹ ᱠᱚᱨᱟᱣ ᱛᱟᱭᱚᱢ, ᱩᱱᱤ ᱱᱚᱶᱟᱨᱮ ᱜᱚᱨᱚᱡᱮ ᱯᱟᱸᱡᱟ ᱧᱟᱢᱼᱟ ᱾"
क्या आप कुछ और भी पूछना चाहती हैं?,ᱟᱢᱟᱜ ᱪᱮᱫ ᱟᱨ ᱡᱟᱦᱟᱱ ᱠᱩᱠᱞᱤ ᱢᱮᱱᱟᱜᱼᱟ ?
"नहीं सर, मैं बस इसी बारे में बात करना चाहती थी।","ᱵᱟᱝ, ᱥᱮᱨ, ᱱᱚᱶᱟᱠᱚ ᱜᱮ ᱤᱧ ᱜᱟᱯᱟᱞᱢᱟᱨᱟᱣ ᱤᱧ ᱠᱷᱚᱡᱚᱜ ᱠᱟᱱ ᱛᱟᱦᱮᱸᱜ ᱾"
आपके सुझावों के लिए बहुत-बहुत धन्यवाद।,ᱟᱭᱢᱟ ᱥᱟᱨᱦᱟᱣ ᱟᱢᱟᱜ ᱥᱟᱞᱦᱟ ᱞᱟᱹᱜᱤᱫ ᱾
इसमें धन्यवाद की क्या बात है।,ᱟᱢᱟᱜ ᱥᱟᱹᱜᱩᱱ ᱫᱟᱨᱟᱢ ᱾
"अगर परेशानी बनी रहती है, तो फिर आइए।",ᱟᱨᱦᱚᱸ ᱦᱤᱡᱩᱜ ᱡᱩᱫᱤ ᱮᱴᱠᱮᱴᱚᱸᱲᱮ ᱱᱚᱝᱠᱟᱜᱮ ᱛᱟᱦᱮᱸᱱ ᱠᱷᱟᱱ ᱾
"जी, ज़रूर।","ᱦᱮᱸ, ᱥᱟᱹᱨᱤᱜᱮ ᱾"
"हाय, क्या आप इस यूनिवर्सिटी में नए हैं?","ᱮᱭ, ᱟᱢ ᱪᱮᱫ ᱱᱚᱶᱟ ᱡᱮᱜᱮᱫ ᱵᱤᱨᱫᱟᱹᱜᱟᱲᱨᱮᱢ ᱱᱟᱶᱟ ᱜᱮᱭ ? ?ᱟ ?"
"हाँ, मैंने इस साल दाखिला लिया है।","ᱦᱮ, ᱤᱧ ᱱᱤᱭᱟᱹ ᱥᱮᱨᱢᱟ ᱜᱮᱧ ᱵᱷᱩᱨᱛᱤ ᱟᱠᱟᱱᱟ ᱾"
और आप?,ᱟᱨ ᱟᱢᱟᱜ ᱠᱷᱚᱵᱚᱨ ᱫᱚ ᱪᱮᱫ ?
मैं भी।,ᱤᱧᱦᱚᱸ ᱾
मैंने भी इसी साल दाखिला लिया है।,ᱤᱧᱦᱚᱸ ᱱᱤᱭᱟᱹ ᱥᱮᱨᱢᱟ ᱜᱮᱧ ᱥᱮᱞᱮᱫ ᱟᱠᱟᱱᱟ ᱾
आपका नाम क्या है?,ᱪᱮᱫ ᱛᱟᱢ ᱧᱩᱛᱩᱢ ?
और आपने कौन-सा क्लब जॉइन किया है?,ᱟᱨ ᱚᱠᱟᱴᱟᱜ ᱠᱞᱟᱵᱽ ᱨᱮᱢ ᱥᱮᱞᱮᱫ ᱟᱠᱟᱱᱟ ?
"मैं देबेंद्र हूँ, और मैंने स्पोर्ट्स क्लब जॉइन किया है।","ᱤᱧᱫᱚ ᱫᱮᱵᱮᱱᱫᱨᱚ, ᱟᱨ ᱤᱧᱫᱚ ᱥᱯᱳᱨᱴ ᱠᱞᱟᱵᱽ ᱨᱮᱧ ᱥᱮᱞᱮᱫ ᱟᱠᱟᱱᱟ ᱾"
और आपने?,ᱟᱢᱟᱜ ᱠᱷᱚᱵᱚᱨ ᱫᱚ ᱪᱮᱫ ?
मैंने म्यूज़िक क्लब जॉइन किया है।,ᱤᱧᱫᱚ ᱥᱮᱨᱮᱧ ᱠᱞᱟᱵᱽ ᱨᱮᱧ ᱥᱮᱞᱮᱫ ᱟᱠᱟᱱᱟ ᱾
क्या आपको सभी तरह के खेल पसंद हैं?,ᱟᱢᱫᱚ ᱥᱟᱱᱟᱢ ᱞᱮᱠᱟᱱ ᱠᱷᱮᱞᱚᱸᱰ ᱜᱮᱢ ᱜᱚᱨᱚᱡᱟᱜᱼᱟ ?
"नहीं, दर असल मुझे खेल से ज़्यादा बाइक चलाना पसंद है।","ᱵᱟᱝ, ᱤᱧᱫᱚ ᱥᱟᱨᱤᱭᱟᱜ ᱨᱮ ᱠᱦᱮᱞᱚᱸᱰ ᱠᱷᱚᱱ ᱵᱟᱭᱤᱠ ᱪᱟᱞᱟᱣ ᱨᱮ ᱵᱟᱹᱲᱛᱤ ᱜᱚᱨᱚᱡᱽ ᱢᱮᱱᱟᱜ ᱛᱤᱧᱟ ᱾"
"मुझे मीलों दूर तक बाइक चलाना पसंद है, यह मेरा शौक है।","ᱤᱧᱫᱚ ᱡᱮᱞᱮᱧ ᱢᱟᱭᱤᱞ ᱦᱟᱹᱵᱤᱡᱽ ᱨᱟᱭᱤᱰ ᱤᱧ ᱠᱩᱥᱤᱭᱟᱜᱼᱟ, ᱱᱚᱶᱟᱫᱚ ᱤᱧᱟᱹᱜ ᱥᱚᱠ ᱠᱟᱱᱟ ᱾"
"लेकिन यहाँ खेल के अलावा ऐसी कोई चीज़ नहीं दिखी जो मुझे दिलचस्प लगे, तो मैंने इसे ही जॉइन कर लिया।","ᱢᱮᱱᱠᱷᱟᱱ ᱠᱷᱮᱞᱚᱸᱰ ᱪᱷᱟᱰᱟ ᱱᱚᱰᱮ ᱤᱧᱟᱹᱜ ᱠᱩᱥᱤᱭᱟᱜ ᱞᱮᱠᱟ ᱪᱮᱫ ᱦᱚᱸ ᱵᱟᱹᱱᱩᱜᱼᱟ, ᱚᱱᱟᱛᱮ ᱤᱧ ᱱᱚᱣᱟᱨᱮᱧ ᱥᱮᱞᱮᱫ ᱟᱠᱟᱱᱟ ᱾"
मैं कभी-कभी फुटबॉल खेलता हूँ।,ᱤᱧᱫᱚ ᱡᱟᱦᱟᱸ ᱛᱤᱱᱠᱚᱨᱮ ᱯᱷᱩᱴᱵᱚᱞ ᱤᱧ ᱠᱷᱮᱞᱟ ᱾
सही में?,"ᱳᱦ, ᱥᱟᱹᱨᱤᱜᱮ ?"
तब तो आपको रोमांच बहुत पसंद आता होगा!,ᱟᱢᱫᱚ ᱮᱱᱠᱷᱟᱱ ᱟᱹᱰᱤ ᱫᱤᱞᱼᱟᱱ ᱦᱩᱭ ᱟᱢᱟ !
"हाँ, ऐसा कहा जा सकता है।","ᱦᱮᱸ, ᱟᱢᱮᱢ ᱞᱟᱹᱭ ᱫᱟᱲᱮᱭᱟᱜᱼᱟ ᱾"
मेरी वैसे इन रोमांचक खेलों में कोई खास रुचि नहीं है।,ᱤᱧᱫᱚ ᱱᱚᱝᱠᱟᱱ ᱫᱤᱞᱼᱟᱱ ᱠᱷᱮᱞᱚᱸᱰ ᱨᱮᱫᱚ ᱵᱟᱹᱱᱩᱧᱟ ᱾
आप लोग कैसे कर लेते हैं?,ᱟᱯᱮᱫᱚ ᱪᱮᱫ ᱞᱮᱠᱟᱛᱮ ᱯᱮ ᱠᱚᱨᱟᱣᱼᱟ ᱾
आपको डर नहीं लगता?,ᱵᱟᱯᱮ ᱵᱚᱛᱚᱨᱚᱜᱼᱟ ?
"नहीं, बाइक चलाना इतना भयंकर नहीं है और मैं भी लापरवाही से चलाने वालों में से नहीं हूँ।","ᱵᱟᱝ, ᱵᱟᱭᱤᱠ ᱪᱟᱞᱟᱣ ᱫᱚ ᱵᱟᱝ ᱵᱚᱛᱚᱨᱟ ᱟᱨ ᱤᱧᱫᱚ ᱚᱱᱠᱟᱱ ᱵᱚᱛᱚᱨᱟᱱ ᱵᱟᱭᱤᱠ ᱪᱟᱞᱟᱣᱤᱡᱽ ᱫᱚ ᱵᱟᱝ ᱠᱟᱱᱟᱹᱧ ᱾"
"आपको कभी ट्राई करना चाहिए; रास्ता खाली और सुंदर हो, तो इससे बहुत सुकून मिलता है।",ᱟᱢ ᱱᱚᱶᱟᱢ ᱠᱚᱨᱟᱣ ᱫᱟᱲᱮᱭᱟᱜᱼᱟ ; ᱰᱟᱦᱟᱨ ᱡᱚᱠᱷᱚᱱ ᱯᱷᱟᱸᱠᱟ ᱟᱨ ᱢᱚᱡᱽ ᱦᱩᱭ ᱞᱮᱱᱠᱷᱟᱱ ᱱᱚᱶᱟᱫᱚ ᱱᱟᱯᱟᱭᱚᱜᱼᱟ ᱾
वैसे आपकी रुचि गायन में है?,"ᱡᱟᱦᱟᱸᱭᱮᱱᱜᱮ, ᱥᱮᱨᱮᱧᱫᱚ ᱟᱢᱟᱜ ᱥᱚᱠ ᱠᱟᱱᱟ ?"
"हाँ, मुझे गाना गाना पसंद है।","ᱦᱮᱸ, ᱤᱧᱫᱚ ᱥᱮᱨᱮᱧ ᱤᱧ ᱠᱩᱥᱤᱭᱟᱜᱼᱟ ᱾"
पर आपको कैसे पता?,"ᱡᱟᱦᱟᱸᱭᱮᱱ ᱜᱮ, ᱟᱢᱫᱚ ᱪᱮᱠᱟᱛᱮᱢ ᱵᱟᱰᱟᱭ ᱠᱮᱫᱟ ?"
"नहीं, मैंने बस पूछा, आपने कहा था न कि आपने म्यूज़िक क्लब जॉइन किया है।","ᱵᱟᱝ, ᱤᱧᱫᱚ ᱠᱷᱟᱹᱞᱤᱧ ᱠᱩᱞᱤᱭᱮᱫ ᱢᱮᱭᱟ, ᱟᱢᱮᱢ ᱞᱟᱹᱭ ᱞᱮᱫᱟ, ᱤᱧᱫᱚ ᱥᱮᱨᱮᱧ ᱠᱞᱟᱵ ᱨᱮᱧ ᱥᱮᱞᱮᱫ ᱟᱠᱟᱱᱟ ᱾"
आपको किस तरह का म्यूज़िक परफ़ॉर्म करते हैं?,ᱚᱠᱟ ᱞᱮᱠᱟᱱ ᱥᱮᱨᱮᱧ ᱠᱚ ᱟᱢᱮᱢ ᱥᱮᱨᱮᱧᱟ ?
मुझे असमिया गाने गाना पसंद है।,ᱤᱧᱫᱚ ᱥᱟᱱᱛᱟᱞᱤ ᱥᱮᱨᱮᱧᱤᱧ ᱠᱩᱥᱤᱭᱟᱜᱼᱟ ᱾
लेकिन मैं दूसरी भाषाओं में भी गाने गाता हूँ।,ᱢᱮᱱᱠᱷᱟᱱ ᱤᱧᱫᱚ ᱮᱴᱟᱜ ᱯᱟᱹᱨᱥᱤᱛᱮ ᱦᱚᱸᱧ ᱥᱮᱨᱮᱧᱟ ᱾
गायन से मेरे मन को शांति मिलती है।,ᱥᱮᱨᱮᱧᱫᱚ ᱤᱧᱟᱹᱜ ᱢᱚᱱᱮ ᱢᱟᱹᱦᱤᱨᱟ ᱾
मुझे गाने सुनना पसंद है और इस तरह गायन मेरा शौक बन गया।,ᱤᱧᱫᱚ ᱥᱮᱨᱮᱧ ᱟᱸᱡᱚᱢᱤᱧ ᱠᱩᱥᱤᱭᱟᱜᱼᱟ ᱟᱨ ᱱᱚᱝᱠᱟ ᱛᱮᱜᱮ ᱥᱮᱨᱮᱧ ᱫᱚ ᱤᱧᱟᱹᱜ ᱥᱚᱠ ᱦᱩᱭᱟᱠᱟᱱᱟ ᱾
मुझे अपने हॉबी के बारे में और बताएँ।,ᱟᱢᱟᱜ ᱥᱚᱠ ᱤᱫᱤ ᱠᱟᱛᱮᱜ ᱟᱨᱦᱚᱸ ᱞᱟᱹᱭᱟᱹᱧ ᱢᱮ ᱾
"वाह, यह तो बहुत अच्छा है।","ᱵᱟᱵᱼᱵᱟ, ᱪᱮᱫ ᱦᱟᱦᱟᱲᱟ ᱾"
"जैसा मैंने आपको बताया, मुझे अपनी मोटरसाइकिल पर लंबी दूरी तक राइड करना पसंद है।","ᱟᱢᱤᱧ ᱞᱟᱹᱭ ᱟᱠᱟᱫ ᱢᱮᱭᱟ, ᱤᱧᱫᱚ ᱤᱧᱟᱹᱜ ᱢᱚᱴᱚᱨᱜᱟᱹᱰᱤᱛᱮ ᱟᱹᱰᱤ ᱥᱟᱹᱜᱤᱧ ᱢᱟᱭᱤᱞ ᱪᱟᱞᱟᱜ ᱤᱧ ᱠᱩᱥᱤᱭᱟᱜᱼᱟ ᱾"
मैं अक्सर वीकेंड में अपने ग्रुप के साथ बाहर जाता हूँ।,ᱤᱧ ᱟᱹᱰᱤ ᱚᱠᱛᱚᱜᱮ ᱦᱟᱯᱛᱟᱨᱮ ᱤᱧᱟᱹᱜ ᱜᱟᱫᱮᱞ ᱥᱟᱶᱛᱮᱧ ᱳᱰᱳᱠᱚᱜᱼᱟ ᱾
क्या आप कभी हमारे साथ चलना पसंद करेंगे?,ᱟᱢ ᱡᱟᱦᱟᱸ ᱛᱤᱱ ᱠᱚᱨᱮ ᱟᱞᱮ ᱥᱟᱶᱛᱮᱢ ᱦᱤᱡᱩᱜᱼᱟ ?
"हाँ, बिल्कुल, क्यों नहीं?","ᱦᱮᱸ, ᱥᱟᱹᱨᱤᱜᱮ, ᱪᱮᱫᱟᱜ ᱵᱟᱝ ?"
मुझे किसी दिन ऐसा करना अच्छा लगेगा।,ᱤᱧ ᱡᱟᱦᱟᱸᱛᱤᱥ ᱱᱚᱶᱟ ᱨᱤᱠᱟᱹᱧ ᱠᱷᱚᱡᱽ ᱠᱟᱱᱟ ᱾
"ठीक है, अगली बार जब हम राइड पर बाहर जाएँगे तो मैं आपको बता दूँगा।","ᱴᱷᱤᱠ ᱜᱮᱭᱟ, ᱤᱧ ᱞᱟᱹᱭ ᱟᱢᱟ ᱛᱟᱭᱚᱢᱛᱮ ᱟᱞᱮ ᱵᱟᱨᱦᱮ ᱨᱟᱭᱤᱰ ᱞᱮ ᱪᱟᱞᱟᱜ ᱠᱷᱟᱱ ᱾"
"वैसे, आपकी पसंदीदा जगह कौन-सी है?","ᱡᱟᱦᱟᱸᱭᱮᱱ ᱜᱮ, ᱟᱢᱟᱜ ᱠᱩᱥᱤᱭᱟᱜ ᱡᱚᱥᱼᱴᱷᱟᱶ ᱫᱚ ᱪᱮᱫ ᱠᱟᱱᱟ ?"
हम अक्सर मेघालय जाते हैं क्योंकि वहाँ की सड़कें और जगहें दोनों ही सुंदर हैं।,ᱟᱞᱮᱫᱚ ᱡᱟᱣᱜᱮ ᱢᱮᱜᱷᱟᱞᱚᱭᱞᱮ ᱪᱟᱞᱟᱜᱼᱟ ᱪᱮᱫᱟᱜ ᱥᱮ ᱚᱸᱰᱮᱫᱚ ᱦᱚᱨ ᱟᱨ ᱴᱷᱟᱶ ᱵᱟᱱᱟᱨᱜᱮ ᱱᱟᱯᱟᱭᱟ ᱾
"वाह, यह तो बहुत अच्छा है।","ᱳ, ᱟᱹᱰᱤ ᱱᱟᱯᱟᱭ ᱾"
तब मैं अगली बार ज़रूर आउंगा।,"ᱮᱱᱠᱷᱟᱱ ᱤᱧᱫᱚ ᱛᱟᱭᱚᱢ ᱫᱟᱨᱟᱢ ᱫᱚᱧ ᱦᱤᱡᱩᱜ ᱠᱟᱱ ᱜᱮᱭᱟ,ᱥᱟᱹᱨᱤᱜᱮ !"
बिल्कुल!,ᱥᱟᱹᱨᱤ ᱜᱮ !
सभी को गुड मॉर्निंग।,"ᱥᱮᱛᱟᱜ ᱡᱚᱦᱟᱨ, ᱡᱚᱛᱚᱠᱩᱜᱤ ᱾"
"जैसा कि आप सब को पता है, आज 5 जून है जिसे विश्व पर्यावरण दिवस के रूप में मनाया जाता है।","ᱡᱚᱛᱚ ᱦᱚᱲᱯᱮ ᱵᱟᱰᱟᱭᱞᱮᱠᱟ, ᱛᱤᱦᱤᱧ ᱫᱚ ᱕ ᱡᱩᱱ ᱠᱟᱱᱟ, ᱡᱟᱦᱟᱸ ᱫᱚ ᱳᱣᱟᱨᱞᱰ ᱮᱱᱵᱷᱟᱭᱨᱚᱱᱢᱮᱱᱴ ᱰᱮ ᱞᱮᱠᱟᱛᱮ ᱢᱟᱱᱟᱜᱽᱠᱟᱱᱟ ᱾"
मिस्टर बालासुब्रण्यम यहाँ पूर्वी क्षेत्र के वन विभाग के हेड हैं।,ᱮᱢᱟᱨᱹ ᱵᱟᱞᱟᱥᱩᱵᱨᱟᱢᱟᱱᱤᱭᱟᱢ ᱫᱚ ᱱᱚᱸᱰᱮᱱᱤᱡᱽ ᱯᱩᱨᱩᱵ ᱡᱳᱱᱨᱮᱭᱟᱜ ᱯᱷᱚᱨᱮᱥᱴ ᱰᱤᱯᱟᱨᱴᱢᱮᱱᱴᱨᱮᱱ ᱢᱩᱠᱷᱭᱟᱹ ᱠᱟᱱᱟᱭ ᱾
अब उनसे सुनते हैं।,ᱱᱤᱛ ᱫᱚ ᱩᱱᱤᱭ ᱢᱮᱱᱠᱮᱫᱟ ᱾
गुड मॉर्निंग। उम्मीद है आप सब ठीक हैं।,ᱥᱮᱛᱟᱜ ᱡᱚᱦᱟᱨ ᱾ ᱟᱥᱚᱜᱽᱟᱹᱧ ᱟᱯᱮ ᱡᱚᱛᱚᱠᱩ ᱢᱚᱡᱽᱜᱤ ᱢᱮᱱᱟᱜᱽᱯᱮᱭᱟ ᱾
मैं वन विभाग से हूँ।,ᱤᱧ ᱫᱚ ᱵᱤᱨ ᱰᱤᱯᱟᱨᱴᱢᱮᱱᱴ ᱠᱷᱚᱱᱤᱧ ᱦᱮᱡᱽᱟᱠᱟᱱᱟ ᱾
"मेरा काम है इस ग्रह के पर्यावरण के सबसे महत्वपूर्ण पहलुओ में से एक, या यूँ कहें कि सबसे अपूरणीय पहलू का संरक्षण करना।",ᱤᱧᱟᱜ ᱠᱟᱹᱢᱤ ᱫᱚ ᱮᱸᱝᱜᱮᱞ ᱞᱟᱭᱚᱧ ᱨᱮᱭᱟᱜ ᱡᱚᱛᱚᱠᱷᱚᱱ ᱵᱟᱝᱵᱚᱫᱚᱞᱚᱜ ᱱᱟᱠᱷᱟ ᱵᱟᱝ ᱦᱩᱭᱞᱮᱱ ᱨᱮᱦᱚᱸ ᱢᱩᱰᱩᱛ ᱢᱤᱫᱴᱟᱝ ᱵᱟᱝ ᱵᱚᱫᱚᱞᱚᱜ ᱵᱮᱯᱟᱨᱨᱮ ᱡᱚᱜᱟᱣ ᱫᱚᱦᱚᱭ ᱾
"प्रदूषण जिस खतरनाक दर से बढ़ रहा है, उसमें जरूरी है कि हम उस चीज का संरक्षण करें जो इस ग्रह पर ऑक्सीजन के लगभग एक-तिहाई भाग का उत्पादन करता है।","ᱫᱩᱥᱱᱟᱹᱣ ᱡᱟᱹᱥᱛᱤᱜ ᱨᱮᱭᱟᱜ ᱦᱩᱫᱤᱥᱟᱱ ᱚᱡᱮ ᱞᱟᱹᱜᱤᱫᱛᱮ, ᱮᱸᱝᱜᱮᱞ ᱞᱟᱹᱜᱤᱫᱛᱮ ᱡᱟᱦᱟᱸᱭ ᱫᱚ ᱯᱨᱟᱭ ᱢᱤᱫᱽᱼᱛᱮᱥᱟᱨ ᱚᱠᱥᱤᱡᱮᱱ ᱟᱨᱡᱟᱣᱠᱟᱛᱮ ᱚᱱᱟᱠᱩ ᱡᱚᱛᱱᱟᱣ ᱫᱚ ᱞᱟᱹᱜᱛᱤᱭᱟᱱᱠᱟᱱᱟ ᱾"
"इसलिए, इस पर्यावरण दिवस पर हम चाहते हैं कि आप इस क्षेत्र के वन को बढ़ाने में योगदान दें।",ᱚᱱᱟ ᱤᱭᱟᱹᱛᱮ ᱱᱤᱭᱟᱹ ᱯᱚᱨᱤᱵᱮᱥ ᱫᱤᱵᱚᱥ ᱨᱮ ᱟᱞᱮᱞᱮ ᱠᱷᱚᱡᱟ ᱟᱯᱮ ᱱᱤᱭᱟᱹ ᱮᱞᱟᱠᱟ ᱨᱮᱭᱟᱜ ᱵᱤᱨᱦᱟᱥᱟ ᱞᱟᱹᱜᱤᱫᱛᱮ ᱮᱱᱮᱢᱯᱮ ᱫᱚᱦᱚᱭᱢᱟ ᱾
हम मिल कर पेड़ लगाएंगे।,ᱟᱵᱩ ᱫᱚ ᱢᱤᱫᱽᱥᱟᱶᱛᱮ ᱫᱟᱨᱮᱵᱚᱱ ᱨᱚᱦᱚᱭᱟ ᱾
मुझे आशा है कि आप सब सहयोग करेंगे।,ᱤᱧ ᱠᱷᱚᱡᱽᱚᱜᱼᱟ ᱡᱚᱛᱚᱠᱩ ᱜᱤ ᱯᱮ ᱜᱚᱲᱚᱜᱼᱟ ᱾
हम मुख्य रूप से बरगद के पेड़ लगाएंगे।,ᱟᱵᱩ ᱫᱚ ᱢᱩᱰᱩᱛ ᱞᱮᱠᱟᱛᱮ ᱵᱟᱲᱮ ᱫᱟᱨᱤᱵᱩᱱ ᱨᱚᱦᱚᱭᱟ ᱾
इसके अलावा कुछ आम और अन्य प्रजातियों के नमूने भी हैं।,ᱩᱞ ᱟᱨ ᱮᱴᱟᱜ ᱪᱚᱞ ᱢᱮᱱᱟᱜ ᱯᱨᱚᱡᱟᱹᱛᱤᱠᱩ ᱨᱮᱭᱟᱜ ᱦᱚᱸ ᱱᱟᱹᱢᱩᱱᱟ ᱢᱮᱱᱟᱜᱼᱟ ᱾
अगर आप चाहें तो हम टीमों में मिल कर काम कर सकते हैं।,ᱟᱢᱮᱢ ᱠᱩᱥᱤᱜ ᱠᱷᱟᱱ ᱟᱞᱮ ᱫᱚ ᱴᱤᱢ ᱨᱮᱞᱮ ᱠᱟᱹᱢᱤ ᱫᱟᱲᱮᱭᱟᱜᱼᱟ ᱾
लेकिन इनको लगाना बहुत आसान है।,ᱢᱮᱱᱠᱷᱟᱱ ᱱᱤᱭᱟᱹᱠᱩ ᱨᱚᱦᱚᱭ ᱫᱚ ᱟᱹᱰᱤᱜᱤ ᱟᱞᱜᱟᱣᱟ ᱾
आप में से हर कोई बिना किसी मदद के एक-एक लगा सकता है।,ᱟᱯᱮ ᱠᱩ ᱢᱩᱫᱨᱮ ᱢᱤᱢᱤᱫᱽ ᱦᱚᱲ ᱡᱟᱦᱟᱸᱭᱟᱜ ᱜᱚᱲᱚ ᱫᱟᱨᱟᱭᱛᱮ ᱜᱤᱯᱮ ᱥᱟᱢᱲᱟᱣ ᱫᱟᱲᱤᱭᱟᱜᱼᱟ ᱾
हर छात्र को कम से कम एक पौधा लगाना होगा।,ᱢᱤᱢᱤᱫᱽ ᱯᱟᱹᱴᱷᱣᱟᱹ ᱠᱚᱢᱠᱟᱛᱮ ᱢᱤᱫᱴᱟᱝ ᱯᱳᱦᱟ ᱞᱟᱜᱟᱣᱛᱮᱜᱤ ᱦᱩᱭᱩᱜᱼᱟ ᱾
दिए गए निर्देशों का पालन ज़रूर करें।,ᱦᱚᱨᱟᱠᱩ ᱯᱟᱸᱡᱟᱭᱢᱮ ᱾
मुझे आशा है कि आप सब को आज मजा आएगा।,ᱤᱧ ᱥᱟᱹᱨᱤᱱᱟᱜ ᱜᱤ ᱟᱥᱤᱧ ᱫᱚᱦᱚᱭᱮᱫᱟ ᱟᱯᱮᱠᱩ ᱫᱚ ᱢᱟᱦᱟᱴᱟᱜᱽᱯᱮ ᱨᱟᱹᱥᱠᱟᱹᱭᱟ ᱾
मिस्टर बालासुब्रण्यम जैसे ज्ञानी व्यक्ति ने यहाँ आ कर हमें अनुगृहीत किया है।,ᱢᱨᱹ ᱵᱟᱞᱟᱥᱩᱵᱨᱟᱢᱟᱱᱤᱟᱢ ᱞᱮᱠᱟᱱ ᱟᱹᱠᱤᱞᱟᱱ ᱢᱤᱫᱽᱦᱚᱲ ᱩᱱᱤᱭᱟᱜ ᱦᱟᱹᱡᱤᱨ ᱦᱚᱛᱮᱛᱮ ᱟᱵᱩᱭ ᱥᱟᱨᱦᱟᱣᱟᱠᱟᱫᱽᱵᱩᱱᱟ ᱾
"मिस्टर देसाई, जरूरी है कि बच्चे पर्यावरण का संरक्षण करना सीखें।","ᱢᱨᱹ ᱫᱮᱥᱟᱭ, ᱱᱤᱭᱟᱹ ᱫᱚ ᱞᱟᱹᱜᱛᱤᱭᱟᱱᱟᱜᱠᱟᱱᱟ ᱡᱮ ᱯᱟᱴᱷᱚᱠᱯᱟᱴᱷᱚᱠᱤᱭᱟᱹ ᱠᱩ ᱡᱚᱛᱱᱟᱣᱠᱩ ᱪᱮᱫᱽᱢᱟ ᱾"
मुझे खुशी है कि मैं मदद कर सका।,ᱜᱚᱲᱚᱫᱟᱲᱮᱭᱟᱫᱽᱯᱮᱛᱮ ᱠᱩᱥᱤᱧ ᱵᱩᱡᱷᱮᱫᱟ ᱾
"चलो बच्चो, काम शुरू करें।",ᱯᱟᱹᱴᱷᱣᱟᱹᱠᱩ ᱫᱮᱞᱟ ᱞᱟᱜᱟᱜᱽᱯᱮ ᱾
एक-एक पौधा उठाओ और उसे फलने-फूलने की जगह दो।,ᱢᱤᱫᱴᱟᱝ ᱯᱳᱦᱟ ᱨᱟᱠᱟᱵᱽᱢᱮ ᱟᱨ ᱟᱥᱨᱟᱭ ᱮᱢᱟᱭᱢᱮ ᱾
अगर आपको कुछ पूछना हो तो बेझिझक पूछें।,ᱡᱩᱫᱤ ᱡᱟᱦᱟᱸᱱ ᱠᱩᱠᱞᱤ ᱛᱟᱦᱮᱸᱱᱠᱷᱟᱱ ᱫᱟᱭᱟᱠᱟᱛᱮ ᱠᱩᱞᱤᱭᱤᱧ ᱯᱮ ᱾
गुड मॉर्निंग मैम!,ᱥᱟᱹᱜᱩᱱ ᱥᱮᱛᱟᱜ ᱢᱟᱪᱮᱛᱟᱹᱱᱤ !
मैं यहाँ लाइफ़ इंश्योरेंस पॉलिसी को लेकर कुछ जानकारी लेने आया हूँ।,ᱤᱧ ᱫᱚ ᱱᱚᱸᱰᱮ ᱞᱟᱭᱤᱯᱷ ᱤᱱᱥᱩᱨᱮᱱᱥ ᱯᱚᱞᱤᱥᱤ ᱵᱟᱵᱚᱫ ᱠᱤᱪᱷᱩ ᱛᱮᱛᱮᱫ ᱧᱟᱢ ᱞᱟᱹᱜᱤᱫᱽᱤᱧ ᱦᱮᱡᱽ ᱟᱠᱟᱱᱟ ᱾
क्या आप मेरी मदद कर सकती हैं?,ᱫᱟᱭᱟᱠᱟᱛᱮ ᱟᱢ ᱫᱚ ᱤᱧᱮᱢ ᱜᱚᱲᱚ ᱫᱟᱲᱤᱭᱟᱹᱧᱟ ?
"गुड मॉर्निंग, प्लीज़ बैठिए।","ᱥᱟᱹᱜᱩᱱ ᱥᱮᱛᱟᱜ, ᱫᱟᱭᱟᱠᱟᱛᱮ ᱫᱩᱲᱩᱵᱽ ᱢᱮ ᱾"
"बिल्कुल, हम यहाँ अपने ग्राहकों की सेवा के लिए ही हैं।","ᱱᱤᱦᱟᱹᱛ ᱜᱮ, ᱟᱞᱮ ᱫᱚ ᱱᱚᱸᱰᱮ ᱟᱞᱮᱨᱮᱱ ᱜᱟᱦᱟᱠ ᱥᱮᱣᱟᱣᱟᱠᱩ ᱞᱟᱹᱜᱤᱫ ᱜᱮ ᱢᱮᱱᱟᱜᱞᱮᱭᱟ ᱾"
"आप हमारी पॉलिसी के बारे में जो भी जानना चाहते हैं, उसमें मैं आपकी मदद करूँगी।","ᱟᱞᱮᱭᱟᱜ ᱯᱚᱞᱤᱥᱤ ᱵᱟᱵᱚᱫ ᱡᱟᱦᱟᱸᱱᱟᱜ ᱵᱟᱰᱟᱭ ᱥᱟᱱᱟᱭᱮᱫ ᱢᱮᱭᱟ, ᱤᱧ ᱫᱚᱧ ᱜᱚᱲᱚᱣᱟᱢᱟ ᱾"
क्या मैं आपका नाम और उम्र जान सकती हूँ?,ᱤᱧ ᱫᱚ ᱟᱢᱟᱜ ᱧᱩᱛᱩᱢ ᱟᱨ ᱩᱢᱟᱹᱨᱤᱧ ᱵᱟᱰᱟᱭ ᱫᱟᱲᱮᱭᱟᱜᱼᱟ ?
मैं देवांग सैकिया हूँ और मेरी उम्र 39 है।,ᱤᱧ ᱫᱚ ᱫᱮᱵᱟᱝᱜᱟ ᱥᱳᱭᱠᱤᱭᱚ ᱟᱨ ᱤᱧᱟᱜ ᱩᱢᱮᱨ ᱫᱚ ᱓᱙ ᱾
मुझे जानना चाहता हूँ कि इस उम्र में कौन-सी इंश्योरेंस पॉलिसी मेरे लिए ठीक है।,ᱤᱧ ᱫᱚ ᱵᱟᱰᱟᱭᱤᱧ ᱠᱷᱚᱡ ᱠᱟᱱᱟ ᱚᱠᱟᱴᱟᱜ ᱤᱱᱥᱩᱨᱮᱱᱥ ᱯᱚᱞᱤᱥᱤ ᱤᱧ ᱞᱟᱹᱜᱤᱫ ᱡᱚᱛᱷᱟᱛᱟ ᱤᱧᱟᱜ ᱱᱚᱣᱟ ᱩᱢᱮᱨ ᱨᱮ ᱾
और मुझे उसके लाभ भी जानने हैं।,"ᱥᱟᱶᱛᱮ, ᱤᱧ ᱫᱚ ᱵᱟᱰᱟᱭ ᱥᱟᱱᱟᱧ ᱠᱟᱱᱟ ᱥᱩᱵᱤᱫᱷᱟᱠᱩ ᱾"
अपना नाम और उम्र बताने के लिए धन्यवाद।,ᱟᱢᱟᱜ ᱧᱩᱛᱩᱢ ᱟᱨ ᱩᱢᱮᱨ ᱟᱞᱮᱢ ᱵᱟᱰᱟᱭ ᱩᱪᱩᱠᱮᱫ ᱞᱮ ᱤᱭᱟᱹᱛᱮ ᱟᱭᱢᱟ ᱥᱟᱨᱦᱟᱣ ᱾
हमारे पास जीवन उमंग नाम की एक बहुत अच्छी पॉलिसी है।,ᱟᱞᱮ ᱴᱷᱮᱱ ᱟᱹᱰᱤ ᱱᱟᱯᱟᱭ ᱯᱚᱞᱤᱥᱤ ᱢᱮᱱᱟᱜᱼᱟ ᱧᱩᱛᱩᱢ ᱫᱚ ᱡᱤᱵᱚᱱ ᱩᱢᱚᱝᱜ ᱾
आप उसे ले सकते हैं।,ᱟᱢ ᱫᱚ ᱚᱱᱟᱢ ᱵᱟᱪᱷᱟᱣ ᱫᱟᱲᱮᱭᱟᱜᱼᱟ ᱾
इस पॉलिसी में सबसे कम बेसिक बीमा कितने का है?,ᱱᱤᱭᱟᱹ ᱯᱚᱞᱤᱥᱤ ᱨᱮ ᱡᱚᱛᱚ ᱠᱷᱚᱱ ᱠᱚᱢ ᱩᱛᱟᱹᱨ ᱢᱩᱬᱩᱛ ᱫᱚᱦᱚᱭ ᱠᱟᱹᱣᱰᱤ ᱫᱚ ᱛᱤᱱᱟᱹᱜ ?
इस पॉलिसी को लेने के लिए कम से कम उम्र कितनी होनी चाहिए?,ᱱᱤᱭᱟᱹ ᱯᱚᱞᱤᱥᱤ ᱞᱟᱹᱜᱤᱫ ᱠᱚᱢ ᱩᱛᱟᱹᱨ ᱮᱱᱴᱨᱤ ᱩᱢᱮᱨ ᱫᱚ ᱛᱤᱱᱟᱹᱜ ?
अधिकतम उम्र क्या है?,ᱡᱚᱛᱚᱠᱷᱚᱱ ᱰᱷᱮᱨ ᱮᱱᱴᱨᱤ ᱩᱢᱮᱨ ᱫᱚ ᱛᱤᱱᱟᱹᱜ ?
सबसे कम बेसिक बीमा दो लाख रुपये का है।,ᱠᱚᱢ ᱩᱛᱟᱹᱨ ᱢᱩᱬᱩᱛ ᱨᱟᱥᱤ ᱫᱚ ᱵᱟᱨ ᱞᱟᱠᱷ ᱴᱟᱠᱟ ᱾
सबसे कम उम्र 90 दिन है।,ᱠᱚᱢ ᱩᱛᱟᱹᱨ ᱮᱱᱴᱨᱤ ᱩᱢᱟᱹᱨ ᱫᱚ ᱙᱐ ᱫᱤᱱ ᱾
इस पॉलिसी को लेने के लिए अधिकतम उम्र 55 साल है।,ᱱᱤᱭᱟᱹ ᱯᱚᱞᱤᱥᱤ ᱞᱟᱹᱜᱤᱫ ᱡᱚᱛᱚᱠᱷᱚᱱ ᱡᱟᱹᱥᱛᱤ ᱮᱱᱴᱨᱤ ᱩᱢᱟᱹᱨ ᱫᱚ ᱕᱕ ᱥᱮᱨᱢᱟ ᱾
जानकारी देने के लिए बहुत-बहुत धन्यवाद।,ᱛᱮᱛᱮᱫ ᱞᱟᱹᱜᱤᱫ ᱟᱭᱢᱟ ᱥᱟᱨᱦᱟᱣ ᱾
इस पॉलिसी के मृत्यु लाभ क्या-क्या हैं?,ᱱᱚᱣᱟ ᱯᱚᱞᱤᱥᱤ ᱨᱮᱭᱟᱜ ᱜᱩᱡᱩᱜ ᱥᱩᱵᱤᱫᱷᱟ ᱠᱩ ᱫᱚ ᱪᱮᱫ ᱠᱩ ?
क्या मैं प्रीमियम सालाना भर सकता हूँ?,ᱪᱮᱫ ᱤᱧ ᱫᱚ ᱥᱮᱨᱢᱟᱻᱠᱮᱻᱥᱮᱨᱢᱟ ᱯᱨᱤᱢᱤᱭᱟᱢᱤᱧ ᱮᱢ ᱫᱟᱲᱮᱭᱟᱜᱼᱟ ?
"पहले पांच वर्षों के दौरान मृत्यु होने पर, मृत्यु पर बीमा किया गया धन देय होगा।","ᱯᱟᱹᱦᱤᱞ ᱢᱚᱸᱲᱮ ᱥᱮᱨᱢᱟᱨᱮ ᱜᱩᱡᱩᱜ ᱦᱩᱭᱞᱮᱱ ᱠᱷᱟᱱ, ᱜᱩᱡᱩᱜ ᱞᱟᱹᱜᱤᱫ ᱵᱤᱢᱟᱹᱣᱟᱠᱟᱱ ᱠᱟᱹᱣᱰᱤ ᱮᱢᱚᱜᱚᱜᱼᱟ ᱾"
"पॉलिसी के पांच वर्ष पूरे होने के बाद लेकिन मैच्योर होने की तारीख से पहले मृत्यु होने पर, मृत्यु पर बीमित राशि और लॉयल्टी एडिशन, यदि कोई हो, देय होगा।","ᱢᱚᱸᱬᱮ ᱯᱚᱞᱤᱥᱤ ᱥᱮᱨᱢᱟ ᱯᱩᱨᱟᱹᱣ ᱛᱟᱭᱚᱢ ᱢᱮᱱᱠᱷᱟᱱ ᱢᱮᱭᱟᱫ ᱯᱩᱨᱟᱹᱣ ᱢᱟᱹᱦᱤᱫ ᱞᱟᱦᱟ ᱜᱩᱡᱩᱜᱨᱮ, ᱜᱩᱡᱩᱜ ᱟᱨ ᱯᱟᱹᱛᱭᱟᱹᱣ ᱥᱟᱶ ᱡᱚᱯᱚᱲᱟᱣ ᱵᱤᱢᱟᱹ ᱠᱟᱹᱣᱰᱤ, ᱡᱩᱫᱤ ᱛᱟᱦᱮᱸᱱᱟ, ᱮᱢᱚᱜᱚᱜᱼᱟ ᱾"
यह सब तभी लागू होंगे जब सभी ड्यूज़ चुका दिए गए हों।,ᱡᱚᱛᱚ ᱵᱟᱹᱠᱤ ᱠᱟᱹᱣᱰᱤ ᱮᱢᱟᱠᱟᱱ ᱠᱷᱟᱱ ᱱᱤᱭᱟᱹ ᱫᱚ ᱮᱢᱚᱜᱚᱜᱼᱟ ᱾
"प्रीमियम नियमित रूप से सालाना, छः महीने पर, तीन महीने पर या हर महीने दिया जा सकता है।","ᱯᱨᱤᱢᱤᱭᱟᱢ ᱫᱚ ᱱᱤᱭᱟᱹᱢ ᱞᱮᱠᱟᱛᱮ ᱥᱮᱨᱢᱟᱠᱤᱭᱟᱹ, ᱛᱟᱞᱟ ᱥᱮᱨᱢᱟᱠᱤᱭᱟᱹ, ᱯᱮ ᱪᱟᱸᱫᱩᱠᱤᱭᱟᱹ ᱥᱮ ᱪᱟᱸᱫᱩᱠᱤᱭᱟᱹ ᱛᱟᱞᱟᱢᱟᱞᱟᱨᱮ ᱮᱢᱚᱜᱚᱜᱼᱟ ᱾"
क्या मैं मैच्योरिटी डेट के पहले पॉलिसी सरेंडर कर सकता हूँ?,ᱤᱧ ᱫᱚ ᱪᱮᱫ ᱢᱮᱭᱟᱫ ᱯᱩᱨᱟᱹᱣ ᱢᱟᱹᱦᱤᱛ ᱞᱟᱦᱟᱨᱮ ᱯᱚᱞᱤᱥᱤᱧ ᱪᱟᱵᱟ ᱫᱟᱲᱮᱭᱟᱜᱼᱟ ?
सरेंडर वैल्यू क्या होगी?,ᱢᱩᱪᱟᱹᱫ ᱠᱟᱹᱣᱰᱤ ᱫᱚ ᱛᱤᱱᱟᱹᱜ ᱦᱩᱭᱩᱩᱜᱼᱟ ?
"हाँ, पॉलिसी लेने वाला मैच्योरिटी से पहले तीन साल पूरे होने के बाद पॉलिसी सरेंडर कर सकता है।","ᱦᱮᱸ, ᱯᱚᱞᱤᱥᱤ ᱢᱮᱱᱟᱜ ᱦᱚᱲ ᱢᱮᱭᱟᱫ ᱯᱩᱨᱟᱹᱣ ᱞᱟᱦᱟᱨᱮ ᱯᱮ ᱥᱮᱨᱢᱟ ᱯᱩᱨᱟᱹᱣ ᱛᱟᱭᱚᱢ ᱯᱚᱞᱤᱥᱤᱭ ᱪᱟᱵᱟ ᱫᱟᱲᱮᱭᱟᱜᱼᱟ ᱾"
आपको कम से कम 3 साल लगातार नियमित रूप से प्रीमियम भरना होगा।,ᱟᱢ ᱫᱚ ᱠᱚᱢ ᱠᱟᱭᱛᱮ ᱓ ᱥᱮᱨᱢᱟ ᱞᱟᱹᱜᱤᱫ ᱵᱷᱟᱜᱤ ᱥᱟᱹᱦᱤᱫᱛᱮ ᱯᱨᱤᱢᱤᱭᱟᱢ ᱮᱢ ᱦᱩᱭᱩᱜ ᱛᱟᱭᱟ ᱾
"प्रक्रिया के बारे में पूरी जानकारी हमारी किताब से समझी जा सकती है, ज़रा उसे देख लें।","ᱦᱚᱨᱟ ᱨᱮᱭᱟᱜ ᱵᱤᱪᱷᱱᱟᱹᱣ ᱵᱚᱨᱱᱚᱱ ᱟᱞᱮᱭᱟᱜ ᱵᱮᱱᱟᱣ ᱞᱮᱠᱷᱟ ᱠᱷᱚᱱ ᱮᱠᱥᱮᱥ ᱦᱩᱭ ᱫᱟᱲᱮᱭᱟᱜᱼᱟ, ᱫᱟᱭᱟᱠᱟᱛᱮ ᱱᱚᱣᱟ ᱧᱮᱞᱢᱮ ᱾"
जानकारी से मुझे वाकई बहुत मदद मिली।,ᱛᱮᱛᱮᱫ ᱫᱚ ᱥᱟᱹᱨᱤᱜᱤ ᱟᱭᱢᱟᱭ ᱜᱚᱲᱚᱣᱟᱠᱟᱫᱤᱧᱟ ᱾
बहुत-बहुत धन्यवाद!,ᱟᱭᱢᱟ ᱥᱟᱨᱦᱟᱣ !
आपका स्वागत है।,ᱟᱢ ᱦᱚᱸ ᱥᱟᱹᱜᱩᱱ ᱫᱟᱨᱟᱢ ᱾
"अगर आप चाहें, तो मैं अपने किसी एजेंट को आपसे संपर्क करने के लिए कह सकती हूँ जो आपको ज़्यादा जानकारी दे सकते हैं।","ᱟᱢᱮᱢ ᱠᱷᱚᱡ ᱠᱷᱟᱱ, ᱤᱧ ᱟᱢ ᱥᱟᱶ ᱡᱳᱜᱟᱡᱳᱜ ᱞᱟᱹᱜᱤᱫ ᱟᱞᱮᱨᱮᱱ ᱮᱡᱮᱱᱴ ᱠᱩ ᱠᱷᱚᱱ ᱢᱤᱫ ᱦᱚᱲᱤᱧ ᱴᱷᱤᱠ ᱫᱟᱲᱮᱭᱟᱭᱟ ᱡᱟᱦᱟᱸᱭ ᱫᱚ ᱟᱢ ᱵᱤᱪᱷᱱᱟᱹᱣ ᱥᱟᱹᱦᱤᱫᱼᱮ ᱵᱚᱨᱱᱚᱱ ᱫᱟᱲᱮᱭᱟᱢᱟ ᱾"
क्या आप मुझे अपना फ़ोन नंबर दे सकते हैं?,ᱟᱢ ᱫᱚ ᱪᱮᱫ ᱟᱢᱟᱜ ᱯᱷᱳᱱ ᱱᱚᱢᱵᱚᱨᱮᱢ ᱮᱢ ᱫᱟᱲᱮᱭᱟᱹᱧᱟ ?
यह बहुत बढ़िया रहेगा!,ᱚᱱᱟᱜᱤ ᱵᱷᱟᱜᱤᱜᱼᱟ !
प्लीज़ मेरा फ़ोन नंबर लिख लीजिए।,ᱤᱧᱟᱜ ᱯᱷᱳᱱ ᱱᱚᱢᱵᱚᱨ ᱚᱞ ᱫᱚᱦᱚᱭ ᱢᱮ ᱾
"हैलो, मैं उत्तर-पूर्वी व्यंजनों को ट्राई करना चाहती हूँ।","ᱦᱮᱞᱳ, ᱤᱧᱫᱚ ᱩᱛᱟᱹᱨᱼᱯᱩᱨᱩᱵᱽ ᱥᱮᱱᱟᱜ ᱮᱥᱤᱱ ᱦᱚᱨᱟᱧ ᱯᱟᱸᱡᱟᱭᱮᱫᱟ ᱾"
मेरे दोस्त सिरिल ने बताया कि खाने और रेस्तराँ की खासियतें बताने की बात आए तो उसके लिए आप एकदम सही हैं।,"ᱤᱧᱨᱮᱱ ᱜᱟᱛᱮ, ᱥᱤᱨᱤᱞ ᱤᱧᱮ ᱞᱟᱹᱭᱟᱹᱧ ᱠᱟᱱᱛᱟᱦᱮᱸ ᱡᱚᱢᱟᱜ ᱟᱨ ᱡᱚᱢ ᱡᱤᱨᱟᱹᱣ ᱚᱲᱟᱜ ᱨᱮᱭᱟᱜ ᱠᱟᱛᱷᱟ ᱞᱟᱹᱜᱤᱫᱛᱮ ᱟᱢᱜᱮ ᱡᱚᱛᱷᱟᱛ ᱦᱚᱲ ᱠᱟᱱᱟᱢ ᱾"
"हाँ, मैं काफी समय से इस जगह पर हूँ, तो मैं खाने को लेकर आपको सलाह देने में मदद कर सकती हूँ।","ᱦᱮᱸ, ᱤᱧ ᱵᱮᱥ ᱠᱤᱪᱷᱤ ᱫᱤᱱ ᱱᱤᱭᱟᱹ ᱴᱷᱟᱶᱨᱮᱧ ᱛᱟᱦᱮᱸᱠᱟᱱᱟ, ᱚᱱᱟᱛᱮ ᱡᱚᱢᱟᱜ ᱤᱫᱤ ᱠᱟᱛᱮᱜ ᱥᱟᱞᱦᱟ ᱮᱢᱚᱜ ᱨᱮ ᱤᱧ ᱟᱢᱤᱧ ᱜᱚᱲᱚ ᱫᱟᱲᱮᱭᱟᱢᱟ ᱾"
शुरुआत के लिए असमिया डिश खार अच्छी है।,"ᱠᱷᱚᱨ, ᱢᱤᱫ ᱚᱥᱚᱢᱤᱭᱟᱹ ᱡᱚᱢᱟᱜ ᱠᱟᱱᱟ, ᱮᱛᱚᱦᱚᱵ ᱞᱟᱹᱜᱤᱫ ᱱᱚᱶᱟ ᱢᱤᱫ ᱱᱟᱯᱟᱭ ᱴᱷᱟᱶ ᱠᱟᱱᱟ ᱾"
"ओह, अच्छा। क्या यह शाकाहारी है?","ᱳᱦ, ᱵᱩᱡᱷᱟᱹᱣ ᱟᱠᱟᱫᱟᱹᱧ, ᱱᱚᱶᱟᱫᱚ ᱪᱮᱫ ᱵᱮᱜᱚᱨ ᱥᱤᱸᱲᱤᱪᱼᱟᱱ ᱠᱟᱱᱟ ?"
किस चीज़ से बनती है ये ?,ᱱᱚᱶᱟᱫᱚ ᱪᱮᱫ ᱛᱮ ᱵᱮᱱᱟᱜᱼᱟ ?
"यह लाल चावल, कुटी हुई दाल और कच्चे पपीते से बनती है इसलिए यह पूरी तरह से शाकाहारी है।","ᱱᱚᱶᱟᱫᱚ ᱟᱨᱟᱜ ᱪᱟᱣᱞᱮ, ᱥᱚᱜ ᱫᱟᱹᱞ ᱟᱨ ᱵᱮᱨᱮᱞ ᱯᱤᱯᱟᱹ ᱢᱮᱥᱟ ᱠᱟᱛᱮᱜ ᱵᱮᱱᱟᱣ ᱦᱩᱭᱩᱜᱼᱟ ᱚᱱᱟᱛᱮ ᱱᱚᱶᱟᱫᱚ ᱵᱮᱜᱚᱨ ᱥᱤᱸᱲᱤᱪᱼᱟᱱ ᱠᱟᱱᱟ ᱾"
इसे बनाने में असम के कई मसालों का भी इस्तेमाल किया जाता है।,ᱱᱚᱶᱟ ᱵᱮᱱᱟᱣᱛᱮ ᱟᱭᱢᱟ ᱚᱥᱚᱢᱤᱭᱟᱹ ᱢᱚᱥᱞᱟ ᱠᱚ ᱞᱟᱜᱟᱜᱼᱟ ᱾
"ओके, मैं उसे पक्का ट्राई करूँगी","ᱴᱷᱤᱠ ᱜᱮᱭᱟ, ᱤᱧ ᱨᱤᱠᱟᱹ ᱠᱟᱛᱮᱧ ᱧᱮᱞᱟ ᱾"
बैम्बू राइस क्या होता है?,ᱢᱟᱸᱫ ᱴᱷᱚᱞᱟᱜ ᱨᱮᱭᱟᱜ ᱫᱟᱠᱟ ᱪᱮᱫ ᱞᱮᱠᱟᱱᱟ ?
मैंने सुना है कि यह असम का स्पेशल है।,ᱟᱸᱡᱚᱢ ᱟᱠᱟᱫᱟᱹᱧ ᱱᱚᱶᱟᱫᱚ ᱚᱥᱚᱢᱤᱭᱟ ᱨᱮᱭᱟᱜ ᱠᱷᱟᱥ ᱡᱚᱢᱟᱜ ᱠᱟᱱᱟ ᱾
मुझे ठीक से नाम याद नहीं आ रहा है; मेरे ख्याल से शायद प से शुरू होता है।,ᱧᱩᱛᱩᱢᱫᱚ ᱴᱷᱤᱠ ᱵᱟᱹᱧ ᱫᱤᱥᱟᱹ ᱫᱟᱲᱮᱭᱟᱜ ᱠᱟᱱᱟ ; ᱤᱧ ᱢᱚᱱᱮᱭᱮᱫᱟ; ᱱᱚᱶᱟᱫᱚ ᱯᱤ ᱛᱮ ᱮᱛᱚᱦᱚᱵᱚᱜᱼᱟ ᱾
"आप जिस डिश की बात कर रही हैं, उसे पीठा या खोला पीठा कहते हैं।",ᱟᱢ ᱡᱟᱦᱟᱸ ᱡᱚᱢᱟᱜ ᱨᱮᱭᱟᱜ ᱠᱟᱛᱷᱟᱢ ᱞᱟᱹᱭ ᱮᱫᱟ ᱚᱱᱟ ᱨᱮᱭᱟᱜ ᱧᱩᱛᱩᱢ ᱫᱚ ᱯᱤᱴᱷᱟᱹ ᱥᱮ ᱠᱷᱚᱞ ᱯᱤᱴᱷᱟᱹ ᱾
इसे बनाने के लिए हल्की फ़्लेवर वाले चावल को बांस के खोखले तने में भर दिया जाता है।,ᱱᱟᱥᱮ ᱥᱤᱵᱤᱞ ᱨᱮᱭᱟᱜ ᱪᱟᱣᱞᱤ ᱠᱷᱚᱞᱟ ᱢᱟᱸᱫ ᱨᱮ ᱵᱷᱚᱨᱟᱣ ᱠᱟᱛᱮᱜ ᱠᱚ ᱵᱮᱱᱟᱣᱼᱟ ᱾
"ओह, तो यह डिश भी शाकाहारी है?","ᱳᱦ, ᱱᱚᱶᱟᱦᱚᱸ ᱵᱮᱜᱚᱨ ᱥᱤᱸᱲᱤᱪᱼᱟᱜ ᱠᱟᱱ ᱜᱮᱭᱟ ?"
"हाँ, और इसे पसंद के मुताबिक मीठा या नमकीन बनाया जा सकता है।","ᱦᱮᱸ, ᱟᱨ ᱱᱚᱶᱟᱫᱚ ᱠᱩᱥᱤ ᱪᱮᱛᱟᱱ ᱴᱮᱸᱦᱟᱰ ᱠᱟᱛᱮᱜ ᱦᱮᱲᱮᱢ ᱟᱨ ᱥᱤᱵᱤᱞ ᱥᱚᱲᱚᱢ ᱦᱩᱭᱩᱜᱼᱟ ᱾"
ज़्यादातर लोगों को मीठा वाला पसंद आता है और आम तौर पर इसे दही और गुड़ के साथ खाया जाता है।,ᱟᱭᱢᱟ ᱦᱚᱲᱜᱮ ᱦᱮᱲᱮᱢᱟᱜ ᱠᱩᱥᱤᱭᱟᱜᱼᱟ ᱟᱨ ᱱᱚᱶᱟᱫᱚ ᱫᱟᱦᱤ ᱟᱨ ᱜᱩᱲ ᱟᱛᱮ ᱠᱚ ᱡᱚᱢᱟ ᱾
"ओके, आप मुझे कुछ माँसाहारी व्यंजनों के बारे में सलाह दे सकती हैं?","ᱴᱷᱤᱠ ᱜᱮᱭᱟ, ᱟᱢ ᱪᱮᱫ ᱠᱤᱪᱷᱤ ᱥᱤᱸᱲᱤᱪ ᱡᱚᱢᱟᱜ ᱨᱮᱭᱟᱜ ᱦᱩᱫᱤᱥᱮᱢ ᱮᱢ ᱫᱟᱲᱮᱭᱟᱹᱧᱟ ?"
"मुझे माँसाहार ज़्यादा पसंद है, इसलिए।","ᱤᱧᱫᱚ ᱥᱤᱸᱲᱤᱪ ᱡᱚᱢᱟᱜᱼᱤᱧ ᱠᱩᱥᱤᱭᱟᱜᱼᱟ, ᱚᱱᱟᱛᱮ ᱾"
तब तो आपको नागालैंड का स्मोक्ड पोर्क खाकर आनंद आ जाएगा।,"ᱚᱱᱟ ᱴᱷᱟᱶᱨᱮ, ᱱᱟᱜᱟᱞᱮᱱᱰ ᱨᱮᱭᱟᱜ ᱥᱮᱠᱟᱣ ᱥᱩᱠᱨᱤ ᱡᱤᱞ ᱟᱢᱟᱜ ᱥᱟᱫ ᱨᱮᱭᱟᱜ ᱟᱸᱥᱮ ᱛᱤᱨᱯᱤᱛᱟ ᱾"
"यह बाहर से कुरकुरा, अंदर से नरम और जूसी होता है और इसका स्मोकी फ़्लेवर एकदम अनोखा होता है।","ᱱᱚᱶᱟᱫᱚ ᱵᱟᱨᱦᱮ ᱥᱮᱡᱝ ᱨᱟᱹᱪᱩᱜ ᱨᱟᱹᱪᱩᱜ ᱜᱮᱭᱟ, ᱵᱷᱤᱛᱨᱤ ᱨᱮᱫᱚ ᱞᱟᱹᱵᱤᱫ ᱟᱨ ᱞᱮᱦᱮ ᱜᱮᱭᱟ, ᱟᱨ ᱱᱚᱶᱟ ᱨᱮᱭᱟᱜ ᱥᱮᱠᱟᱣ ᱥᱚ ᱟᱹᱰᱤ ᱧᱩᱢᱟᱱ ᱜᱮᱭᱟ ᱾"
"ओह, यह सुनने में बहुत टेस्टी लग रहा है लेकिन मैं पोर्क नहीं खाती।","ᱳᱦ, ᱟᱹᱰᱤ ᱥᱤᱵᱤᱞ ᱵᱩᱡᱷᱟᱹᱜ ᱠᱟᱱᱟ, ᱢᱮᱱᱠᱦᱟᱱ ᱤᱧᱫᱚ ᱥᱩᱠᱨᱤ ᱡᱤᱞ ᱵᱟᱹᱧ ᱡᱚᱢᱟ ᱾"
पर मैं अपने दोस्त सिरिल को इस डिश के बारे में बताऊँगी।,"ᱮᱱᱦᱚᱸ, ᱤᱧ ᱤᱧᱨᱮᱱ ᱜᱟᱛᱮ ᱥᱤᱨᱤᱞ ᱱᱚᱶᱟ ᱡᱚᱢᱟᱜ ᱵᱟᱨᱮᱛᱮᱧ ᱞᱟᱹᱭ ᱟᱭᱟ ᱾"
हम्म...फिर थुकपा के बारे में क्या ख्याल है?,ᱦᱩᱸᱹᱹᱹᱹᱹᱹᱹᱹᱹᱹᱮᱱᱠᱷᱟᱱ ᱛᱷᱩᱠᱯᱟ ᱨᱮᱭᱟᱜ ᱫᱚ ᱪᱮᱫ ?
यह अरुणाचल प्रदेश की नूडल से बनने वाली डिश है और इसे बनाने में दालों से लेकर किसी भी तरह का मीट लिया जा सकता है।,ᱱᱚᱶᱟᱫᱚ ᱚᱨᱩᱱᱟᱪᱚᱞ ᱯᱨᱚᱫᱮᱥ ᱨᱮᱭᱟᱜ ᱱᱩᱰᱚᱞᱥ ᱞᱮᱠᱟᱱᱟᱜ ᱡᱚᱢᱟᱜ ᱠᱟᱱᱟ ᱟᱨ ᱱᱚᱶᱟᱨᱮ ᱞᱟᱜᱟᱼᱟᱜ ᱠᱚᱫᱚ ᱢᱟᱹᱥᱨᱤ ᱫᱟᱹᱞ ᱠᱷᱚᱱ ᱡᱮᱦᱟᱸᱞᱮᱠᱟᱱᱟᱜ ᱡᱤᱞ ᱨᱮᱜᱮ ᱵᱚᱫᱚᱞᱚᱜᱼᱟ ᱾
"अगर आपको मछली पसंद है, तो आपको असम की टेंगा फ़िश डिश पसंद आएगी।","ᱟᱢ ᱡᱩᱫᱤ ᱦᱟᱠᱩᱢ ᱠᱩᱥᱤᱭᱟᱜᱼᱟ, ᱮᱱᱠᱷᱟᱱ ᱟᱥᱟᱢ ᱨᱮᱭᱟᱜ ᱴᱮᱝᱜᱟ ᱦᱟᱠᱩ ᱨᱮᱱᱟᱜ ᱡᱚᱢᱟᱜ ᱟᱢ ᱠᱩᱥᱤᱜ ᱞᱮᱠᱟᱱ ᱦᱩᱭᱩᱜᱼᱟ ᱾"
"मुझे नूडल पसंद हैं, तो उत्तर-पूर्वी व्यंजनों को आज़माने की लिस्ट में मेरी सबसे पहली डिश थुकपा है।","ᱤᱧᱫᱚ ᱱᱩᱰᱚᱞᱥ ᱤᱧ ᱠᱩᱥᱤᱭᱟᱜᱼᱟ, ᱚᱱᱟᱛᱮ ᱩᱛᱛᱟᱹᱨ ᱯᱩᱨᱩᱵ ᱨᱮᱭᱟᱜ ᱡᱚᱢᱟᱜ ᱛᱟᱹᱞᱤᱠᱟᱨᱮ ᱛᱷᱩᱠᱯᱟᱜᱮ ᱞᱟᱦᱟ ᱜᱮᱭᱟ ᱾"
मैं टेंगा भी ट्राई करके देखूँगी।,ᱤᱧᱦᱚᱸ ᱴᱮᱝᱜᱟᱧ ᱡᱚᱢ ᱞᱮᱜᱟᱭᱟ ᱾
क्या उत्तर-पूर्वी खाने आम तौर पर मसालेदार होते हैं?,ᱩᱛᱛᱟᱹᱨᱼᱯᱩᱨᱩᱵ ᱨᱮᱭᱟᱜ ᱡᱚᱢᱟᱜ ᱫᱚ ᱪᱮᱫ ᱢᱚᱥᱞᱟ ᱟᱱᱟᱜ ᱜᱮᱭᱟ ?
"नहीं, बिल्कुल भी मसालेदार नहीं होते।","ᱵᱟᱝ, ᱚᱱᱟᱫᱚ ᱱᱟᱥᱮ ᱦᱚᱸ ᱵᱟᱝ ᱢᱚᱥᱞᱟ ᱟᱱᱟᱜᱼᱟ ᱾"
बल्कि वो एकदम तरोताज़ा करने वाले और ख़ुशबूदार होते हैं।,"ᱟᱥᱚᱞᱨᱮ, ᱚᱱᱟᱠᱚᱫᱚ ᱨᱚᱠᱟ ᱟᱨ ᱥᱚᱸᱫᱷᱟᱲ ᱥᱚ ᱟᱱᱟᱜᱼᱟ ᱾"
"हैलो, क्या यह टाटा कैपिटल है?","ᱦᱮᱞᱳ, ᱱᱚᱶᱟᱫᱚ ᱪᱮᱫ ᱴᱟᱴᱟ ᱠᱮᱯᱤᱴᱟᱞ ᱠᱟᱱᱟ ?"
जी हाँ यह टाटा कैपिटल है।,ᱦᱮᱸ ᱱᱚᱶᱟᱫᱚ ᱴᱟᱴᱟ ᱠᱮᱯᱤᱴᱟᱞ ᱠᱟᱱᱟ ᱾
मैं आपकी किस प्रकार सहायता कर सकती हूँ?,ᱟᱢ ᱪᱮᱫ ᱞᱮᱠᱟᱛᱮᱧ ᱜᱚᱲᱚ ᱫᱟᱲᱮᱭᱟᱢᱟ ᱾
मुझे कुछ पर्सनल लोन चाहिए।,ᱤᱧ ᱠᱤᱪᱷᱤ ᱯᱟᱨᱥᱳᱱᱟᱞ ᱨᱤᱱ ᱤᱧ ᱦᱟᱛᱟᱣᱼᱟ ᱾
क्या आप मेरा क्रेडिट स्कोर देखकर बता सकती हैं कि मुझे कितना मिल सकता है?,ᱤᱧᱟᱹᱜ ᱠᱨᱮᱰᱤᱴ ᱥᱠᱳᱨ ᱧᱮᱞ ᱠᱟᱛᱮᱜ ᱤᱧᱮᱢ ᱞᱟᱹᱭ ᱟᱹᱧᱟᱹ ᱛᱤᱱᱟᱹᱜ ᱤᱧ ᱧᱟᱢ ᱫᱟᱲᱮᱭᱟᱜᱼᱟ ?
हाँ बिल्कुल प्लीज़ एक मिनट रुकें।,ᱦᱮᱸ ᱮᱠᱟᱞ ᱜᱮ ᱢᱤᱫ ᱴᱤᱲᱤᱡ ᱛᱟᱸᱹᱜᱤᱭ ᱢᱮ ᱾
आपको अपने क्रेडिट स्कोर पर ज़्यादा से ज़्यादा 8 लाख का लोन मिल सकता है।,ᱟᱢᱟᱜ ᱠᱨᱮᱰᱤᱴ ᱥᱠᱳᱨ ᱞᱮᱠᱟᱛᱮ ᱟᱢ ᱘ ᱞᱟᱠ ᱴᱟᱠᱟ ᱦᱟ/ᱵᱤᱡ ᱨᱤᱱ ᱮᱢ ᱧᱟᱢ ᱫᱟᱲᱮᱭᱟᱜᱼᱟ ᱾
फ़िलहाल पर्सनल लोन पर ब्याज दर क्या है?,ᱱᱤᱛ ᱯᱟᱨᱥᱳᱱᱟᱞ ᱨᱤᱱ ᱨᱮᱭᱟᱜ ᱥᱩᱫ ᱦᱟᱨ ᱛᱤᱱᱟᱹᱜ ᱠᱟᱛᱮᱜ ?
और क्या मुझे एप्लाई करने का तरीका बता सकती हैं?,ᱟᱨ ᱤᱧᱫᱚ ᱪᱮᱫ ᱢᱤᱫ ᱦᱚᱲ ᱞᱟᱹᱜᱤᱫ ᱟᱨᱫᱟᱥ ᱨᱮᱭᱟᱜ ᱦᱚᱨᱟᱧ ᱵᱟᱰᱟᱭ ᱫᱟᱲᱮᱭᱟᱜᱼᱟ ?
पर्सनल लोन की ब्याज दर आम तौर पर 10.50% और 24% के बीच हो सकती है।,ᱯᱟᱨᱥᱳᱱᱟᱞ ᱞᱳᱱ ᱨᱮᱭᱟᱜ ᱥᱩᱫ ᱦᱟᱨ ᱑᱐ᱹ᱕᱐% ᱟᱨ ᱒᱔ % ᱢᱩᱫᱨᱮ ᱵᱚᱫᱚᱞ ᱫᱟᱲᱮᱭᱟᱜᱼᱟ ᱾
यह आम तौर पर इस बात पर निर्भर करता है कि आप वित्तीय संस्थान की पर्सनल लोन योग्यता से जुड़ी ज़रूरतों को कैसे पूरा करते हैं।,ᱱᱚᱶᱟᱫᱚ ᱥᱟᱫᱷᱟᱨᱚᱱᱚᱛᱚ ᱟᱢ ᱪᱮᱫ ᱞᱮᱠᱟᱛᱮ ᱠᱟᱹᱣᱰᱤ ᱟᱥᱲᱟ ᱨᱮᱭᱟᱜ ᱯᱟᱨᱥᱳᱱᱟᱞ ᱞᱳᱱ ᱨᱮᱭᱟᱜ ᱡᱳᱜᱢᱟᱱ ᱞᱟᱹᱠᱛᱤᱭᱟᱜ ᱠᱚᱢ ᱯᱩᱨᱩᱱᱟ ᱚᱱᱟ ᱪᱮᱛᱟᱱᱮ ᱴᱮᱦᱟᱸᱰᱼᱟ ᱾
प्रोसेस शुरू करने के लिए आपको कुछ डॉक्यूमेंट सबमिट करने होंगे।,ᱦᱚᱨᱟ ᱮᱦᱚᱵ ᱞᱟᱹᱜᱤᱫᱛᱮ ᱟᱢ ᱡᱚᱢᱟᱭ ᱦᱩᱭᱩᱜ ᱛᱟᱢᱟ ᱚᱱᱟᱠᱱᱟᱜ ᱠᱤᱪᱷᱤ ᱱᱚᱛᱷᱤ ᱢᱮᱱᱟᱜᱼᱟ ᱾
"आपके क्रेडेंशियल के प्रमाण के लिए वोटर कार्ड, आधार कार्ड और पैन कार्ड जैसे डॉक्यूमेंट ज़रूरी हैं।","ᱵᱷᱳᱴᱟᱨ ᱠᱟᱰ, ᱟᱫᱷᱟᱨ ᱠᱟᱰ ᱟᱨ ᱯᱮᱱ ᱠᱟᱰ ᱞᱮᱠᱟᱱ ᱟᱢᱟᱜ ᱥᱟᱹᱵᱩᱫ ᱥᱟᱠᱟᱢᱠᱚ ᱛᱷᱟᱯᱚᱱ ᱞᱟᱹᱜᱤᱫ ᱞᱟᱹᱠᱛᱤᱭᱟᱱ ᱱᱚᱛᱷᱤ ᱠᱚ ᱾"
पहचान का प्रमाण और निवास का प्रमाण।,ᱩᱯᱨᱩᱢ ᱨᱮᱭᱟᱜ ᱥᱟᱹᱵᱩᱫ ᱟᱨ ᱛᱟᱦᱮᱱ ᱨᱮᱭᱟᱜ ᱥᱟᱹᱵᱩᱫ ᱾
आय से जुड़े डॉक्यूमेंट जैसे पिछले तीन महीने की सैलरी स्लिप और आई.टी. रिटर्न स्टेटमेंट।,ᱤᱱᱠᱟᱢ ᱨᱮᱭᱟᱜ ᱱᱚᱛᱷᱤ ᱡᱮᱞᱮᱠᱟ ᱯᱟᱨᱚᱢ ᱟᱠᱟᱱ ᱯᱮ ᱪᱟᱸᱫᱳ ᱨᱮᱭᱟᱜ ᱢᱟᱹᱱᱦᱟᱹ ᱥᱞᱤᱯ ᱟᱨ ᱟᱭᱴᱤ ᱨᱤᱴᱟᱨᱱ ᱥᱴᱮᱴᱢᱮᱱᱴ ᱾
क्या मुझे व्यक्तिगत तौर पर ब्रांच में आना होगा?,ᱤᱧᱫᱚ ᱪᱮᱫ ᱤᱧᱜᱮ ᱵᱨᱟᱧᱪ ᱥᱮᱱᱚᱜ ᱦᱩᱭᱩᱜ ᱛᱤᱧᱟᱹ ?
या मैं ऑनलाइन अप्लाई कर सकता हूँ?,ᱥᱮ ᱤᱧ ᱚᱱᱞᱟᱭᱤᱱ ᱛᱮᱧ ᱟᱨᱫᱟᱥ ᱫᱟᱲᱮᱭᱟᱜᱼᱟ ?
ऑनलाइन अप्लाई कर सकते हैं।,ᱚᱱᱞᱟᱭᱤᱱ ᱛᱮ ᱟᱨᱫᱟᱥ ᱜᱟᱱᱚᱜᱼᱟ ᱾
लेकिन डॉक्यूमेंट सबमिट करने और वेरिफ़िकेशन के लिए आपको ब्रांच आना होगा।,ᱢᱮᱱᱠᱷᱟᱱ ᱱᱚᱛᱷᱤ ᱡᱚᱢᱟ ᱟᱨ ᱧᱮᱞ ᱟᱨᱩᱭ ᱞᱟᱹᱜᱤᱫᱛᱮ ᱟᱢᱫᱚ ᱵᱨᱟᱧᱪ ᱛᱮ ᱪᱟᱞᱟᱜ ᱦᱩᱭᱩᱜ ᱛᱟᱢᱟ ᱾
"मैं आपके फ़र्म का नियमित ग्राहक हूँ, आप उससे देख सकते हैं।","ᱤᱧᱫᱚ ᱟᱢᱟᱜ ᱯᱷᱟᱨᱢ ᱨᱮᱱ ᱫᱤᱱᱟᱹᱢ ᱜᱟᱦᱟᱠ ᱠᱟᱹᱱᱟᱹᱧ, ᱟᱢ ᱱᱚᱶᱟᱛᱮᱢ ᱵᱤᱰᱟᱹᱣ ᱫᱟᱲᱮᱭᱟᱜᱼᱟ ᱾"
क्या मैं बस आपके ऑफ़िस में अपने डॉक्यूमेंट भेज सकता हूँ?,ᱤᱧᱫᱚ ᱪᱮᱫ ᱟᱢᱟᱜ ᱚᱯᱷᱤᱥ ᱨᱮ ᱤᱧᱟᱹᱜ ᱰᱚᱠᱩᱢᱮᱱᱴᱥ ᱠᱚᱧ ᱠᱳᱞ ᱫᱟᱲᱮᱭᱟᱜᱼᱟ ?
"सर, इसमें ज़्यादा टाइम नहीं लगेगा, हो सकता है कि डॉक्यूमेंट भेजने से वह दूसरे एप्लिकेशनों से मिक्स हो जाए।","ᱥᱮᱨ, ᱰᱷᱮᱨ ᱚᱠᱛᱚ ᱵᱟᱭ ᱞᱟᱜᱟᱜᱼᱟ, ᱰᱚᱠᱩᱢᱮᱱᱴᱥ ᱠᱚ ᱠᱳᱞ ᱞᱮᱠᱷᱟᱱ ᱮᱴᱟᱜ ᱮᱯᱞᱤᱠᱮᱥᱚᱱ ᱥᱟᱶᱛᱮ ᱢᱮᱥᱟ ᱫᱟᱲᱮᱭᱟᱜᱼᱟ ᱾"
आम तौर पर पर्सनल लोन पर लोअर और अपर लिमिट क्या हैं?,ᱢᱤᱫᱴᱟᱝ ᱯᱟᱨᱥᱳᱱᱟᱞ ᱞᱳᱱ ᱠᱚᱢ ᱟᱨ ᱰᱷᱮᱨ ᱨᱮᱭᱟᱜ ᱥᱤᱢᱟᱹ ᱪᱮᱫ ᱪᱮᱫ ᱠᱟᱱᱟ ?
"हम आपकी योग्यता के आधार पर कम से कम 75,000 से लेकर ज़्यादा से ज़्यादा 35,00,000/- का पर्सनल लोन देते हैं।","ᱟᱞᱮᱫᱚ ᱟᱢᱟᱜ ᱡᱳᱜᱢᱟᱹᱱ ᱪᱮᱛᱟᱱ ᱴᱮᱸᱦᱟᱰ ᱠᱟᱛᱮᱜ ᱡᱚᱛᱚᱠᱷᱚᱱ ᱠᱚᱢ ᱗᱕,᱐᱐᱐ ᱠᱷᱚᱱ ᱡᱚᱛᱚᱠᱷᱚᱱ ᱰᱷᱮᱨ ᱓᱕,᱐᱐,᱐᱐᱐/ᱼ ᱦᱟᱹᱵᱤᱡᱽ ᱯᱟᱨᱥᱳᱱᱟᱞ ᱞᱳᱱ ᱮᱢ ᱦᱩᱭᱩᱜᱼᱟ ᱾"
"ठीक है फिर, बताने के लिए शुक्रिया।","ᱴᱷᱤᱠ ᱜᱮᱭᱟ ᱛᱟᱦᱚᱞᱮ, ᱠᱷᱚᱵᱚᱨ ᱞᱟᱹᱜᱤᱫ ᱛᱮᱫᱚ ᱟᱢ ᱥᱟᱨᱦᱟᱣ ᱾"
मैं जल्दी ही ब्रांच में आऊँगा।,ᱤᱧ ᱩᱥᱟᱹᱨᱟᱜᱮ ᱵᱨᱟᱧᱪ ᱛᱮᱧ ᱪᱟᱞᱟᱜᱼᱟ
और किसी सहायता के लिए कृपया संपर्क करें।,ᱮᱴᱟᱜ ᱡᱟᱦᱟᱱ ᱜᱚᱲᱚ ᱞᱟᱹᱜᱤᱫ ᱛᱮ ᱡᱳᱜᱟᱡᱳᱜ ᱢᱮ ᱿
"कमला, तुम काम पर कब वापस आ रही हो?","ᱠᱚᱢᱚᱞᱟ, ᱟᱢ ᱛᱤᱱᱨᱮ ᱠᱟᱹᱢᱤᱨᱮᱢ ᱨᱩᱣᱟᱹᱲ ᱠᱟᱱᱟ ?"
तुमने कैलेंडर की तरफ देखा भी है?,ᱟᱢ ᱪᱮᱫ ᱠᱮᱞᱮᱱᱰᱟᱨᱮᱢ ᱧᱮᱞ ᱟᱠᱟᱫ ?ᱟ ?
लगभग एक महीना होने आ गया है।,ᱢᱤᱫ ᱪᱟᱸᱫᱚ ᱜᱟᱱ ᱦᱩᱭ ᱮᱱᱟ ᱾
मुझे लगा कि तुमने कहा था कि तुम 10 दिन की छुट्टी ले रही हो।,ᱤᱧᱤᱧ ᱢᱚᱱᱮ ᱞᱮᱫᱟ ᱟᱢᱮᱢ ᱢᱮᱱ ᱞᱮᱫᱟ ᱡᱮ ᱟᱢ ᱑᱐ ᱫᱤᱱ ᱞᱟᱹᱜᱤᱫ ᱪᱷᱩᱴᱤᱢ ᱦᱟᱛᱟᱣ ᱮᱫᱟ ᱾
मुझे माफ़ करें मैम।,ᱫᱩᱠ ᱤᱧ ᱥᱚᱫᱚᱨ ᱮᱫᱟ ᱢᱟᱪᱮᱛᱟᱱᱤ ᱾
मैं आपको खबर नहीं कर सकी।,"ᱤᱧ ᱟᱢ ᱵᱟ,ᱧ ᱵᱟᱰᱟᱭ ᱦᱚᱪᱚᱣ ᱟᱠᱟᱫ ᱢᱮᱭᱟ ᱾"
पर तुम थी कहाँ?,ᱮᱢᱚᱱ ᱪᱮᱫ ᱟᱢ ᱫᱚ ᱚᱠᱟᱨᱮ ?
क्या तुम अभी भी अपने मायके में हो?,ᱟᱢ ᱱᱤᱛᱦᱚᱸ ᱟᱭᱳᱼᱵᱟᱵᱟ ᱚᱲᱟᱜᱨᱮ ?
"नहीं मैम, मैं तीन दिन पहले घर आ गई थी।","ᱵᱟᱝ ᱢᱟᱪᱮᱛᱟᱱᱤ, ᱯᱮ ᱫᱤᱱ ᱞᱟᱦᱟᱨᱮ ᱚᱲᱟᱜ ᱤᱧ ᱦᱮᱡ ᱟᱠᱟᱱᱟ ᱾"
तीन दिन पहले?,ᱯᱮ ᱫᱤᱱ ᱞᱟᱦᱟᱨᱮ ?
फिर तुम काम पर क्यों नहीं आ रही हो?,ᱮᱱᱠᱷᱟᱱ ᱠᱟᱹᱢᱤ ᱪᱮᱫᱟᱜ ᱵᱟᱢ ᱦᱤᱡᱩᱜ ᱠᱟᱱᱟ ?
मेरे हाथ में थोड़ी सूजन है।,ᱤᱧᱟᱜ ᱛᱤ ᱱᱟᱥᱮᱭᱟᱜ ᱯᱷᱩᱞᱟᱹᱣ ᱟᱠᱟᱱᱟ ᱾
मुझे काम करने में दिक्कत होती है।,ᱠᱟᱹᱢᱤ ᱨᱮᱧ ᱚᱥᱩᱵᱤᱫᱷᱟᱜ ᱠᱟᱱᱟ ᱾
सूजन? डॉक्टर को दिखाया तुमने ?,ᱯᱷᱳᱞᱟ ? ᱟᱢ ᱪᱮᱫ ᱰᱟᱠᱛᱟᱨ ᱴᱷᱮᱱᱮᱢ ᱫᱮᱠᱷᱟᱣ ᱟᱠᱟᱱᱟ ?
डॉक्टर ने कुछ दिन आराम करने के लिए कहा है।,ᱰᱟᱠᱛᱟᱨ ᱠᱤᱪᱷᱤ ᱫᱤᱱ ᱡᱤᱨᱟᱹᱣ ᱨᱮ ᱛᱟᱦᱮᱱ ᱮ ᱢᱮᱱ ᱟᱠᱟᱫᱤᱧᱟ ᱾
पूरे महीने के लिए तो नहीं कहा होगा उन्होंने?,ᱩᱱᱤ ᱫᱚ ᱢᱤᱫ ᱪᱟᱸᱫᱚ ᱩᱛᱟᱹᱨ ᱫᱚ ᱵᱟᱭ ᱢᱟᱱᱟᱣ ᱞᱮᱫᱟ ?
तुम्हारा हाथ टूट तो नहीं गया है न?,"ᱟᱢᱟᱜ ᱛᱤ ᱫᱚ ᱵᱟᱝ ᱨᱟᱹᱯᱩᱫ ᱟᱠᱟᱱᱟ, ᱚᱱᱟ ᱜᱮ ᱛᱚ ?"
"नहीं मैम, ऐसा नहीं है।","ᱵᱟᱝ ᱢᱟᱪᱮᱛᱟᱱᱤ, ᱠᱟᱛᱷᱟ ᱫᱚ ᱱᱚᱝᱠᱟ ᱫᱚ ᱵᱟᱝ ᱾"
फिर क्या है?,ᱜᱷᱚᱴᱚᱱ ᱫᱚ ᱪᱮᱫ ᱠᱟᱱᱟ ?
"मुझे नहीं पता, मैम।","ᱤᱧ ᱫᱚ ᱵᱟᱹᱧ ᱵᱟᱰᱟᱭ, ᱢᱟᱪᱮᱛᱟᱱᱤ ᱾"
"मेरे हाथ में सूजन है, दर्द होता है।","ᱤᱧᱟᱹᱜ ᱛᱤ ᱯᱷᱩᱞᱟᱹᱣ ᱟᱠᱟᱱᱟ, ᱦᱟᱥᱩ ᱤᱫᱤᱧ ᱠᱟᱱᱟ ᱾"
"अगर तुमने कभी काम ठीक से किया होता, तो ऐसा नहीं होता।",ᱟᱢ ᱡᱩᱫᱤ ᱟᱢᱟᱜ ᱠᱟᱹᱢᱤ ᱴᱷᱟᱹᱣᱠᱟᱹ ᱞᱮᱠᱟᱛᱮᱢ ᱠᱚᱨᱟᱣ ᱠᱮᱭᱟ ᱮᱱᱠᱷᱟᱱ ᱱᱚᱶᱟ ᱫᱚ ᱵᱟᱝ ᱦᱩᱭ ᱠᱚᱜᱼᱟ ᱾
तुम कभी कपड़े भी तह नहीं करती हो।,ᱟᱢ ᱞᱩᱜᱽᱲᱤ ᱮᱠᱟᱞ ᱟᱞᱚᱢ ᱞᱟᱹᱴᱩᱢᱼᱟ ᱾
बर्तन कभी ठीक से साफ़ नहीं होते।,ᱛᱷᱟᱹᱨᱤ ᱵᱟᱹᱴᱤ ᱥᱟᱯᱷᱟ ᱜᱮ ᱵᱟᱝ ᱛᱟᱦᱮᱱᱟ ᱾
तुम्हें वॉशिंग मशीन की वजह से कभी कपड़े भी नहीं धोने पड़ते!,ᱳᱣᱟᱥᱤᱝ ᱢᱮᱥᱤᱱ ᱢᱮᱱᱟᱜᱛᱮ ᱟᱢ ᱞᱩᱜᱽᱲᱤ ᱦᱚᱸ ᱵᱟᱝ ᱥᱚᱵᱚᱫᱽ ᱦᱩᱭᱩᱜ ᱛᱟᱢᱟ !
ऐसे थोड़ी होता है।,ᱱᱚᱶᱟ ᱠᱚᱫᱚ ᱵᱟᱝ ᱠᱚᱨᱟᱣ ᱦᱩᱭᱩᱜᱼᱟ ᱾
"मेरे से जितना बनता है मैं करती हूँ, मैम।","ᱡᱟᱦᱟᱸ ᱛᱤᱱᱟᱹᱜ ᱤᱧ ᱫᱟᱲᱮᱭᱟᱜ, ᱢᱟᱪᱮᱛᱟᱱᱤ ᱾"
मुझे जवाब मत दो।,ᱤᱧ ᱥᱟᱶ ᱟᱞᱚᱢ ᱨᱚᱯᱚᱲᱼᱟ ᱾
"घर पर ही रहो, आराम करो।","ᱚᱲᱟᱜ ᱨᱩᱣᱟᱹᱲ ᱢᱮ, ᱡᱤᱨᱟᱹᱜ ᱢᱮ ᱾"
तुम्हें मेरे यहाँ काम पर अब आने की ज़रूरत नहीं है।,ᱟᱢ ᱫᱚ ᱤᱧᱟᱜ ᱠᱟᱹᱢᱤ ᱞᱟᱹᱜᱤᱫ ᱟᱨ ᱦᱤᱡᱩᱜ ᱵᱟᱝ ᱦᱩᱭᱩᱜ ᱛᱟᱢᱟ ᱾
मैं तुम्हें निकाल रही हूँ।,ᱤᱧ ᱟᱢᱤᱧ ᱥᱟᱦᱟᱭᱮᱫ ᱢᱮᱭᱟ ᱾
वाओ! ये तो बहुत शानदार है।,ᱳᱦ ᱪᱮᱫ ᱢᱚᱸᱡᱽ ! ᱦᱮᱸ ᱥᱮ ᱥᱳᱣᱟᱱᱠᱤ ᱾
तुमने कब ली?,ᱟᱢ ᱫᱚ ᱱᱚᱶᱟ ᱛᱤᱱᱨᱮᱢ ᱧᱟᱢ ᱟᱠᱟᱰᱟ ?
"मैं ड्राइव कर सकता हूँ, प्लीज़?","ᱫᱟᱭᱟ ᱠᱟᱛᱮ , ᱤᱧ ᱪᱮᱫ ᱤᱧ ᱰᱨᱟᱭᱤᱵᱷ ᱫᱟᱲᱮᱭᱟᱜᱼᱟ ?"
पक्का तुम्हें चलाना आता है?,ᱱᱤᱦᱟᱹᱛ ᱜᱤ ᱟᱢᱮᱢ ᱫᱟᱲᱮᱭᱟᱜᱼᱟ ?
मैं इस ब्यूटी को ख़राब नहीं करना चाहता।,ᱤᱧ ᱱᱚᱣᱟ ᱵᱷᱟᱜᱤᱭᱟᱜ ᱨᱮᱭᱟᱜ ᱡᱟᱦᱟᱸᱱ ᱵᱟᱹᱲᱤᱡᱽ ᱵᱟᱧ ᱠᱷᱚᱡᱽᱠᱟᱱᱟ ᱾
क्यों नहीं!?,ᱪᱮᱫᱟᱜ ᱵᱟᱝ !?
मैं कोशिश कर सकता हूँ।,ᱤᱧ ᱠᱩᱨᱩᱢᱩᱴᱩ ᱫᱟᱲᱮᱭᱟᱜᱼᱟ ᱾
तुम्हारे पास इंश्योरेंस नहीं है क्या?,ᱟᱢ ᱠᱤ ᱤᱱᱥᱩᱨᱮᱱᱥ ᱵᱟᱹᱱᱩᱜᱛᱟᱢᱟ ?
हाहा..सॉरी मैं मज़ाक कर रहा था।,ᱦᱟᱦᱟᱦᱟᱹᱹ ᱤᱠᱟᱹᱧ ᱢᱮ ᱤᱧ ᱫᱚᱧ ᱢᱚᱡᱟᱭᱮᱫ ᱠᱟᱱ ᱛᱟᱦᱮᱸᱠᱟᱱᱟ ᱾
तुम्हें अभी अपना चेहरा देखना चाहिए था।,ᱱᱤᱛᱚᱜ ᱟᱢ ᱫᱚ ᱟᱢᱟᱜ ᱢᱮᱫᱽᱦᱟ ᱧᱮᱞ ᱞᱟᱹᱜᱛᱤᱠᱟᱱ ᱛᱟᱢᱟ ᱾
क्या फालतू की बात है ये?,ᱪᱮᱫ ᱵᱟᱹᱲᱤᱡᱽ ᱦᱟᱞᱚᱛ ?
मेरी कार को लेकर मज़ाक मत करो!,ᱤᱧᱟᱜ ᱜᱟᱹᱰᱤ ᱛᱩᱞᱩᱡᱽ ᱡᱳᱠᱥ ᱫᱚ ᱵᱟᱝ ᱢᱟᱱᱟᱜᱼᱟ !
तुम जितना चाहो तो मेरी लाइफ़ पर मज़ाक कर सकते हो।,ᱟᱢᱮᱢ ᱠᱷᱚᱡᱽ ᱠᱷᱟᱱ ᱤᱧᱟᱜ ᱡᱤᱭᱚᱱ ᱵᱟᱵᱚᱫᱽᱮᱢ ᱡᱳᱠᱥ ᱫᱟᱲᱮᱭᱟᱜᱼᱟ ᱾
"खैर, ये लो।","ᱡᱟᱦᱟᱸ ᱜᱮ ᱦᱩᱭᱩᱜ, ᱱᱚᱸᱰᱮ ᱪᱟᱞᱟᱜ ᱢᱮ ᱾"
चलो थोड़ा चक्कर लगा कर आते हैं।,ᱟᱹᱪᱩᱨ ᱞᱟᱹᱜᱤᱫ ᱦᱟᱛᱟᱣᱚᱜ ᱢᱟ ᱾
तुमने अभी तक इसका नाम नहीं रखा?,ᱱᱤᱛ ᱦᱚᱸ ᱩᱱᱤᱭᱟᱜᱮᱢ ᱧᱩᱛᱩᱢᱮᱫᱟ ?
तुम्हें अपनी कार का नाम रखना चाहिए।,ᱟᱢᱟᱜ ᱜᱟᱹᱰᱤ ᱨᱮᱭᱟᱜ ᱧᱩᱛᱩᱢ ᱮᱢᱦᱩᱭᱩᱜᱼᱟ ᱾
हाहा सही है!,ᱦᱟ ᱦᱟ ᱦᱮᱸ !
मैं इसे एथीना बुलाउंगा।,ᱤᱧ ᱫᱚ ᱚᱱᱟ ᱟᱛᱷᱮᱱᱟᱧ ᱧᱩᱛᱩᱢ ᱞᱟᱹᱜᱤᱫ ᱾
"तुम और तुम्हारे ग्रीक नाम, यार!","ᱟᱢ ᱟᱨ ᱟᱢᱟᱜ ᱜᱨᱤᱠ ᱧᱩᱛᱩᱢ, ᱢᱟᱹᱱᱢᱤ !"
ओह! इंजन की आवाज़।,ᱳᱦ ! ᱤᱧᱡᱤᱱ ᱨᱮᱭᱟᱜ ᱥᱟᱰᱮ ᱾
एकदम कूल!,ᱟᱹᱰᱤ ᱢᱟᱹᱦᱤᱨ !
और स्मूद भी है।,ᱟᱨ ᱱᱤᱭᱟᱹ ᱫᱚ ᱟᱹᱰᱤ ᱞᱮᱧᱡᱮᱨ ᱾
यह तो तुम्हें बहुत महँगी पड़ी होगी।,ᱱᱤᱭᱟᱹ ᱫᱚ ᱟᱢ ᱞᱟᱹᱜᱤᱫ ᱟᱹᱰᱤ ᱡᱟᱹᱥᱛᱤ ᱾
"अगर मेरे पापा अमीर नहीं होते, तो पड़ती।",ᱤᱧ ᱵᱟᱵᱟ ᱠᱤᱥᱟᱹᱲ ᱵᱟᱭ ᱛᱟᱦᱮᱸᱞᱮᱱᱠᱷᱟᱱ ᱱᱚᱣᱟ ᱦᱩᱭ ᱠᱚᱜᱼᱟ ᱾
"तो यह गिफ़्ट है, यार!","ᱱᱤᱭᱟᱹ ᱫᱚ ᱢᱤᱫᱴᱟᱝ ᱥᱟᱸᱫᱮᱥ ᱠᱟᱱᱟ, ᱢᱟᱱᱣᱟ !"
"अपनी सैलरी पर तो मैं आईफ़ोन भी नहीं ले सकता, फेरारी तो दूर की बात है।",ᱤᱧᱟᱜ ᱢᱟᱹᱱᱦᱟᱹ ᱠᱟᱹᱣᱰᱤᱛᱮ ᱢᱤᱫᱴᱟᱝ ᱟᱭᱯᱷᱳᱱ ᱜᱤ ᱵᱟᱝ ᱦᱩᱭᱩᱜᱼᱟ ; ᱦᱟᱹᱲᱤᱧ ᱠᱟᱜ ᱢᱮ ᱯᱷᱮᱨᱟᱨᱤ ᱾
"तो, तुम्हें कैसी लगी?","ᱟᱫᱚ, ᱟᱢ ᱫᱚ ᱚᱱᱟ ᱪᱮᱫ ᱞᱮᱠᱟᱛᱮᱢ ᱠᱩᱥᱤᱭᱟᱜ ᱠᱟᱱᱟ ?"
यह राहुल वाली से बेहतर है ना?,ᱩᱱᱤ ᱫᱚ ᱪᱮᱫ ᱨᱟᱦᱩᱞ ᱠᱷᱚᱱ ᱵᱟᱭ ᱵᱷᱟᱜᱮ ᱜᱤᱭᱟ ?
बिल्कुल!,ᱱᱤᱦᱟᱹᱛ ᱜᱮ !
ये फेरारी है।,ᱱᱤᱭᱟᱹ ᱫᱚ ᱯᱷᱮᱨᱟᱨᱤ ᱾
तुम्हें कार के पीछे 'डैड की गिफ़्ट' लिखवा लेना चाहिए।,ᱟᱢᱟᱜ ᱛᱟᱭᱚᱢᱨᱮ ᱚᱞ 'ᱵᱟᱵᱟᱣᱟᱜ ᱥᱟᱸᱫᱮᱥ' ᱧᱟᱢ ᱞᱟᱹᱜᱛᱤ ᱠᱟᱱᱟ ᱾
हाहा! यह गुड़गाँव नहीं है।,ᱦᱟ ᱦᱟ ! ᱱᱤᱭᱟᱹ ᱫᱚ ᱜᱩᱲᱜᱟᱸᱣ ᱫᱚ ᱵᱟᱝ ᱾
मैं जब भी इसे बाहर ले जाऊँगा तो शर्म के मारे मर ही जाऊँगा।,ᱤᱧ ᱛᱤᱱᱨᱮ ᱩᱱᱤᱧ ᱚᱰᱚᱠ ᱤᱫᱤᱭᱮᱭᱟ ᱩᱱᱨᱮᱜᱮ ᱤᱧ ᱫᱚ ᱛᱷᱚᱛᱚᱢᱚᱛᱚ ᱠᱟᱛᱮᱧ ᱜᱚᱡᱚᱜᱼᱟ ᱾
लोग इन चीज़ों को लेकर इतने कॉन्फ़िडेंट कैसे होते हैं?,ᱱᱚᱣᱟᱠᱩ ᱫᱩᱨᱤᱵᱽᱨᱮ ᱢᱟᱹᱱᱢᱤ ᱪᱮᱠᱟᱛᱮ ᱱᱩᱱᱟᱹᱜ ᱫᱤᱞᱜᱟᱹᱨᱤᱭᱟᱭ ᱦᱩᱭ ᱫᱟᱲᱮᱭᱟᱜᱼᱟ ?
क्योंकि उनके डैड अमीर होते हैं।,ᱪᱮᱫᱟᱜ ᱥᱮ ᱩᱝᱠᱩᱨᱮᱱ ᱠᱤᱥᱟᱹᱲ ᱵᱟᱵᱟ ᱢᱮᱱᱟᱜ ᱠᱩᱣᱟ ᱾
हाहा! इससे उन्हें ज़्यादा बढ़ावा मिलता है।,ᱦᱟ ᱦᱟ ! ᱱᱤᱭᱟᱹ ᱫᱚ ᱩᱝᱠᱩ ᱵᱟᱹᱬᱛᱤ ᱩᱫᱜᱟᱹᱣᱮ ᱮᱢᱟᱢᱟ ᱾
"हाँ, शायद।","ᱦᱮᱸ, ᱤᱧ ᱟᱭᱩᱢᱟᱹᱱᱮᱫᱟ ᱾"
कुछ खाने के लिए रुकें क्या?,"ᱢᱤᱫ ᱜᱷᱟᱹᱲᱤᱵᱚᱱ ᱛᱷᱤᱨ ᱞᱮᱜᱮ, ᱟᱞᱮ ᱦᱚᱸ ?"
हाँ बिल्कुल!,ᱱᱤᱦᱟᱹᱛ ᱜᱮ !
"देखो तो, लोग कैसे घूर रहे हैं।",ᱞᱟᱸᱜᱟᱣᱟᱠᱟᱱ ᱦᱚᱲᱠᱩ ᱥᱮᱡᱽ ᱠᱚᱭᱚᱜ ᱢᱮ ᱾
एकदम कूल!,ᱟᱹᱰᱤ ᱢᱟᱹᱦᱤᱨ !
"हैलो राहुल, मैंने हाल ही में द कश्मीर फ़ाइल्स देखी।","ᱟᱨᱮ ᱨᱟᱦᱩᱞ, ᱱᱮᱦᱟᱹᱞᱤ ᱜᱮ ᱠᱟᱥᱢᱤᱨ ᱯᱷᱟᱭᱤᱞ ᱤᱧ ᱧᱮᱞ ᱟᱠᱟᱫᱟ ᱾"
सभी कलाकारों ने क्या बढ़िया परफ़ॉर्मेंस दी है!,ᱥᱟᱱᱟᱢ ᱵᱷᱮᱜᱟᱨ ᱠᱟᱥᱴ ᱨᱟᱹᱥᱤᱭᱟᱹ ᱦᱚᱛᱮᱛᱮ ᱟᱹᱰᱤ ᱦᱟᱦᱟᱲᱟ ᱪᱮᱫ ᱯᱟᱨᱯᱷᱚᱨᱢᱮᱱᱥ !
मैं तो ख़ास तौर पर भाषा सुंबली की परफ़ॉर्मेंस देखती रह गई!,ᱵᱷᱟᱥᱟ ᱥᱩᱢᱵᱚᱞᱤ ᱟᱜ ᱯᱟᱴ ᱧᱮᱞᱛᱮ ᱤᱧ ᱵᱷᱟᱜᱮ ᱞᱮᱠᱟᱧ ᱢᱚᱜᱚᱱ ᱞᱮᱱᱟ ᱾
हाँ; उसका कैरेक्टर निभाना बहुत मुश्किल था।,ᱦᱮᱸ; ᱩᱱᱤ ᱪᱩᱨᱤᱛᱨᱮ ᱥᱟᱡᱟᱣ ᱥᱟᱯᱲᱟᱣ ᱮ ᱫᱚ ᱟᱹᱰᱤ ᱪᱮᱹᱞᱮᱧᱡᱽ ᱨᱮᱭᱟᱜ ᱛᱟᱦᱮᱸ ᱠᱟᱱᱟ ᱾
सुंबली ने शारदा पंडित के कैरेक्टर से पूरी जस्टिस की है।,ᱥᱩᱢᱵᱚᱞᱤ ᱫᱚ ᱥᱟᱨᱚᱫᱟ ᱯᱚᱱᱰᱤᱛ ᱪᱩᱨᱤᱛ ᱨᱮᱭᱟᱜ ᱯᱩᱨᱟᱹ ᱯᱩᱨᱤ ᱥᱟᱹᱨᱤ ᱵᱤᱪᱟᱹᱨ ᱞᱮᱫᱟ ᱾
तुम्हें पता है कि सुंबली कश्मीरी खुद भी पंडित कम्यूनिटी से है?,ᱟᱢ ᱪᱮᱫ ᱵᱟᱰᱟᱭᱢ ᱡᱮ ᱥᱩᱢᱵᱚᱞᱤ ᱫᱚ ᱟᱡᱜᱮ ᱠᱟᱥᱢᱤᱨᱤ ᱯᱚᱱᱰᱤᱛ ᱜᱟᱛᱟᱠ ᱨᱮᱱ ᱠᱟᱱᱟᱭ ?
"हाँ, मुझे हाल ही में इस बारे में पता चला था।","ᱦᱮᱸ, ᱱᱮᱦᱟᱹᱞᱤ ᱜᱮ ᱱᱚᱶᱟ ᱫᱚᱧ ᱵᱟᱰᱟᱭ ᱟᱠᱟᱫᱟ ᱾"
मैं तो खास कर इस बात से हैरान हूँ कि उसने अपने डेब्यू में कितना अच्छा काम किया है!,ᱤᱧ ᱵᱤᱥᱮᱥ ᱠᱟᱭᱛᱧ ᱦᱟᱦᱟᱲᱟ ᱟᱠᱟᱱᱟ ᱡᱮ ᱟᱡᱟᱜ ᱵᱟᱦᱟᱨᱮ ᱛᱤᱱᱟᱹᱜ ᱮ ᱵᱷᱟᱜᱮ ᱟᱠᱟᱫᱟ !
"अरे नहीं, कश्मीर फ़ाइल्स सुंबली की डेब्यू नहीं है!","ᱳᱦ ᱵᱟᱝ, ᱫᱟ ᱠᱟᱥᱢᱤᱨ ᱯᱷᱟᱭᱤᱞ ᱥᱩᱢᱵᱚᱞᱤ ᱟᱜ ᱵᱟᱦᱟᱞ ᱫᱚ ᱵᱟᱝ ᱠᱟᱱᱟ !"
वो इससे पहले 2020 में आई फ़िल्म छपाक में छोटा-सा रोल कर चुकी है।,ᱩᱱᱤ ᱫᱚ ᱱᱚᱶᱟ ᱞᱟᱦᱟᱨᱮ ᱒᱐᱒᱐ ᱥᱟᱞ ᱨᱮᱭᱟᱜ ᱪᱷᱚᱯᱟᱠ ᱪᱚᱞᱚᱛᱪᱤᱛᱟᱹᱨ ᱨᱮ ᱢᱤᱫᱴᱟᱝ ᱦᱩᱰᱤᱧ ᱪᱩᱨᱤᱛ ᱨᱮᱭ ᱯᱟᱴ ᱞᱮᱫᱟ ᱾
"ऐसा क्या, क्या था उसका रोल?","ᱚᱱᱟ ᱜᱮ, ᱩᱱᱤᱭᱟᱜ ᱪᱩᱨᱤᱛ ᱪᱮᱫ ᱛᱟᱦᱮᱸ ᱠᱟᱱᱟ ?"
"वो बशीर खान की बहन बनी थी, वह आदमी जो मालती के चेहरे पर एसिड फेंकता है।","ᱩᱱᱤ ᱫᱚ ᱵᱚᱥᱤᱨ ᱠᱷᱟᱱ ᱨᱮᱱ ᱵᱚᱦᱤᱱ ᱟᱜ ᱪᱩᱨᱤᱛ ᱨᱮᱭ ᱛᱟᱦᱮᱸ ᱠᱟᱱᱟ, ᱡᱟᱦᱟᱸᱭ ᱫᱚ ᱢᱟᱞᱚᱛᱤ ᱟᱜ ᱢᱮᱸᱫᱟᱦᱟ ᱨᱮ ᱮᱥᱤᱰ ᱮ ᱟᱨᱮᱡ ᱟᱫᱮ ᱛᱟᱦᱮᱸ ᱾"
"अच्छा, मुझे लगता था कि यही उसका पहला रोल है।","ᱤᱧ ᱧᱮᱞ ᱮᱫᱟ, ᱢᱚᱱᱮ ᱞᱮᱫᱟᱹᱧ ᱡᱮ ᱱᱚᱶᱟ ᱜᱮ ᱩᱱᱤᱭᱟᱜ ᱯᱳᱭᱞᱳ ᱪᱩᱨᱤᱛ ᱾"
मैंने पढ़ा था कि क्लाइमैक्स की शूटिंग के दौरान सुंबली भी रो पड़ी थी।,ᱯᱟᱲᱦᱟᱣ ᱞᱮᱫᱟᱹᱧ ᱠᱞᱟᱭᱢᱮᱠᱥ ᱨᱮᱭᱟᱜ ᱥᱩᱴᱤᱝ ᱚᱠᱛᱮ ᱥᱩᱢᱵᱚᱞᱤ ᱦᱚᱸᱭ ᱠᱟᱹᱦᱤᱞ ᱞᱮᱱᱟ ᱾
"हाँ, वह सीन बहुत खौफनाक है और यह असल घटनाओं पर होने के कारण इसे देखना और भी मुश्किल हो जाता है, एक्टिंग तो दूर की बात है।","ᱦᱮᱸ ᱪᱤᱛᱟᱹᱨ ᱫᱚ ᱟᱹᱰᱤ ᱵᱮᱼᱵᱟᱹᱲᱤᱡ ᱟᱨ ᱥᱟᱹᱨᱤᱭᱟᱜ ᱜᱷᱚᱴᱚᱱ ᱠᱚ ᱪᱮᱛᱟᱱᱨᱮ ᱴᱮᱸᱦᱟᱴ ᱠᱟᱛᱮ ᱧᱮᱞ ᱞᱟᱹᱜᱤᱫ ᱱᱚᱶᱟ ᱫᱚ ᱟᱨᱦᱚᱸ ᱟᱱᱟᱴᱚᱜᱼᱟ, ᱥᱟᱹᱨᱤᱭ ᱦᱩᱭᱩᱜᱼᱟ ᱾"
तुम्हें मालूम है कि अनुपम खेर भी कश्मीरी पंडित हैं?,ᱟᱢ ᱪᱮᱫ ᱵᱟᱰᱟᱭ ᱟᱢ ᱡᱮ ᱚᱱᱩᱯᱚᱢ ᱠᱷᱮᱨ ᱦᱚᱸ ᱠᱟᱥᱢᱤᱨᱤ ᱯᱚᱱᱰᱤᱛ ᱵᱚᱝᱥᱚ ᱨᱮᱱ ᱠᱟᱱᱟᱭ ?
"हाँ, अपनी माँ की तरफ़ से।",ᱦᱮᱸ ᱟᱡ ᱟᱭᱳ ᱪᱮᱫ ᱠᱷᱚᱱ ᱾
और उनके कैरेक्टर पुष्कर नाथ पंडित का नाम उनके पिता के नाम पर रखा गया है।,"ᱟᱨ ᱩᱱᱤᱭᱟᱜ ᱪᱩᱨᱤᱛ, ᱯᱩᱥᱠᱚᱨ ᱱᱟᱛᱷ ᱯᱚᱱᱰᱤᱛ, ᱟᱡ ᱵᱟᱵᱟ ᱟᱜ ᱧᱩᱛᱩᱢᱛᱮ ᱪᱷᱟᱹᱴᱤᱭᱟᱹᱨ ᱟᱠᱟᱱᱟ ᱾"
"वो एकदम नेचुरल एक्टर हैं, उनकी एक्टिंग कितनी सहज लगती है!","ᱩᱱᱤ ᱫᱚ ᱱᱚᱝᱠᱟᱱ ᱢᱤᱫ ᱥᱟᱹᱵᱤᱠ ᱯᱟᱴᱷᱚᱠᱤᱭᱟᱹ, ᱩᱱᱤ ᱟᱜ ᱯᱟᱴ ᱫᱚ ᱟᱹᱰᱤ ᱟᱞᱜᱟ !"
"हाँ, तुम्हें उनकी धोखा, अ वेड्नेसडे और कर्मा भी देखनी चाहिए।","ᱦᱮᱸ, ᱟᱢ ᱫᱚ ᱫᱷᱳᱠᱟ, ᱢᱤᱫᱴᱟᱝ ᱥᱟᱹᱜᱩᱱ ᱢᱟᱦᱟ ᱟᱨ ᱠᱚᱨᱢᱚ ᱨᱮᱦᱚᱸ ᱧᱮᱞ ᱞᱟᱹᱠᱛᱤ ᱠᱟᱱᱟ ᱾"
अनुभवी कलाकारों ने एकदम सजीव परफ़ॉर्मेंस दी है!,ᱜᱟᱹᱠᱷᱩᱲ ᱮᱱᱥᱮᱢᱵᱚᱞ ᱠᱟᱥᱴ ᱡᱟᱦᱟᱸ ᱞᱮᱠᱟ ᱯᱟᱹᱛᱤᱭᱟᱹᱣ ᱟᱱᱟᱜ ᱯᱟᱨᱯᱷᱚᱨᱢᱮᱱᱥ ᱥᱟᱨᱵᱷᱟᱨ ᱟᱭ !
पुनीत इस्सर को डी.जी.पी. हरि नारायण के रोल में देखकर अच्छा लगा।,ᱯᱩᱱᱤᱛ ᱤᱥᱟᱨ ᱫᱚ ᱰᱤ ᱡᱤ ᱯᱤ ᱦᱚᱨᱤ ᱱᱟᱨᱟᱭᱚᱱ ᱟᱜ ᱪᱩᱨᱤᱛᱨᱮ ᱧᱮᱞᱛᱮ ᱟᱹᱰᱤ ᱵᱷᱟᱜᱮᱭ ᱟᱴᱠᱟᱨ ᱞᱮᱫᱟ ᱾
उसी ने बी.आर. चोपड़ा की महाभारत में दुर्योधन की भूमिका निभाई थी न?,ᱩᱱᱤ ᱪᱮᱫ ᱵᱤ ᱟᱨ ᱢᱚᱦᱟᱵᱷᱟᱨᱚᱛ ᱨᱮ ᱫᱩᱨᱡᱳᱫᱷᱚᱱ ᱟᱜ ᱪᱩᱨᱤᱛ ᱨᱮᱫᱚ ᱵᱟᱭ ᱯᱟᱴ ᱟᱠᱟᱫᱟ ?
"हाँ वही था, फिर मिथुन चक्रवर्ती भी आई.ए.एस. ऑफ़िसर ब्रह्म दत्त की भूमिका में थे।","ᱦᱮᱸ ᱩᱱᱤᱭ ᱠᱚᱨᱟᱣ ᱟᱠᱟᱫᱟ, ᱚᱱᱟ ᱛᱟᱭᱚᱢ ᱟᱭ ᱮ ᱮᱥ ᱚᱯᱷᱤᱥᱟᱨ ᱵᱨᱚᱢᱵᱷ ᱫᱚᱛᱛᱚ ᱟᱜ ᱪᱩᱨᱤᱛᱨᱮ ᱢᱤᱴᱷᱩᱱ ᱪᱚᱠᱨᱚᱵᱚᱨᱛᱤ ᱦᱚᱸᱭ ᱛᱟᱦᱮᱸ ᱠᱟᱱᱟ ᱾"
यहाँ तक कि अमान इकबाल और दर्शन कुमार जैसे नए टैलेंट भी होनहार हैं।,ᱱᱚᱝᱠᱟ ᱪᱮᱫ ᱟᱢᱟᱱ ᱤᱠᱵᱟᱞ ᱟᱨ ᱫᱚᱨᱥᱚᱱ ᱠᱩᱢᱟᱨ ᱞᱮᱠᱟᱱ ᱞᱟᱥᱮᱨ ᱦᱟᱛᱟᱝ ᱠᱚ ᱦᱚᱸ ᱠᱤᱨᱭᱟᱹ ᱠᱚ ᱦᱟᱛᱟᱣ ᱮᱫᱟ ᱾
अनुभवी एक्टर से मुझे लक्ष्मी दत्त के रोल में मृणाल कुलकर्णी की याद आ गई।,ᱯᱩᱨᱩᱫᱷᱩᱞ ᱯᱟᱴᱷᱚᱠᱤᱭᱟᱹ ᱠᱚ ᱫᱚ ᱤᱧ ᱞᱚᱠᱷᱤ ᱫᱚᱛᱛᱚ ᱟᱜ ᱪᱩᱨᱤᱛᱨᱮ ᱢᱨᱤᱱᱟᱞ ᱠᱩᱞᱚᱠᱟᱨᱱᱤ ᱟᱜ ᱠᱟᱛᱷᱟ ᱠᱚ ᱫᱤᱥᱟᱹ ᱟᱫᱤᱧ ᱛᱟᱦᱮᱸ ᱾
मुझे वह सोन परी में बहुत अच्छी लगती थी।,ᱤᱧ ᱩᱱᱤᱧ ᱫᱩᱞᱟᱹᱲ ᱮᱫᱮ ᱠᱟᱱ ᱛᱟᱦᱮᱸ ᱥᱳᱱᱟ ᱯᱚᱨᱤ ᱾
पल्लवी जोशी की परफ़ॉर्मेंस भी वाकई बेहतरीन है।,ᱯᱚᱞᱞᱚᱵᱤ ᱡᱳᱥᱤ ᱟᱜ ᱯᱟᱴ ᱦᱚᱸ ᱥᱟᱹᱨᱤ ᱜᱮ ᱟᱹᱰᱤ ᱱᱟᱯᱟᱭ ᱾
"जिसने भी फ़िल्म देखी, उसे प्रोफ़ेसर राधिका मेनन से नफ़रत हो गई, सिर्फ उनकी बेहतरीन एक्टिंग की वजह से।","ᱡᱟᱦᱟᱸᱭ ᱠᱚ ᱪᱤᱛᱟᱹᱨ ᱠᱚ ᱧᱮᱞ ᱟᱠᱟᱫᱟ ᱥᱟᱱᱟᱢ ᱠᱚᱜᱮ ᱥᱟᱪᱮᱫ ᱨᱟᱫᱷᱤᱠᱟ ᱢᱮᱱᱚᱱ ᱠᱚ ᱦᱤᱨᱠᱷᱟᱹ ᱟᱭᱟ, ᱩᱱᱤᱭᱟᱜ ᱱᱟᱯᱟᱭ ᱯᱟᱴ ᱠᱷᱟᱹᱛᱤᱨ ᱾"
सच में! नेगेटिव रोल करना आसान नहीं है लेकिन जोशी ने कर दिखाया!,ᱥᱟᱹᱨᱤ ᱜᱮ ! ᱱᱮᱛᱤᱵᱟᱪᱚᱠ ᱪᱩᱨᱤᱛᱨᱮ ᱯᱟᱴ ᱫᱚ ᱵᱟᱝ ᱟᱞᱜᱟᱼᱟ ᱢᱮᱱᱠᱷᱟᱱ ᱡᱳᱥᱤ ᱪᱮᱫ ᱰᱮᱞᱤᱵᱷᱟᱨᱤ ᱟᱭ !
वो पर्दे पर बहुत कम देर के लिए थी तब भी उनके किरदार ने ज़ोरदार असर डाला।,ᱩᱱᱤᱭᱟᱜ ᱥᱨᱠᱤᱱ ᱚᱠᱛᱚ ᱟᱹᱰᱤ ᱠᱚᱢ ᱛᱟᱦᱮᱸ ᱠᱟᱱᱟ ᱮᱱᱨᱮᱦᱚᱸ ᱩᱱᱤᱭᱟᱜ ᱟᱸᱠ ᱢᱤᱫᱴᱟᱝ ᱟᱹᱰᱤ ᱜᱮᱭ ᱮᱥᱮᱨᱼᱟ ᱾
हर एक एक्टर ने अपने रोल को बखूबी निभाया!,ᱥᱟᱱᱟᱢ ᱢᱤᱫ ᱯᱟᱴᱷᱚᱠᱤᱭᱟᱹ ᱮᱠᱟᱞᱛᱮ ᱟᱠᱚᱣᱟᱜ ᱦᱤᱸᱥ ᱠᱚ ᱮᱠᱥᱤᱰᱼᱟ ᱾
"गुड डे, जेंटलमैन और आर्टिस्ट गैलेरिया में स्वागत है!","ᱥᱟᱹᱜᱩᱱ ᱢᱟᱦᱟᱸ, ᱢᱟᱹᱱᱟᱱ ᱜᱚᱝᱠᱮ, ᱟᱨ ᱟᱨᱴᱤᱥᱴ ᱜᱮᱞᱟᱨᱤᱨᱮ ᱟᱢ ᱥᱟᱹᱜᱩᱱ ᱫᱟᱨᱟᱢ !"
"धन्यवाद, आपसे मिलकर अच्छा लगा!","ᱟᱭᱢᱟ ᱥᱟᱨᱦᱟᱣ, ᱟᱢ ᱥᱟᱶ ᱧᱟᱯᱟᱢᱠᱟᱛᱮ ᱵᱷᱟᱜᱤᱧ ᱵᱩᱡᱽᱠᱮᱫᱟ !"
क्या आपको कोई मदद चाहिए?,ᱟᱢ ᱠᱤ ᱡᱟᱦᱟᱸᱱ ᱜᱚᱲᱚᱢ ᱠᱷᱚᱡᱽᱠᱟᱱᱟ ?
"जी, ज़रूर।","ᱦᱮᱸ, ᱠᱷᱚᱡᱽ ᱠᱟᱹᱱᱟᱹᱧ ᱾"
"सर, हम कह सकते हैं कि कला कई तरह की होती हैं।","ᱜᱚᱝᱠᱮ, ᱟᱞᱮᱞᱮ ᱢᱮᱱ ᱫᱟᱲᱮᱭᱟᱜᱼᱟ ᱡᱮ ᱱᱚᱸᱰᱮ ᱟᱭᱢᱟᱞᱮᱠᱟᱱ ᱟᱨᱴᱠᱩ ᱢᱮᱱᱟᱜᱼᱟ ᱾"
कौन कौन-से प्रकार हैं कला के?,ᱟᱨᱴ ᱨᱮᱭᱟᱜ ᱡᱩᱫᱟᱹ ᱡᱩᱫᱟᱹ ᱫᱷᱟᱨᱟᱠᱩ ᱫᱚ ᱪᱮᱫ ᱪᱮᱫ ?
कलाएँ सात तरह की होती हैं।,ᱱᱚᱸᱰᱮ ᱮᱭᱟᱭ ᱞᱮᱠᱟᱱ ᱟᱨᱴ ᱨᱮᱟᱭ ᱫᱷᱟᱨᱟᱠᱩ ᱢᱮᱱᱟᱜᱼᱟ ᱾
"इनमें चित्रकला, मूर्तिकला, साहित्य, वास्तुकला, फ़िल्म, संगीत और थियेटर आते हैं।","ᱚᱱᱟᱠᱩ ᱢᱩᱫᱨᱮ ᱪᱤᱛᱟᱹᱨ, ᱫᱷᱤᱨᱤ ᱠᱷᱩᱫᱟᱹᱭᱠᱟᱹᱨᱤ, ᱥᱟᱸᱣᱦᱮᱫ, ᱠᱩᱸᱫᱟᱹᱣ ᱪᱤᱛᱟᱹᱨ, ᱯᱷᱤᱞᱚᱢ, ᱥᱮᱨᱮᱧᱼᱨᱟᱦᱟ ᱟᱨ ᱛᱷᱤᱭᱮᱴᱟᱨ ᱜᱤ ᱾"
अरे वाह बढ़िया!,ᱳᱦ ! ᱟᱹᱰᱤ ᱦᱟᱦᱟᱲᱟᱜᱤ !
"जैसे ही हम कला के बारे में सोचते हैं, तो पहली चीज़ जो ध्यान में आती है, वह है चित्रकला।","ᱛᱤᱱᱨᱮ ᱟᱨᱴ ᱨᱮᱭᱟᱜᱞᱮ ᱪᱤᱱᱛᱟᱹᱭᱟ, ᱯᱟᱹᱦᱤᱞ ᱡᱤᱱᱤᱥ ᱡᱟᱦᱟᱸ ᱫᱚ ᱢᱚᱱᱮᱨᱮ ᱦᱤᱡᱩᱜᱼᱟ ᱚᱱᱟ ᱫᱚ ᱪᱤᱛᱟᱹᱨ ᱾"
चित्रकला की सबसे बड़ी खूबियाँ क्या हैं?,ᱪᱤᱛᱟᱹᱨ ᱨᱮᱭᱟᱜ ᱡᱚᱛᱚᱠᱷᱚᱱ ᱥᱚᱨᱮᱥᱟᱜ ᱩᱨᱜᱟᱹᱱ ᱠᱚᱫᱚ ᱪᱮᱫ ᱪᱮᱫ ᱠᱩ ᱠᱟᱱᱟ ?
चित्रकला मुख्य रूप से अपने कलात्मक विचारों को रंगों के माध्यम से व्यक्त करने का तरीका है।,ᱪᱤᱛᱟᱹᱨᱠᱚᱞᱟ ᱫᱚ ᱦᱩᱭᱩᱜ ᱠᱟᱱᱟ ᱟᱸᱠᱨᱮᱭᱟᱜ ᱮᱛᱚᱦᱚᱯ ᱦᱚᱛᱮᱛᱮ ᱟᱯᱱᱟᱨᱟᱜ ᱠᱟᱹᱨᱤᱜᱚᱞᱟᱱ ᱪᱤᱱᱛᱟᱹᱵᱷᱟᱵᱱᱟ ᱩᱫᱩᱜ ᱨᱮᱭᱟᱜ ᱢᱤᱫᱴᱟᱝ ᱠᱟᱹᱨᱤ ᱾
"रंग करने के कई तरीके हो सकते हैं जैसे ब्रश करना, स्मीयर करना, थपथपा कर लगाना और छींटे मार कर रंगना।","ᱨᱚᱝ ᱫᱚ ᱟᱭᱢᱟᱞᱮᱠᱟᱛᱮ ᱵᱮᱵᱚᱦᱟᱨ ᱫᱟᱲᱮᱭᱟᱜᱼᱟ, ᱡᱟᱦᱟᱸᱠᱩ ᱢᱩᱫᱨᱮ ᱜᱟᱥᱟᱣ, ᱡᱮᱨᱮᱲ, ᱛᱷᱚᱯᱨᱟᱢ ᱟᱨ ᱨᱚᱝ ᱤᱨᱪᱤᱠᱟᱛᱮ ᱟᱸᱠ, ᱡᱚᱛᱚᱞᱮᱠᱟᱱᱟᱜ ᱜᱤ ᱢᱮᱱᱟᱜᱼᱟ ᱾"
चित्रकला की अलग-अलग शैलियाँ कौन-सी हैं?,ᱟᱸᱠ ᱨᱮᱭᱟᱜ ᱡᱩᱫᱟᱹ ᱡᱩᱫᱟᱹ ᱫᱷᱟᱨᱟ ᱠᱩ ᱫᱚ ᱪᱮᱫ ᱪᱮᱫ ?
"चित्रकला की कई शैलियाँ हैं जैसेआधुनिकतावादी, अभिव्यक्तिवादी, शास्त्रीय, अतियथार्थवादी, घनवादी, चीनी शैली, अमूर्त, प्रभाववादी, और कई अन्य भी।","ᱟᱸᱠ ᱨᱮᱭᱟᱜ ᱟᱭᱢᱟ ᱞᱮᱠᱟᱱ ᱫᱷᱟᱨᱟ ᱢᱮᱱᱟᱜᱼᱟ, ᱡᱟᱦᱟᱸᱠᱩ ᱢᱩᱫᱨᱮ ᱟᱫᱷᱩᱱᱤᱠᱚᱛᱟᱵᱟᱹᱫᱤ, ᱚᱵᱷᱤᱵᱮᱠᱛᱤᱵᱟᱹᱫᱤ, ᱥᱟᱥᱛᱨᱤᱭᱚ, ᱯᱚᱨᱟᱵᱟᱥᱛᱚᱵ, ᱠᱤᱣᱵᱤᱥᱴ, ᱪᱤᱱᱟᱹᱥᱚᱭᱞᱤ, ᱵᱤᱢᱩᱨᱛᱚ, ᱯᱨᱚᱛᱤᱛᱤᱵᱟᱹᱫᱤ ᱟᱨᱦᱚᱸ ᱟᱭᱢᱟᱠᱩ ᱾"
ओके। और दूसरी - मूर्तिकला?,ᱴᱷᱤᱠᱜᱮᱭᱟ ᱾ ᱫᱚᱥᱟᱨᱟᱜ ᱼ ᱠᱷᱩᱫᱟᱹᱭᱠᱟᱹᱨᱤᱼᱟᱜ ᱫᱚ ᱪᱮᱫ ᱠᱷᱚᱵᱚᱨ ?
मूर्तिकला एक प्राचीन प्रकार का विज़ुअल आर्ट है जो प्रागैतिहासिक काल का है।,ᱠᱷᱩᱫᱟᱹᱭᱠᱟᱹᱨᱤ ᱫᱚ ᱢᱤᱫᱴᱟᱝ ᱢᱟᱨᱮᱱ ᱞᱮᱠᱟᱱ ᱞᱟᱦᱟᱱᱟᱜᱟᱢ ᱡᱩᱜ ᱨᱮᱭᱟᱜ ᱧᱮᱞᱧᱟᱢᱚᱜᱠᱟᱱ ᱠᱟᱹᱨᱤᱠᱟᱱᱟ ᱾
"मूर्तिकला तीन-आयाम वाली दृश्य छवि है जो मिट्टी, पत्थर, चीनी मिट्टी की चीज़ें, धातु या लकड़ी जैसी पारंपरिक सामग्रियों से बनाई जाती है।","ᱠᱷᱩᱫᱟᱹᱭᱠᱟᱹᱨᱤ ᱫᱚ ᱢᱤᱫᱴᱟᱝ ᱯᱮᱱᱮᱢᱟᱛᱨᱤᱠ ᱧᱮᱞᱧᱟᱢᱚᱜᱠᱟᱱ ᱪᱤᱛᱟᱹᱨ ᱡᱟᱦᱟᱸ ᱫᱚ ᱦᱟᱥᱟ, ᱫᱷᱤᱨᱤ ᱥᱮᱨᱟᱢᱤᱠ ᱫᱷᱟᱹᱛᱩ ᱥᱮ ᱠᱟᱴᱷ ᱞᱮᱠᱟᱱ ᱦᱩᱭᱦᱤᱡᱩᱜᱠᱟᱱ ᱫᱩᱨᱤᱵᱛᱮ ᱵᱮᱱᱟᱜᱼᱟ ᱾"
सबसे प्रसिद्ध प्राचीन मूर्तिकार कौन-कौन हुए हैं?,ᱢᱟᱨᱮᱱ ᱠᱷᱩᱫᱟᱹᱭᱠᱟᱹᱨᱤ ᱢᱩᱫᱨᱮ ᱡᱚᱛᱚᱠᱷᱚᱱ ᱧᱩᱢᱩᱨᱩᱢ ᱚᱠᱚᱭᱠᱚ ᱠᱩ ᱛᱟᱦᱮᱸᱠᱟᱱᱟ ?
माइकल एंजेलो और मायरॉन दो प्रसिद्ध शास्त्रीय मूर्तिकार थे।,ᱢᱟᱭᱠᱮᱞᱮᱱᱡᱮᱞᱳ ᱟᱨ ᱢᱟᱭᱨᱳᱱ ᱠᱤᱱ ᱛᱟᱦᱮᱸᱠᱟᱱᱟ ᱵᱟᱨᱦᱚᱲ ᱧᱩᱢᱩᱨᱩᱢ ᱥᱟᱥᱛᱨᱤᱭᱚ ᱠᱷᱩᱰᱟᱹᱭᱠᱟᱹᱨᱤ ᱾
"तीसरासाहित्य है, है ना?","ᱥᱟᱸᱣᱦᱮᱫ ᱫᱚ ᱛᱮᱥᱟᱨᱟᱜ, ᱥᱮ ᱵᱟᱝ ?"
"सर, हाँ। हर रचनात्मक रूप के पास बताने के लिए एक कहानी होती है।","ᱜᱚᱝᱠᱮ, ᱦᱮᱸᱜᱤ ᱾ ᱢᱤᱢᱤᱫᱽ ᱥᱤᱨᱡᱟᱹᱣᱟᱱᱟᱜ ᱨᱩᱯ ᱨᱮᱭᱟᱜ ᱢᱤᱫᱴᱟᱝ ᱠᱟᱹᱦᱤᱱᱤ ᱢᱮᱱᱟᱜᱼᱟ ᱾"
"वहीं, दूसरी ओर, साहित्य एक प्रकार की भाषा कला है जिसे पढ़ा या बोला जा सकता है।","ᱮᱴᱟᱜ ᱱᱟᱠᱷᱟᱨᱮ ᱫᱚ ᱥᱟᱸᱣᱦᱮᱫ, ᱢᱤᱫᱴᱟᱝ ᱯᱟᱹᱨᱥᱤ ᱠᱟᱹᱨᱤ ᱡᱟᱦᱟᱸ ᱫᱚ ᱯᱟᱲᱦᱟᱣ ᱟᱨ ᱢᱮᱱ ᱜᱟᱱᱚᱜᱼᱟ ᱾"
बिल्कुल ठीक! वास्तुकला एक अलग प्रकार की कला है; भवन निर्माण की कला। ठीक कहा न?,"ᱮᱠᱟᱞᱜᱤ ! ᱠᱩᱸᱫᱟᱹᱣᱠᱟᱹᱨᱤ ᱫᱚ ᱡᱩᱫᱟᱹᱞᱮᱠᱟᱱ ᱠᱟᱹᱨᱤ, ᱱᱤᱭᱟᱹ ᱫᱚ ᱜᱚᱲᱦᱚᱱ ᱵᱮᱱᱟᱣ ᱨᱮᱭᱟᱜ ᱠᱟᱹᱨᱤ ᱠᱟᱱᱟ ᱾ ᱴᱷᱤᱠᱤᱧ ᱞᱟᱹᱭᱮᱫᱟ ?"
"बिल्कुल, सर! विशाल पिरामिड, रोम का कोलीज़ियम, ताज महल, हायाह सोफ़िया और स्टोनहेंज प्राचीन वास्तुशिल्प के बेहतरीन उदाहरण हैं।","ᱱᱤᱦᱟᱹᱛᱜᱤ, ᱜᱚᱝᱠᱮ ! ᱢᱟᱨᱟᱝ ᱯᱤᱨᱟᱢᱤᱰ, ᱨᱳᱢ ᱨᱮᱭᱟᱜ ᱠᱳᱞᱤᱥᱤᱭᱟᱢ, ᱛᱟᱡᱢᱚᱦᱚᱞ, ᱦᱟᱜᱤᱭᱟ ᱥᱳᱯᱷᱤᱭᱟ ᱟᱨ ᱥᱴᱳᱱᱦᱮᱧᱡᱽ ᱢᱟᱨᱮᱱ ᱠᱩᱸᱫᱟᱹᱭᱠᱟᱹᱨᱤ ᱨᱮᱭᱟᱜ ᱦᱟᱦᱟᱲᱟᱣᱟᱱᱟᱜ ᱯᱟᱹᱨᱛᱩᱞ ᱠᱟᱱᱟ ᱾"
अन्य दो सिनेमा और संगीत हैं।,ᱮᱴᱟᱜ ᱵᱟᱨᱮᱭᱟ ᱫᱚ ᱥᱤᱱᱟᱹᱢᱟ ᱟᱨ ᱨᱟᱦᱟ ᱾
मुश्किल से एक सदी पहले बना होने के कारण सिनेमा सात तरह की कलाओं में से सबसे नया है।,"ᱥᱤᱱᱟᱹᱢᱟ ᱫᱚ ᱮᱭᱟᱭ ᱜᱚᱴᱟᱝ ᱠᱟᱹᱨᱤᱠᱩ ᱢᱩᱫᱨᱮ ᱡᱚᱛᱚᱠᱷᱚᱱ ᱱᱟᱶᱟᱱᱟᱜ, ᱡᱟᱦᱟᱸ ᱫᱚ ᱦᱟᱹᱞᱤᱜᱤ ᱞᱟᱦᱟᱱ ᱥᱚᱛᱟᱵᱫᱤᱨᱮ ᱵᱮᱱᱟᱣᱟᱠᱟᱱᱟ ᱾"
"फ़िल्में तीन आयाम वाली दुनिया को दो आयाम वाले रूप में दिखाती हैं, ये एक ऐसी कला है जिसमें हम देखते भी हैं और सुनते भी हैं।","ᱪᱚᱞᱚᱛᱪᱤᱛᱟᱹᱨ ᱫᱚ ᱦᱩᱭᱩᱜᱠᱟᱱᱟ ᱯᱮᱱᱮᱢᱟᱛᱨᱤᱠ ᱫᱷᱟᱹᱨᱛᱤ ᱨᱮᱭᱟᱜ ᱢᱤᱫᱴᱟᱝ ᱵᱟᱨᱢᱟᱛᱨᱤᱠ ᱯᱨᱚᱡᱮᱠᱥᱚᱱ, ᱡᱟᱦᱟᱸ ᱫᱚ ᱟᱵᱩᱣᱟᱜ ᱟᱸᱡᱚᱢ ᱟᱨ ᱧᱮᱞ ᱵᱷᱟᱱᱟᱨ ᱵᱩᱡᱷᱦᱟᱹᱣ ᱫᱟᱲᱮ ᱥᱟᱶᱜᱤ ᱡᱚᱯᱚᱲᱟᱣᱟ ᱾"
"तब हम कह सकते हैं कि संगीत सुनी जाने वाली ध्वनियों और स्पंदनों को व्यवस्थित करने का ऐसा कौशल है जिससे माधुर्य, सामंजस्य, ताल और ध्वनि की क्वालिटी का उपयोग कर के एक संगीत रचना तैयार की जाती है।","ᱛᱟᱦᱚᱞᱮᱵᱩᱱ ᱢᱮᱱ ᱫᱟᱲᱮᱭᱟᱜᱼᱟ ᱡᱮ ᱨᱟᱦᱟ ᱫᱚ ᱦᱩᱭᱩᱜᱠᱟᱱᱟ ᱨᱚᱲ, ᱳᱭᱠᱚᱛᱟᱱ, ᱛᱟᱞ ᱟᱨ ᱟᱲᱟᱝ ᱠᱟᱹᱢᱤᱨᱮ ᱞᱟᱜᱟᱣᱠᱟᱛᱮ ᱥᱮᱨᱮᱧ ᱞᱟᱹᱜᱤᱫ ᱟᱸᱡᱚᱢ ᱞᱮᱠᱟᱱ ᱟᱲᱟᱝ ᱟᱨ ᱟᱲᱟᱝ ᱛᱟᱨᱠᱚ ᱩᱪᱩᱭ ᱨᱮᱭᱟᱜ ᱜᱟᱹᱠᱷᱩᱲ ᱠᱟᱱᱟ ᱾"
ओके। और अब आख़िरी वाली के बारे में?,ᱦᱮᱸ ᱾ ᱟᱫᱚ ᱛᱟᱦᱚᱞᱮ ᱢᱩᱪᱟᱹᱫ ᱨᱮᱭᱟᱜ ᱫᱚ ᱪᱮᱫ ᱵᱮᱯᱟᱨ ?
रंगमंच ऐसी कला है जिसमें कलाकार दृश्य और नाटकीय दोनों तत्वों को साथ ले आता है।,ᱛᱷᱤᱭᱮᱴᱟᱨ ᱫᱚ ᱢᱤᱫ ᱞᱮᱠᱟᱱ ᱠᱟᱹᱨᱤ ᱡᱟᱦᱟᱸᱨᱮ ᱥᱤᱞᱯᱤᱠᱩ ᱧᱮᱞᱚᱜᱚᱜᱼᱟ ᱟᱨ ᱜᱟᱭᱟᱱ ᱨᱮᱭᱟᱜ ᱵᱷᱟᱱᱟᱨ ᱫᱩᱨᱤᱵᱜᱮ ᱠᱟᱹᱢᱤᱨᱮ ᱞᱟᱜᱟᱜᱼᱟ ᱾
"6ठीं सदी ईस्वी से प्राचीन यूनानियों ने जब से रंगमंच का आविष्कार किया, तब से वह सभ्यता का प्रमुख हिस्सा रहा है।","ᱠᱷᱨᱤᱥᱴᱚᱯᱩᱨᱵᱚ ᱖ ᱥᱚᱛᱟᱵᱫᱤ ᱠᱷᱚᱱ, ᱡᱚᱠᱷᱚᱱ ᱢᱟᱨᱮᱱ ᱜᱨᱤᱠ ᱠᱩ ᱛᱷᱤᱭᱮᱴᱟᱨᱠᱩ ᱥᱤᱨᱡᱟᱹᱣ ᱠᱮᱫᱟ, ᱛᱚᱠᱷᱚᱱ ᱠᱷᱚᱱᱜᱮ ᱱᱤᱭᱟᱹ ᱫᱚ ᱥᱚᱵᱵᱷᱚᱛᱟ ᱨᱮᱭᱟᱜ ᱢᱤᱫᱴᱟᱝ ᱦᱤᱸᱥ ᱠᱟᱱᱟ ᱾"
बढ़िया!,ᱟᱹᱫᱤᱢᱚᱡᱽ !
"सर, प्लीज़ हमारी गैलरी को देखें और कमेंट बॉक्स में अपने कमेंट दें।","ᱜᱚᱝᱠᱮ, ᱫᱟᱭᱟᱠᱟᱛᱮ ᱟᱞᱮᱭᱟᱜ ᱜᱮᱞᱟᱨᱤ ᱢᱤᱫᱫᱷᱟᱣ ᱧᱮᱞᱟᱜᱢᱮ ᱟᱨ ᱞᱟᱹᱭᱛᱮᱱᱟᱜ ᱵᱟᱠᱥᱚᱨᱮ ᱟᱢᱟᱜ ᱫᱟᱢᱟᱱ ᱞᱟᱹᱭᱛᱮᱱᱟᱜ ᱚᱞ ᱠᱟᱜᱼᱢᱮ ᱾"
"बिल्कुल, धन्यवाद!","ᱱᱤᱦᱟᱹᱛᱜᱤ, ᱟᱭᱢᱟ ᱥᱟᱨᱦᱟᱣ !"
हाय नमन! मैं राहुल।,"ᱦᱟᱭ, ᱱᱟᱢᱚᱱ ! ᱤᱧ ᱫᱚ ᱨᱟᱦᱩᱞ ᱾"
कैसे हो?,ᱪᱮᱫ ᱠᱚᱢ ᱪᱤᱠᱟᱹᱭᱮᱫᱟ ?
"हाय, राहुल! मुझे बहुत अच्छा लगा तुमने कॉल किया।","ᱦᱟᱭ, ᱨᱟᱦᱩᱞ ! ᱤᱧᱮᱢ ᱦᱚᱦᱚ ᱟᱹᱫᱤᱧᱟ ᱟᱹᱰᱤᱧ ᱠᱩᱥᱤᱭᱮᱱᱟ ᱾"
पिछले कुछ समय से मैं बिज़ी था।,ᱦᱟᱹᱞᱤᱫᱚ ᱡᱚᱦᱚᱲ ᱜᱮᱧ ᱛᱟᱦᱮᱸᱠᱟᱱᱟ ᱾
मैं अपने प्रोजेक्ट के लिए भारत के नामी म्यूज़ियमों पर रिसर्च कर रहा हूँ।,ᱤᱧ ᱤᱧᱟᱹᱜ ᱯᱟᱛᱷᱟ ᱞᱟᱹᱜᱤᱫ ᱵᱷᱟᱨᱚᱛ ᱨᱮᱭᱟᱜ ᱧᱩᱛᱩᱢᱟᱱ ᱡᱟᱹᱫᱩᱚᱲᱟᱜ ᱠᱚ ᱤᱫᱤ ᱠᱟᱛᱮᱧ ᱠᱷᱚᱸᱫᱨᱚᱸᱫ ᱮᱫᱟ ᱾
वाह... ये बहुत अच्छा है!,ᱳᱹᱹᱹᱹᱹᱹᱹᱟᱹᱰᱤ ᱱᱟᱯᱟᱭ !
कैसा चल रहा है तुम्हारा प्रोजेक्ट?,ᱟᱢᱟᱜ ᱯᱨᱳᱡᱮᱠᱴ ᱪᱮᱫ ᱞᱮᱠᱟ ᱪᱟᱞᱟᱜ ᱠᱟᱱᱟ ?
"वैसे, मुझे पता है कि भारत में बहुत सारे म्यूज़ियम हैं।","ᱟᱪᱷᱟ, ᱤᱧ ᱵᱟᱰᱟᱭᱟ ᱵᱷᱟᱨᱚᱛᱨᱮ ᱟᱭᱢᱟ ᱢᱤᱣᱩᱡᱤᱭᱟᱢ ᱢᱮᱱᱟᱜᱼᱟ ᱾"
"लेकिन, मैं सिर्फ़ सबसे ज़्यादा प्रसिद्ध को ही शामिल करना चाहूंगा।","ᱢᱮᱱᱠᱷᱟᱱ, ᱤᱧᱫᱚ ᱡᱚᱛᱚᱠᱷᱚᱱ ᱧᱩᱛᱩᱢᱟᱱᱟᱜ ᱠᱚᱜᱮᱧ ᱥᱮᱞᱮᱫᱼᱟ ᱾"
क्या तुम अभी भी टूरिस्ट कंपनी के लिए काम कर रहे हो?,ᱟᱢᱫᱚ ᱱᱤᱛᱦᱚᱸ ᱴᱩᱨᱤᱥᱴ ᱠᱳᱢᱯᱟᱱᱤ ᱞᱟᱹᱜᱤᱫ ᱮᱢ ᱠᱟᱹᱢᱤᱭᱮᱫᱟ ?
"हाँ, मैं अभी भी यात्रा ट्रैवल एंड टूर में काम कर रहा हूँ।","ᱦᱮᱸ, ᱤᱧᱫᱚ ᱱᱤᱛᱦᱚᱸ ᱡᱟᱴᱨᱟ ᱴᱨᱟᱵᱷᱮᱞ ᱟᱨ ᱴᱩᱨ ᱨᱮᱧ ᱠᱟᱹᱢᱤᱭᱮᱫᱟ ᱾"
बढ़िया! क्या तुम इसमें मेरी मदद कर सकते हैं?,ᱟᱹᱰᱤ ᱢᱚᱡ ! ᱟᱢ ᱱᱚᱸᱰᱮ ᱤᱧᱮᱢ ᱜᱚᱲᱚ ᱫᱟᱲᱮᱭᱟᱹᱧᱟᱹ ?
हाँ! मुझे लगता है कि तुम भारत के तीन सबसे प्रसिद्ध म्यूज़ियम ले सकते हो।,"ᱦᱮᱸ, ᱤᱧᱟᱹᱜ ᱢᱚᱱᱮ ᱦᱩᱭᱩᱜ ᱠᱟᱱᱟ ᱟᱢ ᱵᱷᱟᱨᱚᱛ ᱨᱮᱭᱟᱜ ᱯᱮᱭᱟ ᱧᱩᱛᱩᱢᱟᱱ ᱢᱤᱣᱩᱡᱤᱭᱟᱢ ᱮᱢ ᱥᱮᱞᱮᱫ ᱫᱟᱲᱮᱭᱟᱜᱼᱟ ᱾"
"वो हैं नेशनल म्यूज़ियम दिल्ली, इंडियन म्यूज़ियम कोलकाता और गवर्नमेंट म्यूज़ियम चेन्नई।","ᱚᱱᱟ ᱠᱚᱫᱚ ᱱᱮᱥᱚᱱᱟᱞ ᱢᱤᱣᱩᱡᱤᱭᱟᱢ ᱫᱤᱞᱞᱤ, ᱤᱱᱰᱤᱭᱟᱱ ᱢᱤᱣᱩᱡᱤᱭᱟᱢ ᱠᱳᱞᱠᱟᱛᱟ, ᱟᱨ ᱜᱳᱵᱷᱚᱨᱢᱮᱱᱴ ᱢᱤᱣᱩᱡᱤᱭᱟᱢ ᱪᱮᱱᱱᱟᱭ ᱾"
बढ़िया! जानकर अच्छा लगा।,ᱟᱹᱤᱰ ᱢᱚᱡ ! ᱱᱚᱶᱟ ᱵᱟᱰᱟᱭ ᱵᱷᱟᱜᱮᱭᱟ ᱾
इनका इतना नाम क्यों है?,ᱚᱱᱟ ᱠᱚᱫᱚ ᱪᱮᱫᱟᱜ ᱞᱟᱹᱠᱛᱤᱭᱟᱱᱟᱜ ᱠᱟᱱᱟ ?
नेशनल म्यूज़ियम में शानदार प्राचीन काल की तरह-तरह की चीज़ें हैं।,ᱱᱮᱥᱚᱱᱟᱞ ᱡᱟᱹᱫᱩᱚᱲᱟᱜ ᱨᱮ ᱥᱮᱫᱟᱭ ᱡᱩᱜ ᱨᱮᱭᱟᱜ ᱦᱟᱦᱟᱲᱟᱼᱟᱱ ᱟᱭᱢᱟ ᱚᱱᱚᱞᱠᱚ ᱢᱮᱱᱟᱜᱼᱟ ᱾
यह 1949 में ज़िंदादिल शहर दिल्ली के जनपथ के कोने पर बना था।,ᱱᱚᱶᱟᱫᱚ ᱫᱤᱞᱞᱤ ᱨᱮᱭᱟᱜ ᱡᱤᱭᱟᱹᱲᱼᱟᱱ ᱥᱟᱦᱟᱨ ᱡᱚᱱᱯᱚᱫ ᱨᱮ ᱑᱙᱔᱙ ᱥᱟᱹᱦᱤᱛ ᱨᱮ ᱵᱮᱱᱟᱣ ᱦᱩᱭᱞᱮᱱᱟ ᱾
यहाँ क्या दिखाया जाता है?,ᱚᱱᱟᱫᱚ ᱪᱮᱫ ᱠᱚᱭ ᱩᱫᱩᱜᱟ ?
"यहाँ बहुत तरह के कलेक्शन हैं जिसमें ज्वेलरी, पेंटिंग्स हथियार, सजावट से जुड़ी कलाकृतियाँ और हस्तलिपियाँ शामिल हैं।","ᱱᱚᱶᱟ ᱨᱮᱫᱚ ᱟᱭᱢᱟ ᱞᱮᱠᱟᱱ ᱛᱩᱢᱟᱹᱞᱟᱜ ᱠᱚ ᱢᱮᱱᱟᱜᱼᱟ ᱚᱱᱟ ᱢᱩᱫᱽᱨᱮ ᱜᱚᱭᱱᱟ, ᱪᱤᱛᱟᱹᱨ, ᱢᱮᱬᱦᱮᱫ ᱨᱮᱭᱟᱜ ᱫᱚᱛᱚ, ᱟᱵᱷᱨᱟᱱ ᱵᱤᱨᱤᱛ ᱟᱨ ᱚᱞ ᱱᱚᱛᱷᱤ ᱠᱚ ᱢᱮᱱᱟᱜᱼᱟ ᱾"
वाह...इंडियन म्यूज़ियम में क्या है?,ᱳᱹᱹᱹᱹᱹᱹᱹᱤᱱᱰᱤᱭᱟᱱ ᱢᱤᱣᱩᱡᱤᱭᱟᱢ ᱨᱮᱫᱚ ᱪᱮᱫ ?
"यहाँ छह सेक्शन हैं जिनमें पुरातत्व, भूविज्ञान, अर्थशास्त्र, इकोनॉमिक ब्यूटी और कला के रचनात्मक और वैज्ञानिक कार्यों की गैलरियाँ हैं हैं।","ᱱᱚᱸᱰᱮ ᱯᱨᱚᱛᱱᱚᱛᱚᱛᱛᱚ, ᱵᱷᱩᱛᱚᱛᱛᱚ, ᱱᱟᱯᱟᱭ ᱠᱟᱹᱣᱰᱤᱟᱹᱨᱤ ᱟᱨ ᱜᱚᱲᱦᱚᱱ ᱟᱱᱟᱜ ᱠᱟᱹᱨᱤ ᱟᱨ ᱥᱟᱸᱲᱮᱥ ᱠᱟᱢᱤ ᱨᱮᱭᱟᱜ ᱢᱚᱸᱲᱮ ᱜᱚᱴᱟᱝ ᱜᱮᱞᱟᱨᱤ ᱥᱟᱶᱛᱮ ᱛᱩᱨᱩᱭ ᱜᱚᱴᱟᱝ ᱛᱷᱚᱱᱚᱛ ᱢᱮᱱᱟᱜᱼᱟ ᱿"
बढ़िया! ये क्या दुनिया के सबसे पुराने म्यूज़ियमों में से एक है?,ᱟᱹᱰᱤ ᱢᱚᱡ ! ᱱᱚᱶᱟᱫᱚ ᱪᱮᱫ ᱫᱷᱟᱹᱨᱛᱤ ᱨᱮᱭᱟᱜ ᱡᱚᱛᱚᱠᱷᱚᱱ ᱢᱟᱨᱮᱱ ᱡᱟᱹᱫᱩᱚᱲᱟᱜ ᱠᱟᱱᱟ ?
"हाँ, 1814 में एशियाटिक सोसायटी ऑफ़ बंगाल ने इसे कोलकाता में स्थापित किया था।","ᱦᱮᱸ, ᱱᱚᱶᱟᱫᱚ ᱑᱘᱑᱔ ᱥᱟᱹᱦᱤᱛᱨᱮ ᱠᱳᱞᱠᱟᱛᱟ ᱨᱮ ᱮᱥᱤᱭᱟᱴᱤᱠ ᱥᱚᱥᱟᱭᱴᱤ ᱚᱯᱷ ᱵᱮᱝᱜᱚᱞ ᱦᱚᱛᱮᱛᱮ ᱛᱷᱟᱯᱚᱱ ᱞᱮᱱᱟ ᱾"
यह तो दिलचस्प है। गवर्नमेंट म्यूज़ियम इतना फ़ेमस क्यों है?,ᱟᱹᱰᱤ ᱨᱤᱡᱦᱟᱹᱣᱼᱟᱱᱟᱜ ᱾ ᱥᱚᱨᱠᱟᱨᱤ ᱡᱟᱹᱫᱩ ᱚᱲᱟᱜ ᱪᱮᱠᱟᱛᱮ ᱩᱱᱟᱹᱜ ᱧᱩᱛᱩᱢᱟᱱ ᱜᱮᱭᱟ ?
"गवर्नमेंट म्यूज़ियम भूविज्ञान, जीवविज्ञान, मानव विज्ञान और वनस्पति विज्ञान के अलग-अलग प्रकार प्रदर्शित करता है।","ᱥᱚᱨᱠᱟᱨᱤ ᱡᱟᱹᱫᱩᱚᱲᱟᱜ ᱨᱮᱫᱚ ᱵᱷᱩᱛᱚᱛᱛᱚ, ᱯᱨᱟᱱᱤᱵᱤᱫᱫᱟ,ᱱᱨᱤᱛᱚᱛᱛᱚ ᱟᱨ ᱩᱫᱵᱷᱤᱛᱵᱤᱫᱫᱟ ᱨᱮᱭᱟᱜ ᱱᱟᱱᱟ ᱦᱩᱱᱟᱹᱨᱟᱱ ᱠᱚ ᱩᱫᱩᱜ ᱦᱩᱭᱩᱜᱼᱟ ᱿"
1851 में अंग्रेज़ों के ज़माने में बनाया गया ये म्यूज़ियम उन लोगों के लिए सही जगह है जिनका झुकाव इतिहास और कला की ओर है।,"᱑᱘᱕᱑ ᱥᱟᱹᱦᱤᱛ ᱨᱮ ᱵᱨᱤᱴᱤᱥ ᱡᱩᱜ ᱨᱮ ᱛᱷᱟᱯᱚᱱ ᱞᱮᱱᱟ, ᱡᱟᱹᱫᱩᱚᱲᱟᱜ ᱫᱳ ᱱᱟᱜᱟᱢ ᱟᱨ ᱠᱟᱹᱨᱤ ᱥᱮᱡᱽ ᱡᱟᱦᱟᱸᱭ ᱜᱚᱨᱚᱡ ᱢᱮᱱᱟᱜ ᱛᱟᱠᱚᱣᱟ ᱚᱱᱟᱠᱱ ᱦᱚᱲ ᱞᱟᱹᱜᱤᱫ ᱢᱤᱫ ᱱᱤᱯᱟᱹᱴ ᱴᱷᱟᱶ ᱠᱟᱱᱟ ᱾"
क्या तुम कुछ पूछना चाहते हो?,ᱟᱢᱟᱜ ᱡᱟᱦᱟᱱ ᱠᱩᱠᱞᱤ ᱢᱮᱱᱟᱜᱼᱟ ?
"नहीं, यह शेयर करने के लिए बहुत-बहुत धन्यवाद।","ᱵᱟᱝ, ᱱᱚᱶᱟ ᱥᱮᱭᱟᱨ ᱞᱟᱹᱜᱤᱫ ᱛᱮ ᱟᱭᱢᱟ ᱥᱟᱨᱦᱟᱣ ᱾"
मैं इन्हें ध्यान में रखूँगा।,ᱚᱱᱟᱠᱚ ᱛᱮ ᱤᱧ ᱢᱤᱫᱴᱟᱝ ᱱᱳᱴ ᱤᱧ ᱵᱮᱱᱟᱣᱼᱟ ᱾
इसमें धन्यवाद की क्या बात है!,ᱟᱢᱟᱜ ᱥᱟᱹᱜᱩᱱ ᱫᱟᱨᱟᱢ !
साहित्यिक सहायता संघ आने के लिए धन्यवाद।,ᱞᱤᱴᱮᱨᱮᱥᱤ ᱮᱰ ᱮᱥᱚᱥᱤᱭᱮᱥᱚᱱ ᱧᱮᱞ ᱞᱟᱹᱜᱤᱫ ᱟᱭᱢᱟ ᱥᱟᱨᱦᱟᱣ ᱾
मैं आपकी क्या सहायता कर सकता हूँ?,ᱟᱢ ᱜᱚᱲᱚᱣᱟᱢ ᱞᱟᱹᱜᱤᱫ ᱪᱮᱫ ᱤᱧ ᱪᱤᱠᱟᱹ ᱫᱟᱲᱮᱭᱟᱜᱼᱟ ?
बहुत-बहुत धन्यवाद!,ᱟᱢ ᱟᱭᱢᱟ ᱥᱟᱨᱦᱟᱣ ᱾
मैं आपसे भारत में साहित्यिक कला को लेकर कुछ सवाल करना चाहता हूँ।,ᱤᱧ ᱟᱢ ᱵᱷᱟᱨᱚᱛ ᱨᱮᱭᱟᱜ ᱥᱟᱶᱦᱮᱫ ᱠᱟᱹᱨᱤ ᱤᱫᱤ ᱠᱟᱛᱮᱜ ᱠᱤᱪᱷᱤ ᱠᱩᱠᱞᱤᱧ ᱠᱩᱞᱤ ᱢᱮᱭᱟ ?
हाँ ज़रूर। मैं अपनी जानकारी और समझ के हिसाब से आपकी मदद करने की कोशिश करूँगा।,"ᱴᱷᱤᱠ ᱜᱮᱭᱟ, ᱴᱷᱠ ᱜᱮᱭᱟ ᱾ ᱤᱧᱟᱹᱜ ᱜᱮᱭᱟᱱ ᱟᱨ ᱵᱩᱡᱷᱟᱹᱣ ᱫᱟᱲᱮᱛᱮ ᱟᱢ ᱜᱚᱲᱚ ᱟᱢ ᱨᱮᱭᱟᱜ ᱤᱧ ᱨᱤᱠᱟᱹᱭᱟ ᱾"
साहित्यिक कला की परिभाषा क्या है?,ᱥᱟᱶᱦᱮᱫ ᱠᱟᱹᱨᱤ ᱨᱮᱭᱟᱜ ᱯᱟᱹᱱᱟᱹᱨᱥᱤ ᱪᱮᱫ ᱠᱟᱱᱟ ?
"साहित्यिक कला, साहित्य से संबंधित कृतियाँ हैं जो शैली, विषय, किरदार या कहानी में बेहतरीन होती हैं। गाई जाने वाली कविताएँ, नाटक, लघु कथाएँ और उपन्यास सभी उदाहरण हैं।","ᱥᱟᱶᱦᱮᱫ ᱠᱟᱹᱨᱤ ᱫᱚ ᱦᱩᱭᱩᱜ ᱠᱟᱱᱟᱱ ᱥᱟᱶᱦᱮᱫ ᱨᱮᱭᱟᱜ ᱠᱟᱹᱢᱤ ᱡᱟᱦᱟᱸᱫᱚ ᱦᱚᱨᱟ,ᱥᱟᱛᱟᱢ,ᱪᱚᱨᱤᱛ ᱥᱮ ᱱᱟᱯᱟᱭ ᱠᱟᱹᱦᱤᱱᱤ ᱾ ᱥᱮᱨᱮᱧ ᱚᱱᱢᱦᱮ, ᱜᱟᱭᱟᱱ, ᱦᱩᱰᱤᱧ ᱠᱟᱹᱦᱤᱱᱤ ᱟᱨ ᱜᱟᱢᱟᱢ ᱥᱟᱱᱟᱢ ᱜᱮ ᱫᱟᱹᱭᱠᱟᱹ ᱠᱟᱱᱟ ᱾"
साहित्यिक कला का क्या महत्व है?,ᱥᱟᱶᱦᱮᱫ ᱠᱟᱹᱨᱤ ᱨᱮᱭᱟᱜ ᱮᱱᱮᱢ ᱪᱮᱫ ᱠᱟᱱᱟ ?
इससे हम उन सभी चीज़ों के बारे में एक दूसरे को जानकारी दे सकते हैं जिन्हें बोल कर व्यक्त करना असंभव है।,ᱱᱚᱶᱟᱫᱚ ᱟᱞᱮ ᱡᱟᱦᱟᱱ ᱥᱟᱛᱟᱢᱨᱮ ᱜᱮᱭᱟᱱᱮ ᱮᱯᱮᱢ ᱪᱟᱯᱟᱞ ᱟᱞᱮᱭᱟ ᱡᱟᱦᱟᱸᱫᱚ ᱢᱚᱪᱟ ᱠᱟᱛᱷᱟᱛᱮ ᱥᱚᱫᱚᱨ ᱵᱟᱝ ᱜᱟᱱᱚᱜᱼᱟ ᱾
"हम अपनी भावनाओं, विचारों, अनुभवों और जो कुछ भी हमारे ध्यान में आता है, उसे लिखकर व्यक्त करना का तरीका ढूँढते हैं।","ᱟᱞᱮᱫᱚ ᱟᱞᱮᱭᱟᱜ ᱟᱹᱭᱠᱟᱹᱣ, ᱩᱭᱦᱟᱹᱨ, ᱵᱩᱡᱩᱱ ᱟᱨ ᱮᱴᱟᱜ ᱡᱟᱦᱟᱸ ᱠᱤᱪᱷᱤ ᱢᱚᱱᱮᱨᱮ ᱦᱤᱡᱩᱜᱼᱟ ᱚᱱᱟ ᱥᱚᱫᱚᱨ ᱨᱮᱭᱟᱜ ᱢᱤᱫ ᱦᱚᱨᱟᱞᱮ ᱯᱟᱸᱡᱟ ᱧᱟᱢᱟ ᱾"
ओके। भारत का सबसे पुराना साहित्य कौन-सा है?,ᱴᱷᱤᱠ ᱜᱮᱭᱟ ᱾ ᱵᱷᱟᱨᱚᱛ ᱨᱮᱭᱟᱜ ᱢᱟᱨᱮ ᱩᱛᱟᱹᱨ ᱥᱟᱶᱦᱮᱫ ᱚᱠᱟ ᱠᱟᱱᱟ ?
वेदों को भारत के सबसे पुराने साहित्य के तौर पर जाना जाता है।,ᱵᱮᱫ ᱫᱚ ᱦᱩᱭᱩᱜ ᱠᱟᱱᱟ ᱵᱦᱟᱨᱚᱛ ᱨᱮᱭᱟᱜ ᱧᱩᱢᱟᱱ ᱢᱟᱨᱮ ᱥᱟᱶᱦᱮᱫ ᱠᱟᱹᱢᱤ ᱾
वे संस्कृत में लिखे गए थे और मौखिक रूप से पीढ़ी दर पीढ़ी आगे बढ़ते गए।,ᱱᱚᱶᱟ ᱠᱚᱫᱚ ᱥᱚᱝᱥᱠᱨᱤᱛ ᱯᱟᱹᱨᱥᱤᱛᱮ ᱚᱞ ᱦᱩᱭᱞᱮᱱᱟ ᱟᱨ ᱛᱷᱩᱛᱤ ᱞᱮᱠᱟᱛᱮ ᱯᱤᱲᱦᱤ ᱠᱷᱚᱱ ᱯᱤᱲᱦᱤᱨᱮ ᱵᱚᱫᱚᱞ ᱦᱩᱭ ᱟᱠᱟᱱᱟ ᱿
भारत में साहित्यिक कला की कौन-कौन सी शैलियाँ हैं?,ᱵᱦᱟᱨᱚᱛ ᱨᱮ ᱥᱟᱶᱦᱮᱫ ᱠᱟᱹᱨᱤ ᱨᱮᱭᱟᱜ ᱦᱚᱨᱟ ᱠᱚᱫᱚ ᱚᱠᱟᱴᱟᱜ ᱠᱟᱱᱟ ?
"गद्य, नाटक और काव्य तीन प्रमुख शैलियाँ हैं।","ᱚᱱᱚᱞ, ᱜᱟᱭᱟᱱ ᱟᱨ ᱚᱱᱚᱬᱦᱮ ᱱᱚᱶᱟᱠᱚ ᱯᱮᱭᱟ ᱫᱷᱟᱨᱟ ᱿"
गद्य ऐसा साहित्य है जिसमें बातचीत और वाक्य रचना का एक परिचित तरीका अपनाया जाता है।,ᱚᱱᱚᱞ ᱫᱚ ᱦᱩᱭᱩᱜ ᱠᱟᱱᱟ ᱢᱤᱫ ᱞᱮᱠᱟᱱ ᱥᱟᱶᱦᱮᱫ ᱡᱟᱦᱟᱸᱫᱚ ᱠᱟᱛᱷᱟ ᱜᱟᱞᱢᱟᱨᱟᱣ ᱟᱨ ᱟᱹᱭᱟᱹᱛ ᱵᱮᱱᱟᱣ ᱨᱮᱭᱟᱜ ᱟᱭ ᱩᱢᱟᱹᱱ ᱦᱚᱨᱟᱭ ᱯᱟᱸᱡᱟᱭᱟ ᱾
"छंदमयी कथा काल्पनिक या गैर-कथा हो सकती है, और यह कई तरह के विषयों को कवर कर सकती है।",ᱢᱤᱫᱴᱟᱝ ᱪᱷᱟᱸᱫᱟᱛᱮ ᱛᱚᱞ ᱠᱟᱹᱦᱤᱱᱤ ᱫᱚ ᱵᱮᱱᱟᱣ ᱠᱟᱹᱦᱤᱱᱤ ᱥᱮ ᱵᱮᱜᱚᱨ ᱵᱮᱱᱟᱣ ᱠᱟᱹᱦᱤᱱᱤ ᱦᱩᱭ ᱫᱟᱲᱮᱭᱟᱜᱼᱟ ᱟᱨ ᱱᱚᱶᱟᱫᱚ ᱟᱭᱢᱟ ᱥᱟᱛᱟᱢ ᱯᱩᱨᱟᱹᱣ ᱫᱟᱲᱮᱭᱟᱜᱼᱟ ᱾
"वहीं दूसरी ओर, कविता ऐसी साहित्यिक रचना है जिसमें किसी प्रबल भावना या विचार को बताने के लिए ताल, तुकबंदी और अन्य तरीके शामिल होते हैं।","ᱮᱴᱟᱜ ᱥᱮᱡ, ᱚᱱᱚᱬᱦᱮ ᱫᱚ ᱦᱩᱭᱩᱜ ᱠᱟᱱᱟ ᱢᱤᱫᱴᱟᱝ ᱥᱟᱶᱦᱮᱫ ᱠᱟᱹᱢᱤ ᱡᱟᱦᱟᱸᱫᱚ ᱢᱤᱫᱴᱟᱝ ᱫᱟᱲᱮᱭᱟᱱ ᱟᱹᱭᱠᱟᱹᱣ ᱥᱮ ᱩᱭᱦᱟᱹᱨ ᱥᱟᱶᱛᱮ ᱡᱳᱜᱟᱡᱳᱜ ᱞᱟᱹᱜᱤᱫ ᱵᱟᱹᱣᱞᱤ, ᱪᱷᱟᱸᱫᱟ ᱟᱨ ᱮᱴᱟᱜ ᱦᱚᱨᱟ ᱠᱚᱭ ᱵᱮᱣᱦᱟᱨᱟ ᱾"
भारत की पहली साहित्यिक भाषा कौन-सी थी?,ᱵᱷᱟᱨᱚᱛ ᱨᱮᱭᱟᱜ ᱯᱳᱭᱞᱳ ᱥᱟᱶᱦᱮᱫ ᱨᱮᱭᱟᱜ ᱯᱟᱹᱨᱥᱤ ᱫᱚ ᱚᱠᱟᱴᱟᱜ ᱠᱟᱱᱟ ?
संस्कृत दुनिया की सबसे पुरानी भाषा है।,ᱥᱚᱝᱥᱠᱨᱤᱛ ᱫᱚ ᱫᱷᱟᱹᱨᱛᱤ ᱨᱮᱭᱟᱜ ᱡᱚᱛᱚᱠᱷᱚᱱ ᱢᱟᱨᱮ ᱯᱟᱹᱨᱥᱤ ᱠᱟᱱᱟ ᱾
क्या आप इसके बारे में और समझा कर बता सकते हैं?,ᱟᱢ ᱱᱚᱶᱟ ᱵᱤᱪᱷᱱᱟᱹᱣ ᱛᱮᱢ ᱞᱟᱹᱭ ᱫᱟᱲᱮᱭᱟᱜᱼᱟ ?
"बिल्कुल! श्रुति परम्परा के बाद से, संस्कृत साहित्य हमें मौखिक परंपरा द्वारा मिलता गया है।","ᱮᱠᱫᱚᱢ ! ᱟᱸᱡᱚᱢ ᱥᱮᱨᱣᱟ ᱠᱷᱚᱱ, ᱥᱚᱝᱥᱠᱨᱤᱛᱚ ᱥᱟᱶᱦᱮᱫ ᱛᱷᱩᱛᱤ ᱥᱮᱨᱣᱟ ᱛᱟᱞᱟᱛᱮ ᱟᱵᱳᱴᱷᱮᱱ ᱦᱮᱡ ᱟᱠᱟᱱᱟ ᱿"
सबसे ज़्यादा काम कविता में किया गया है।,ᱚᱞ ᱛᱚᱞ ᱟᱠᱟᱱ ᱨᱮ ᱡᱚᱛᱚᱠᱷᱚᱱ ᱵᱟᱹᱲᱛᱤ ᱫᱚ ᱚᱱᱚᱬᱦᱮ ᱢᱮᱱᱟᱜᱼᱟ ᱾
"कविता में संस्कृत रचनाओं पर लगातार काम ऋग्वेद में देखा जा सकता है, जो विश्व साहित्य का सबसे पुराना दस्तावेज़ है।",ᱚᱱᱚᱬᱦᱮᱨᱮ ᱥᱚᱝᱥᱠᱨᱤᱛ ᱚᱞ ᱨᱮᱭᱟᱜ ᱢᱤᱫ ᱵᱟᱝ ᱵᱷᱮᱜᱟᱨᱼᱟᱱ ᱞᱤᱸᱜᱤᱫᱚ ᱡᱮᱜᱮᱫ ᱡᱟᱠᱟᱛ ᱥᱟᱶᱦᱮᱫ ᱨᱮᱭᱟᱜ ᱢᱟᱨᱮ ᱩᱛᱟᱹᱨ ᱚᱞ ᱨᱤᱜᱵᱮᱫᱽ ᱨᱮ ᱧᱟᱢᱚᱜᱼᱟ ᱾
कमाल की बात है!,ᱱᱚᱶᱟᱫᱚ ᱥᱟᱹᱨᱤᱜᱮ ᱦᱟᱦᱟᱲᱟᱼᱟᱱ !
"सर, इतने अच्छे से समझाने के लिए धन्यवाद।","ᱥᱮᱨ, ᱟᱢᱟᱜ ᱱᱟᱯᱟᱭ ᱵᱤᱪᱷᱱᱟᱹᱣ ᱞᱟᱹᱜᱤᱫ ᱥᱟᱨᱦᱟᱣ ᱾"
आपका स्वागत है!,ᱡᱟᱦᱟᱸ ᱛᱤᱱᱨᱮᱜᱮ ᱟᱢᱟᱜ ᱫᱚ ᱥᱟᱹᱜᱩᱱ ᱫᱟᱨᱟᱢ !
आपका दिन शुभ हो!,ᱱᱟᱯᱟᱭ ᱫᱤᱱ ᱯᱟᱨᱚᱢ ᱢᱮ !
बाय!,ᱵᱤᱫᱟᱹᱭ !
"हैलो, मैं कुतुब मीनार देखने का समय जानने के लिए कॉल कर रहा हूँ।","ᱦᱮᱞᱳ, ᱤᱧᱫᱚ ᱠᱩᱛᱩᱵ ᱢᱤᱱᱟᱨ ᱧᱮᱞ ᱨᱮᱭᱟᱜ ᱚᱠᱛᱚ ᱵᱟᱨᱮᱛᱮ ᱠᱩᱞᱤ ᱞᱟᱹᱜᱤᱫ ᱤᱧ ᱠᱚᱞ ᱟᱠᱟᱫᱟ ᱾"
"जी, यह स्मारक हर दिन खुला रहता है और आप सुबह 7 बजे से शाम 5 बजे के बीच किसी भी समय आ सकते हैं।","ᱦᱮᱸ, ᱩᱭᱦᱟᱹᱨ ᱵᱟᱛᱷᱟᱱᱫᱚ ᱡᱚᱛᱚ ᱰᱤᱱᱜᱮ ᱡᱷᱤᱡ ᱛᱟᱦᱮᱱᱟ ᱟᱨ ᱟᱢᱫᱚ ᱥᱮᱛᱟᱜ ᱗ᱺ᱐᱐ ᱠᱷᱚᱱ ᱟᱹᱭᱩᱵ ᱕ᱺ᱐᱐ ᱢᱩᱫᱽᱨᱮ ᱡᱟᱦᱟᱸ ᱛᱤᱱ ᱨᱮᱜᱮᱢ ᱧᱮᱞ ᱫᱲᱟᱮᱭᱟᱜᱼᱟ ᱾"
वयस्कों की एंट्री फ़ी क्या है?,ᱥᱮᱱᱲᱟ ᱦᱚᱲ ᱠᱚ ᱞᱟᱹᱜᱤᱫ ᱵᱚᱞᱚᱜ ᱜᱚᱱᱚᱝ ᱫᱚ ᱛᱤᱱᱟᱹᱜ ᱠᱟᱱᱟ ?
वयस्कों के लिए कोई अलग एंट्री फ़ी नहीं है।,ᱥᱮᱸᱲᱟ ᱦᱚᱲᱠᱚ ᱞᱟᱹᱜᱤᱫ ᱡᱟᱦᱟᱱ ᱵᱷᱮᱜᱟᱨ ᱵᱚᱞᱚᱜ ᱜᱚᱱᱚᱝ ᱫᱚ ᱵᱟᱹᱱᱩᱜᱼᱟ ᱿
यह इस बात पर निर्भर करता है कि आप भारतीय हैं या विदेशी।,ᱱᱚᱶᱟᱫᱚ ᱟᱢ ᱵᱷᱟᱨᱚᱛ ᱨᱮᱱ ᱥᱮ ᱵᱤᱞᱟᱹᱛ ᱨᱮᱱ ᱠᱟᱱᱟᱢ ᱚᱱᱟ ᱪᱮᱛᱟᱱ ᱨᱮᱭ ᱴᱮᱦᱟᱸᱰᱟ ᱾
भारतीयों के लिए यह 35 रुपये है और विदेशियों के लिए 550 रुपये है।,ᱵᱷᱟᱨᱚᱛᱤᱭᱚ ᱠᱚ ᱞᱟᱹᱜᱤᱫ ᱓᱕ ᱴᱟᱠᱟ ᱟᱨ ᱵᱤᱞᱟᱹᱛᱤ ᱠᱚ ᱞᱟᱹᱜᱤᱫ ᱕᱕᱐ ᱴᱟᱠᱟ ᱾
अच्छा। मैं जादवपुर यूनिवर्सिटी का छात्र हूँ।,ᱚᱱᱟ !ᱤᱧᱫᱚ ᱡᱟᱫᱚᱵᱯᱩᱨ ᱡᱮᱜᱮᱫ ᱵᱤᱨᱫᱟᱹᱜᱟᱲᱨᱮᱱ ᱯᱟᱹᱴᱷᱣᱟᱹ ᱠᱟᱱᱟᱹᱧ ᱾
कोई स्टूडेंट डिस्काउंट है जो मुझे मिल सकता है?,ᱱᱚᱸᱰᱮ ᱯᱟᱴᱷᱣᱟᱹ ᱞᱟᱹᱜᱤᱫ ᱪᱷᱟᱹᱲ ᱢᱮᱱᱟᱜᱼᱟ ᱡᱟᱦᱟᱸᱫᱚ ᱤᱧ ᱧᱟᱢ ᱫᱟᱲᱮᱭᱟᱜᱼᱟ ?
मैं अपने साथ चार दोस्तों को भी लाने के बारे में सोच रहा हूँ।,ᱤᱧ ᱤᱧᱨᱮᱱ ᱯᱳᱱᱭᱟ ᱜᱟᱛᱮᱠᱚ ᱟᱹᱜᱩ ᱨᱮᱭᱟᱜ ᱤᱧ ᱩᱭᱦᱟᱹᱨᱮᱫᱟ ᱿
ऐसा तो कोई स्टूडेंट डिस्काउंट नहीं है।,ᱚᱱᱠᱟᱱ ᱡᱟᱦᱟᱱ ᱯᱟᱴᱷᱣᱟᱹ ᱪᱷᱟᱹᱲ ᱵᱟᱹᱱᱩᱜᱼᱟ ᱾
"लेकिन अगर आप ऑनलाइन टिकट खरीदते हैं या पेमेंट के लिए क्यू.आर. कोड स्कैन करते हैं, तो आपको डिस्काउंट मिल सकता है।",ᱡᱩᱫᱤ ᱟᱢ ᱚᱱᱞᱟᱭᱤᱱᱛᱮ ᱴᱤᱠᱤᱴ ᱠᱟᱴᱟᱣᱼᱟ ᱥᱮ ᱠᱤᱣᱩᱟᱨ ᱠᱳᱰ ᱥᱠᱮᱱ ᱠᱟᱛᱮᱜ ᱮᱢ ᱯᱮᱢᱮᱱᱴᱼᱟ ᱮᱱᱠᱷᱟᱱ ᱟᱢ ᱪᱷᱟᱹᱲᱮᱢ ᱧᱟᱢ ᱫᱟᱲᱮᱭᱟᱜᱼᱟ ?
"ठीक है, यह मेरा नंबर है।","ᱴᱷᱤᱠ ᱜᱮᱭᱟ , ᱱᱚᱜᱼᱚᱭ ᱤᱧᱟᱹᱜ ᱱᱚᱢᱵᱚᱨ ᱾"
क्या आप मुझे वॉट्सएप पर वेबसाइट की लिंक भेज सकते हैं?,ᱟᱢ ᱪᱮᱫ ᱦᱳᱣᱟᱴᱥᱮᱯ ᱨᱮ ᱳᱭᱮᱵᱥᱟᱭᱤᱴ ᱨᱮᱭᱟᱜ ᱢᱤᱫᱴᱟᱝ ᱞᱤᱝᱠ ᱮᱢ ᱠᱳᱞ ᱫᱟᱲᱮᱭᱟᱹᱧᱟᱹ ?
"हाँ, मैं भेज सकता हूँ।","ᱴᱷᱤᱠᱟᱹᱱᱜᱮ, ᱤᱧ ᱱᱚᱶᱟᱧ ᱠᱚᱨᱟᱣ ᱫᱟᱲᱮᱭᱟᱜᱼᱟ ᱾"
इस तरह से आप बहुत एडवांस में टिकट बुक कर सकते हैं।,ᱟᱢ ᱱᱚᱝᱠᱟᱛᱮ ᱞᱟᱦᱟᱠᱷᱚᱱᱜᱮ ᱴᱤᱠᱤᱴᱮᱢ ᱵᱩᱠ ᱫᱟᱲᱮᱭᱟᱜᱼᱟ ᱾
"ठीक है, किस समय भीड़ सबसे कम रहती है?","ᱴᱷᱤᱠ ᱜᱮᱭᱟ, ᱚᱠᱟ ᱚᱠᱛᱚ ᱡᱚᱛᱚᱠᱷᱚᱱ ᱠᱚᱢ ᱡᱚᱦᱚᱲ ᱛᱟᱦᱮᱱᱟ ᱿"
मैं और मेरे दोस्त डॉक्यूमेंट्री शूट करने के लिए कुतुब मीनार आना चाहते हैं।,ᱢᱤᱫᱴᱟᱝ ᱰᱚᱜᱚᱨᱪᱤᱛᱟᱹᱨ ᱨᱮᱭᱟᱜ ᱥᱩᱴᱤᱝ ᱞᱟᱹᱜᱤᱫ ᱤᱧ ᱟᱨ ᱤᱧᱨᱮᱱ ᱜᱟᱛᱮᱠᱚ ᱠᱩᱛᱩᱵ ᱢᱤᱱᱟᱨᱛᱮ ᱥᱮᱱᱚᱜ ᱦᱩᱭᱩᱜ ᱛᱟᱞᱮᱭᱟ ᱾
"तो, अगर हम भीड़ से बच सकें तो अच्छा रहेगा।","ᱚᱱᱟᱛᱮ, ᱵᱷᱤᱲ ᱮᱲᱟᱣ ᱠᱟᱛᱮᱜ ᱦᱩᱭ ᱞᱮᱱᱠᱷᱟᱱ ᱱᱚᱶᱟᱫᱚ ᱱᱟᱯᱟᱭᱚᱜᱼᱟ ᱾"
स्मारक में ज़्यादातर समय भीड़ रहती है ख़ास तौर से नवंबर से लेकर मार्च के बीच क्योंकि इसे देखने का सबसे अच्छा टाइम वही होता है।,ᱩᱭᱦᱟᱹᱨ ᱵᱟᱛᱷᱟᱱᱫᱚ ᱰᱦᱮᱨ ᱚᱠᱛᱚᱜᱮ ᱡᱚᱦᱚᱲ ᱛᱟᱦᱮᱱᱟ ᱮᱱᱠᱷᱟᱱ ᱠᱷᱟᱥ ᱠᱟᱛᱮᱜ ᱱᱚᱵᱷᱮᱢᱵᱚᱨ ᱠᱷᱚᱱ ᱢᱟᱨᱪ ᱦᱟᱹᱵᱤᱡ ᱪᱮᱫᱟᱜ ᱥᱮ ᱱᱚᱶᱟ ᱧᱮᱞ ᱞᱟᱹᱜᱤᱫ ᱱᱤᱭᱟᱹᱫᱚ ᱥᱚᱨᱮᱥ ᱚᱠᱛᱚ ᱠᱟᱱᱟ ᱾
"कोविड की वजह से भीड़ थोड़ी कम हो गई है, तो अगर आप सुबह जल्दी आ सकते हों तो आप शांत माहौल में शूट कर सकेंगे।",ᱠᱳᱵᱷᱤᱰ ᱠᱷᱟᱹᱛᱤᱨᱛᱮ ᱵᱷᱤᱲ ᱠᱤᱪᱷᱤ ᱠᱚᱢ ᱟᱠᱟᱱᱟ ᱚᱱᱟᱛᱮ ᱟᱢ ᱡᱩᱫᱤ ᱟᱹᱰᱤ ᱥᱮᱛᱟᱜᱨᱮᱢ ᱦᱤᱡᱩᱜᱼᱟ ᱮᱱᱠᱷᱟᱱ ᱟᱢ ᱵᱮᱥᱛᱮᱢ ᱥᱩᱴᱤᱝ ᱫᱟᱲᱮᱭᱟᱜᱼᱟ ᱾
"ठीक है, सुबह जल्दी, ये मैं ध्यान रखूँगा।","ᱴᱷᱤᱠ ᱜᱮᱭᱟ, ᱟᱹᱰᱤ ᱥᱮᱛᱟᱜ ᱨᱮ, ᱫᱤᱥᱟᱹ ᱠᱟᱹᱜᱟᱹᱧ ᱱᱚᱶᱟᱫᱚ ᱾"
क्या हम मीनार के ऊपर जा सकते हैं?,ᱟᱞᱮ ᱪᱮᱫ ᱴᱟᱣᱟᱨ ᱪᱮᱛᱟᱱᱨᱮ ᱞᱮ ᱥᱮᱱ ᱫᱟᱲᱮᱭᱟᱜᱼᱟ ?
अगर हम अपनी डॉक्यूमेंट्री में मीनार के ऊपर से लिया गया व्यू शामिल कर सके तो बहुत बढ़िया रहेगा।,ᱱᱚᱶᱟᱫᱚ ᱟᱹᱰᱤ ᱦᱟᱦᱟᱲᱟ ᱟᱱᱟᱜ ᱦᱩᱭᱩᱜᱼᱟ ᱡᱩᱫᱤ ᱟᱞᱮ ᱟᱞᱮᱭᱟᱜ ᱰᱚᱜᱚᱨ ᱪᱤᱛᱟᱹᱨᱨᱮ ᱢᱤᱱᱟᱨ ᱪᱮᱛᱟᱱ ᱨᱮᱭᱟᱜ ᱪᱤᱛᱟᱹᱨᱞᱮ ᱥᱮᱞᱮᱫ ᱫᱟᱲᱮᱭᱟᱜᱼᱟ ᱾
ऐसा पहले किया जा सकता था लेकिन कुछ समय पहले हुए एक हादसे की वजह से अब ये मना हो गया है।,"ᱱᱚᱶᱟᱫᱚ ᱢᱟᱲᱟᱝᱨᱮ ᱦᱩᱭ ᱠᱚᱜᱼᱟ, ᱮᱱᱠᱷᱟᱱ ᱠᱤᱪᱷᱤ ᱜᱷᱟᱹᱲᱤᱠ ᱞᱟᱦᱟᱨᱮ ᱜᱷᱚᱴᱟᱣ ᱟᱠᱟᱱ ᱵᱟᱹᱲᱤᱡ ᱜᱷᱚᱴᱚᱱ ᱠᱷᱟᱹᱛᱤᱨᱛᱮ ᱱᱤᱛ ᱢᱟᱱᱟ ᱟᱠᱟᱱᱟ ᱿"
मुझे यकीन है कि आपको बाहर की तरफ़ से स्मारक के बहुत सारे खूबसूरत शॉट मिल जाएंगे।,ᱤᱧ ᱴᱷᱤᱠᱟᱹᱱ ᱜᱮᱭᱟ ᱟᱢ ᱵᱟᱨᱦᱮ ᱠᱷᱚᱱᱜᱮ ᱩᱭᱦᱟᱹᱨ ᱵᱟᱛᱷᱟᱱ ᱨᱮᱭᱟᱜ ᱟᱭᱢᱟ ᱱᱟᱯᱟᱭ ᱥᱚᱴᱼᱮᱢ ᱧᱟᱢᱟ ᱿
"ओह, यह तो अच्छा नहीं है।",ᱳᱹᱹᱹᱹᱹᱹᱱᱚᱶᱟᱫᱚ ᱢᱚᱞᱤᱱᱜᱮ ᱾
"लेकिन मुझे लगता है कि हमें जो मिल सकता है, हम उसी से काम चला लेंगे।",ᱢᱮᱱᱠᱷᱟᱱ ᱤᱧ ᱚᱱᱢᱟᱱ ᱮᱫᱟ ᱡᱟᱦᱟᱸᱵᱚ ᱧᱟᱢᱟ ᱚᱱᱟ ᱛᱮᱜᱮ ᱵᱚᱱ ᱠᱚᱨᱟᱣᱼᱟ ᱾
वहाँ कैमरे के इस्तेमाल कर सकते हैं ना?,"ᱚᱸᱰᱮ ᱠᱮᱢᱮᱨᱟ ᱵᱮᱣᱦᱟᱨ ᱴᱷᱤᱠ ᱜᱮᱭᱟ, ᱥᱮ ᱵᱟᱝ ?"
"हाँ, बिल्कुल, कैमरा ला सकते हैं।","ᱦᱮᱸ, ᱮᱠᱟᱞ ᱜᱮ, ᱠᱮᱢᱮᱨᱟ ᱫᱚ ᱪᱷᱟᱹᱲ ᱜᱮᱭᱟ ᱾"
"गुड मॉर्निंग, तुम्हारी महाराष्ट्र की ट्रिप कैसी रही?","ᱥᱟᱹᱜᱩᱱ ᱥᱮᱛᱟᱜ, ᱟᱢᱟᱜ ᱢᱚᱦᱟᱨᱟᱥᱴᱨᱚ ᱥᱟᱸᱜᱷᱟᱨ ᱚᱠᱟ ᱞᱮᱠᱟ ᱛᱟᱦᱮᱸᱠᱟᱱᱟ ?"
"हेलो, बहुत ही शानदार थी।","ᱦᱮᱞᱳ, ᱟᱹᱰᱤ ᱱᱟᱯᱟᱭ ᱾"
मैं बहुत सी जगहों पर गई और लोकल खाने से लेकर कुछ प्रसिद्ध स्थानों तक बहुत कुछ ट्राई किया।,ᱤᱧ ᱟᱭᱢᱟ ᱡᱟᱭᱜᱟᱧ ᱧᱮᱞ ᱠᱮᱫᱟ ᱟᱨ ᱚᱱᱟ ᱠᱚᱨᱮᱱᱟᱜ ᱡᱚᱢᱟᱜ ᱠᱷᱚᱱ ᱮᱦᱚᱵ ᱠᱟᱛᱮᱜ ᱠᱤᱪᱷᱤ ᱧᱩᱢ ᱩᱨᱩᱢ ᱡᱟᱭᱜᱟᱧ ᱧᱮᱞ ᱟᱹᱪᱩᱨ ᱠᱮᱫᱟ ᱾
"तुम्हें मुझको सब कुछ बताना होगा, आखिर तुम मुझे यहाँ पर अकेला छोड़ कर पूरे हफ्ते के लिए अकेले ही चली गई थी।","ᱤᱧ ᱥᱟᱱᱟᱢᱟᱜ ᱞᱟᱹᱭᱟᱹᱧ ᱦᱩᱭᱩᱜ ᱛᱟᱢᱟ, ᱟᱨ ᱡᱚᱛᱚᱠᱷᱚᱱ ᱢᱟᱨᱟᱝ ᱠᱟᱛᱷᱟ ᱤᱧ ᱱᱚᱸᱰᱮ ᱮᱠᱞᱟ ᱵᱟᱹᱜᱤ ᱠᱟᱛᱮᱜ ᱢᱤᱫ ᱦᱟᱯᱛᱟ ᱞᱟᱹᱜᱤᱫ ᱟᱢ ᱮᱠᱞᱟᱜᱮᱢ ᱥᱮᱱ ᱮᱱᱟ ᱿"
तुम्हें भी महाराष्ट्र घूम कर आना चाहिए।,ᱟᱢᱦᱚᱸ ᱢᱚᱦᱟᱨᱟᱥᱴᱨᱚ ᱫᱟᱲᱟᱱ ᱪᱟᱞᱟᱜ ᱦᱩᱭᱩᱜ ᱛᱟᱢᱟ ᱾
"वहाँ पर कितनी सारी जगहें हैं जो तुम देख सकती हो, खासकर जब तुम्हें ऐतिहासिक जगहें पसंद हों।","ᱚᱸᱰᱮ ᱟᱭᱢᱟ ᱚᱱᱠᱟᱱ ᱡᱟᱭᱜᱟ ᱢᱮᱱᱟᱜᱼᱟ ᱡᱟᱦᱟᱸᱠᱚ ᱟᱢᱮᱢ ᱧᱮᱞ ᱫᱟᱲᱮᱭᱟᱜᱼᱟ, ᱟᱨ ᱵᱤᱥᱮᱥ ᱠᱟᱭᱛᱮ ᱡᱚᱠᱷᱚᱱ ᱟᱢ ᱱᱟᱜᱟᱢᱤᱭᱟᱹ ᱴᱷᱟᱶᱨᱮᱢ ᱪᱟᱞᱟᱜᱼᱟ ᱾"
"हाँ, मैंने महाराष्ट्र की ऐतिहासिक धरोहर के बारे में बहुत सुन रखा है।","ᱦᱮᱸ, ᱤᱧ ᱢᱚᱦᱟᱨᱟᱥᱴᱨᱚ ᱨᱮᱭᱟᱜ ᱱᱟᱜᱟᱢ ᱥᱮᱨᱣᱟ ᱤᱫᱤ ᱠᱟᱛᱮᱜ ᱟᱭᱢᱟ ᱠᱟᱛᱷᱟᱧ ᱟᱸᱡᱚᱢ ᱟᱠᱟᱫᱟ ᱾"
क्या तुम औरंगाबाद गई थीं?,ᱟᱢ ᱳᱣᱨᱚᱝᱜᱚᱵᱟᱫ ᱮᱢ ᱥᱮᱱᱞᱮᱱᱟ ᱿
"बिलकुल, इस बार मैं इस मौके को कैसे छोड़ देती।","ᱱᱤᱦᱟᱹᱛ ᱜᱮ, ᱱᱤᱭᱟᱹ ᱵᱟᱨ ᱫᱚ ᱚᱱᱟ ᱮᱨᱮᱲ ᱨᱮᱭᱟ ᱫᱟᱣᱜᱮ ᱵᱟᱹᱧ ᱦᱟᱛᱟᱣ ᱟᱠᱟᱫᱟ ᱾"
मैंने इन जगहों के बारे में पहले ही इतना सुन रखा है और पिछली बार समय की कमी के कारण औरंगाबाद जा नहीं सकी थी।,ᱱᱤᱭᱟᱹ ᱢᱩᱫᱽ ᱤᱧ ᱚᱱᱟ ᱴᱷᱟᱶᱠᱚ ᱤᱫᱤ ᱠᱟᱛᱮᱜ ᱟᱭᱢᱟᱧ ᱯᱟᱲᱦᱟᱣ ᱟᱠᱟᱫᱟ ᱟᱨ ᱢᱩᱪᱟᱹᱫ ᱫᱷᱟᱣ ᱳᱣᱨᱚᱝᱜᱚᱵᱟᱫ ᱪᱟᱞᱟᱜ ᱚᱠᱛᱚ ᱵᱟᱹᱧ ᱛᱟᱦᱮᱸᱠᱟᱱᱟ ᱿
इस बार तुम वहाँ पर कितने दिन रहीं और तुमने वहाँ क्या-क्या देखा?,ᱟᱢ ᱚᱸᱰᱮ ᱛᱤᱱᱟᱹᱜ ᱫᱤᱱᱮᱢ ᱠᱟᱴᱟᱣ ᱟᱠᱟᱫᱟ ᱟᱨ ᱟᱢ ᱪᱮᱫᱠᱚᱢ ᱧᱮᱞ ᱟᱠᱟᱫᱟ ?
इस बार मैं वहाँ पर करीबन 10 दिनों के लिए थी और मेरे पास काफी समय था।,ᱱᱤᱭᱟᱹ ᱵᱟᱨᱫᱚ ᱤᱧ ᱡᱟᱹᱱᱤᱡ ᱑᱐ ᱫᱤᱱ ᱞᱟᱹᱜᱤᱫ ᱚᱸᱰᱮᱧ ᱛᱟᱦᱮᱸᱠᱟᱱᱟ ᱚᱱᱟᱛᱮ ᱪᱟᱵᱟᱭ ᱞᱟᱹᱜᱤᱫ ᱟᱹᱰᱤ ᱜᱷᱟᱹᱲᱤᱡ ᱤᱧ ᱛᱟᱦᱮᱸᱠᱟᱱᱟ ᱿
मैं अजन्ता और एलोरा की गुफाएं देखने गई थी।,ᱤᱧᱫᱚ ᱧᱩᱛᱩᱢᱟᱱ ᱚᱡᱚᱱᱛᱟ ᱟᱨ ᱤᱞᱳᱨᱟ ᱜᱷᱚᱸᱜᱚᱨ ᱤᱧ ᱧᱮᱞ ᱟᱠᱟᱫᱟ ᱿
अजन्ता की गुफाएं औरंगाबाद की सबसे पुरानी ऐतिहासिक जगहों में से हैं और ये अपनी केव पेंटिंग्स और बौद्ध मूर्तियों के लिए जानी जाती हैं।,"ᱚᱡᱚᱱᱛᱟ ᱜᱷᱚᱸᱜᱚᱨ, ᱳᱣᱨᱚᱝᱜᱚᱵᱟᱫ ᱨᱮᱭᱟᱜ ᱧᱩᱢᱟᱱ ᱢᱟᱨᱮᱱ ᱱᱟᱜᱟᱢᱤᱭᱟᱹ ᱴᱷᱟᱶᱠᱚ ᱟᱠᱚᱣᱟᱜ ᱜᱷᱚᱸᱜᱚᱨ ᱪᱤᱛᱟᱹᱨ ᱟᱨ ᱵᱳᱣᱫᱷᱚ ᱜᱚᱲᱦᱚᱱ ᱠᱷᱟᱹᱛᱤᱨ ᱛᱮ ᱥᱚᱨᱮᱥ ᱜᱮᱭᱟ ᱿"
चारों तरफ हरी-भरी पहाड़ियों से घिरी ये गुफाएं शानदार भारतीय आर्किटेक्चर दर्शाती हैं।,"ᱱᱚᱶᱟ ᱵᱮᱲᱦᱟᱭᱛᱮ ᱱᱤᱨᱚᱲ ᱵᱩᱨᱩ, ᱱᱚᱶᱟ ᱜᱷᱚᱸᱜᱚᱨ ᱠᱚᱫᱚ ᱵᱦᱟᱨᱚᱛᱤᱭᱚ ᱠᱩᱸᱫᱟᱹᱣ ᱪᱤᱛᱟᱹᱨ ᱠᱚᱭ ᱡᱷᱟᱞᱠᱟᱣᱼᱟ ᱾"
एलोरा की गुफाएं दुनिया कि सबसे बड़ी चट्टानें काट कर बनाई गई गुफाओं में से हैं।,ᱤᱞᱳᱨᱟ ᱜᱷᱚᱸᱜᱚᱨ ᱫᱷᱟᱹᱨᱛᱤ ᱨᱮᱭᱟᱜ ᱡᱚᱛᱚᱠᱷᱚᱱ ᱢᱟᱨᱟᱝ ᱫᱷᱤᱨᱤ ᱠᱩᱸᱫᱟᱹᱣ ᱜᱷᱚᱸᱜᱚᱨ ᱠᱚ ᱢᱩᱫᱽᱨᱮ ᱢᱤᱫᱴᱟᱝ ᱞᱮᱠᱟᱛᱮ ᱵᱟᱪᱷᱟᱚᱣᱜᱼᱟ ᱿
"इनका निर्माण 600 और 1000 ईस्वी के बीच हुआ था, एलोरा की गुफाओं में 100 हिंदू, जैन और बौद्ध गुफाएं हैं, जिनमें से 34 दर्शकों के लिए खुली हैं।","ᱱᱚᱶᱟ ᱠᱚᱫᱚ ᱖᱐᱐ ᱟᱨ ᱑᱐᱐᱐ ᱥᱤᱤ ᱢᱩᱫᱽᱨᱮ ᱵᱮᱱᱟᱣ ᱟᱠᱟᱱᱟ, ᱤᱞᱳᱨᱟ ᱜᱩᱦᱟ ᱫᱚ ᱑᱐᱐ ᱜᱚᱴᱟᱝ ᱦᱤᱱᱫᱩ, ᱡᱳᱭᱱᱚ ᱟᱨ ᱵᱳᱣᱫᱷᱚ ᱜᱩᱦᱟᱛᱮ ᱵᱮᱱᱟᱣ ᱟᱠᱟᱱᱟ, ᱡᱟᱦᱟᱸᱠᱚ ᱢᱩᱫᱽᱨᱮ ᱓᱔ ᱜᱚᱴᱟᱝ ᱫᱚ ᱧᱮᱧᱮᱞ ᱠᱚ ᱞᱟᱹᱜᱤᱫ ᱫᱚ ᱡᱷᱤᱡ ᱜᱮᱭᱟ ᱾"
क्या तुमने कैलाशनाथ मंदिर देखा?,ᱟᱢ ᱠᱳᱭᱞᱟᱥᱱᱟᱛᱷ ᱢᱚᱱᱫᱤᱨ ᱮᱢ ᱧᱮᱞ ᱟᱠᱟᱫᱟ ?
मैंने सुना है कि ये चट्टानें काट कर बनाया गया सबसे बड़ा मोनोलिथिक मंदिर है।,ᱤᱧ ᱟᱸᱡᱚᱢ ᱟᱠᱟᱫᱟ ᱱᱚᱶᱟᱫᱚ ᱫᱷᱤᱨᱤ ᱠᱩᱸᱫᱟᱹᱣ ᱠᱟᱛᱮᱜ ᱵᱮᱱᱟᱣ ᱢᱚᱱᱫᱤᱨ ᱠᱟᱱᱟ ᱾
कैलाशनाथ बहुत ही शानदार गुफा मंदिर है जो एलोरा की 34 पुरानी गुफाओं में से एक है।,ᱠᱳᱭᱞᱟᱥᱱᱟᱛᱷ ᱢᱚᱱᱫᱤᱨ ᱢᱤᱫ ᱦᱟᱦᱟᱲᱟᱼᱟᱱ ᱜᱩᱦᱟ ᱢᱚᱱᱫᱤᱨ ᱠᱟᱱᱟᱢ ᱡᱟᱦᱟᱸᱫᱚ ᱤᱞᱳᱨᱟ ᱨᱮᱭᱟᱜ ᱓᱔ ᱜᱚᱴᱟᱝ ᱢᱟᱨᱮ ᱜᱩᱦᱟ ᱠᱚ ᱢᱩᱫ ᱨᱮᱭᱟᱜ ᱢᱤᱫᱴᱟᱝ ᱠᱟᱱᱟ ᱾
"एलोरा की गुफाओं में से 16वीं गुफा, कैलाशनाथ मोनोलिथिक संरचना है जिसे राष्ट्रकूट वंश के दौरान बनाया गया था और जो भगवान शिव को समर्पित है।","ᱤᱞᱳᱨᱟ ᱫᱚ ᱜᱩᱦᱟ ᱠᱚ ᱨᱮᱭᱟᱜ ᱑᱖ ᱟᱱᱟᱜ ᱜᱩᱦᱟ ᱠᱟᱱᱟ, ᱠᱳᱭᱞᱟᱥᱱᱟᱛᱷ ᱫᱚ ᱦᱩᱭᱩᱜ ᱠᱟᱱᱟ ᱨᱟᱥᱴᱨᱚᱠᱩᱴ ᱨᱟᱡᱽᱵᱚᱝᱥᱚ ᱚᱠᱛᱮ ᱨᱮ ᱵᱮᱱᱟᱣ ᱟᱠᱟᱱᱟ ᱟᱨ ᱥᱤᱵ ᱵᱚᱸᱜᱟ ᱥᱳᱯᱨᱳᱫ ᱟᱠᱟᱱ ᱢᱤᱫᱴᱟᱝ ᱫᱷᱤᱨᱤ ᱜᱚᱲᱦᱚᱱ ᱾"
तुम्हारा मतलब है कि यह द्रविड़ आर्किटेक्चर है?,ᱟᱢᱮᱢ ᱞᱟᱭ ᱟᱪᱚᱭᱮᱫᱟ ᱱᱚᱶᱟᱫᱚ ᱫᱨᱟᱵᱤᱲ ᱵᱮᱱᱟᱣ ᱠᱟᱹᱨᱤ ᱠᱟᱱᱟ ?
ये पूरी तरह से द्रविड़ आर्किटेक्चर में है।,ᱱᱚᱶᱟᱫᱚ ᱯᱩᱨᱟᱹᱜᱮ ᱫᱨᱟᱵᱤᱲ ᱵᱮᱱᱟᱣ ᱠᱟᱹᱨᱤ ᱠᱟᱱᱟ ᱾
"29 बौद्ध रॉक-कट गुफाएँ हैं जिनमें शांति और पवित्रता महसूस होती है और जो प्रसिद्ध अजंता की गुफाओं का एक हिस्सा हैं, जो दूसरी शताब्दी ईसा पूर्व में बनाई गई थीं और जिनमें मठ और चैत्य गृह हैं।","ᱧᱩᱛᱩᱢᱟᱱ ᱚᱡᱚᱱᱛᱟ ᱜᱩᱦᱟ ᱦᱤᱸᱥᱨᱮ, ᱜᱩᱴ ᱒᱙ ᱜᱚᱴᱟᱝ ᱫᱷᱤᱨᱤᱼᱜᱮᱫ ᱟᱜ ᱵᱳᱣᱫᱷᱚ ᱜᱩᱦᱟ ᱢᱮᱱᱟᱜᱼᱟ ᱡᱟᱦᱟᱸᱫᱚ ᱥᱟᱹᱱᱛᱤ ᱟᱨ ᱱᱤᱨᱟᱹᱞᱟᱭ ᱵᱮᱱᱟᱣᱼᱟ, ᱚᱱᱟᱠᱚᱫᱚ ᱠᱷᱤᱥᱴᱚ ᱯᱩᱨᱵᱚ ᱒ ᱥᱚᱛᱟᱵᱫᱤ ᱨᱮᱭᱟᱜ ᱠᱟᱱᱟ ᱟᱨ ᱱᱚᱸᱰᱮ ᱢᱚᱴᱷ ᱟᱨ ᱪᱳᱭᱛᱚ ᱜᱨᱤᱦᱚ ᱠᱚ ᱢᱮᱱᱟᱜᱼᱟ ᱾"
गुफाओं की दीवारों पर सुंदर भित्ति-चित्र और प्रभावकारी मूर्तियाँ हैं जो गौतम बुद्ध के जीवन के बारे में बताती हैं।,ᱜᱩᱦᱟ ᱠᱚ ᱨᱮᱭᱟᱜ ᱵᱷᱤᱛ ᱫᱚ ᱱᱟᱯᱟᱭ ᱪᱤᱛᱟᱹᱨ ᱟᱨ ᱨᱚᱡᱷᱤᱟᱹᱜ ᱞᱮᱠᱟᱱ ᱜᱚᱲᱦᱚᱱ ᱪᱤᱛᱟᱹᱨ ᱛᱮ ᱥᱟᱡᱟᱣ ᱢᱮᱱᱟᱜᱼᱟ ᱡᱟᱦᱟᱸᱫᱚ ᱜᱳᱣᱛᱚᱢ ᱵᱩᱫᱫᱷᱚᱼᱟᱜ ᱡᱤᱭᱤᱱᱤᱫᱤ ᱠᱟᱛᱮᱭ ᱞᱟᱹᱭᱟ ᱿
"हाँ, बौद्ध वास्तुकला इस उपमहाद्वीप की सबसे पुरानी उपलब्धियों में से एक है।","ᱥᱟᱹᱨᱤᱜᱮ, ᱵᱳᱣᱫᱷᱚ ᱛᱷᱟᱯᱚᱛᱛᱚ ᱩᱯᱚᱢᱟᱦᱟᱫᱤᱥᱚᱢ ᱨᱮᱭᱟᱜ ᱡᱚᱛᱚᱠᱷᱚᱱ ᱢᱟᱨᱮᱱ ᱮᱱᱮᱢ ᱠᱟᱱᱟ ᱾"
वहाँ का इस्लामी आर्किटेक्चर कैसा है?,ᱚᱸᱰᱮᱱᱟᱜ ᱢᱩᱥᱞᱟᱹ ᱠᱩᱸᱫᱟᱹᱣ ᱠᱟᱹᱨᱤ ᱨᱮᱭᱟᱜ ᱫᱚ ᱪᱮᱫ ᱦᱩᱭᱩᱜᱼᱟ ?
"तुम्हें हर हाल में जामा मस्जिद जाना चाहिए, जो औरंगाबाद की महत्वपूर्ण धार्मिक इमारतों में से एक है जो अपने बेमिसाल आर्किटेक्चर के लिए जानी जाती है।","ᱟᱢᱫᱚ ᱡᱟᱢᱟ ᱢᱚᱥᱡᱤᱫ ᱧᱮᱞ ᱞᱟᱹᱠᱛᱤ ᱠᱟᱱᱟ, ᱡᱟᱦᱟᱸᱫᱚ ᱟᱫᱷᱟᱛᱛᱤᱠ ᱞᱮᱠᱟᱛᱮ ᱞᱟᱹᱠᱛᱤᱭᱟᱢ ᱳᱣᱨᱚᱝᱜᱚᱵᱟᱫ ᱩᱭᱦᱟᱹᱨ ᱵᱟᱛᱷᱟᱱ ᱠᱚ ᱢᱩᱫ ᱨᱮᱱᱟᱜ ᱢᱤᱫᱴᱟᱝ ᱠᱟᱱᱟ ᱟᱨ ᱱᱚᱶᱟᱫᱚ ᱟᱡᱟᱜ ᱜᱚᱲᱦᱚᱱ ᱠᱟᱹᱨᱤ ᱞᱟᱹᱜᱤᱫ ᱟᱹᱰᱤᱭ ᱱᱟᱯᱟᱭ ᱜᱮᱭᱟ ᱾"
"इस इस्लामी मज़ार में कुल 50 पॉलिगोनल खंभे हैं, लंबी मीनारें हैं और हैरान करने वाले मेहराब हैं।","ᱱᱤᱭᱟᱹ ᱢᱩᱥᱞᱟᱹ ᱫᱮᱵᱟᱼᱥᱮᱵᱟ ᱴᱷᱟᱶᱨᱮ ᱜᱩᱴ ᱕᱐ ᱜᱚᱴᱟᱝ ᱵᱚᱦᱩᱵᱷᱩᱡ ᱠᱷᱩᱱᱴᱤ, ᱩᱥᱩᱞ ᱢᱤᱱᱟᱨ ᱟᱨ ᱦᱟᱦᱟᱲᱟᱼᱟᱱ ᱠᱷᱤᱞᱟᱱ ᱢᱮᱱᱟᱜᱼᱟ ᱾"
क्या तुमने औरंगाबाद की गुफाएं भी देखीं जो अजन्ता और एलोरा की गुफाओं से थोड़ी अलग हैं?,"ᱟᱢ ᱪᱮᱫ ᱳᱣᱨᱚᱝᱜᱚᱵᱟᱫ ᱜᱩᱦᱟᱢ ᱧᱮᱞ ᱟᱠᱟᱫᱟ, ᱡᱟᱦᱟᱸ ᱠᱚᱫᱚ ᱚᱡᱚᱱᱛᱟ ᱟᱨ ᱤᱞᱳᱨᱟ ᱠᱷᱚᱱ ᱱᱟᱥᱮ ᱱᱟᱜ ᱵᱷᱮᱜᱟᱨ ᱜᱮᱭᱟ ?"
हाँ। 9वी शताब्दी ईस्वी में खुदाई कर के बनाई गई पाँच पुरानी जैन गुफाओं का यह समूह एलोरा की गुफाओं में है और औरंगाबाद की सबसे रोचक जगहों में से है।,"ᱦᱮᱸ, ᱙ ᱟᱱᱟᱜ ᱥᱚᱛᱟᱵᱫᱤ ᱨᱮ ᱱᱚᱶᱟ ᱞᱟ ᱦᱩᱭ ᱞᱮᱱᱟ,ᱤᱞᱳᱨᱟ ᱜᱩᱦᱟ ᱠᱚᱫᱚ ᱢᱚᱬᱮ ᱜᱚᱴᱟᱝ ᱢᱟᱨᱮ ᱡᱚᱭᱱᱚ ᱜᱩᱦᱟ ᱠᱚ ᱨᱮᱭᱟᱜ ᱢᱤᱫ ᱜᱩᱴ ᱢᱮᱱᱟᱜᱼᱟ ᱟᱨ ᱱᱚᱶᱟᱫᱚ ᱳᱣᱨᱚᱝᱜᱚᱵᱟᱫ ᱨᱮᱭᱟᱜ ᱢᱤᱫ ᱧᱩᱢᱟᱱ ᱩᱭᱦᱟᱹᱨ ᱵᱟᱛᱷᱟᱱᱮ ᱵᱮᱱᱟᱣ ᱟᱠᱟᱫᱟ ᱿"
सुंदर नक्काशी और पेंटिंग्स दर्शाती ये गुफाएं जैन मान्यताओं और उपदेशों का जश्न मनाती हैं।,"ᱨᱤᱡᱷᱟᱹᱜ ᱞᱮᱠᱟᱱ ᱠᱷᱚᱫᱟ ᱪᱤᱛᱟᱹᱨ ᱟᱨ ᱯᱮᱱᱴᱤᱝ ᱯᱷᱞᱟᱱᱴᱤᱝ, ᱱᱤᱭᱟᱹ ᱜᱷᱚᱸᱜᱚᱨ ᱠᱚᱫᱚ ᱡᱚᱭᱱᱚ ᱫᱷᱚᱨᱚᱢ ᱨᱮ ᱯᱟᱹᱛᱭᱟᱹᱣ ᱟᱨ ᱯᱟᱥᱱᱟᱣ ᱠᱚ ᱢᱟᱱᱟᱣᱼᱮᱫ ᱛᱟᱦᱮᱸᱜ ᱾"
"मेरे खयाल से तुम बीबी का मकबरा देखने तो जरूर गई होगी, जो ताज महल की कॉपी लगता है।","ᱤᱧ ᱢᱚᱱᱮᱭᱟ ᱦᱩᱭᱩᱜ ᱠᱟᱱᱟ ᱵᱤᱵᱤ ᱠᱟ ᱢᱟᱠᱵᱟᱨᱟ ᱧᱮᱞ ᱫᱚ ᱵᱟᱢ ᱦᱤᱲᱤᱧ ᱟᱠᱟᱫᱟ, ᱡᱟᱦᱟᱸᱫᱚ ᱛᱟᱡᱽᱢᱚᱦᱚᱞ ᱞᱮᱠᱟ ᱧᱮᱞᱚᱜᱼᱟ ᱿"
मैं वहां कैसे न जाती।,ᱤᱧᱫᱚ ᱫᱷᱟᱹᱨᱛᱤ ᱞᱟᱹᱜᱤᱫ ᱵᱟᱹᱧ ᱦᱤᱲᱤᱧ ᱫᱟᱲᱮᱭᱟᱜᱼᱟ ᱿
बीबी का मकबरा अंतिम मुगल राजा औरंगज़ेब ने अपनी प्यारी बीवी दिलरास बानो बेगम की याद में बनवाया था।,ᱵᱤᱵᱤᱼᱠᱟᱼᱢᱟᱠᱵᱟᱨᱟ ᱫᱚ ᱢᱩᱜᱷᱚᱞ ᱨᱟᱡᱽᱯᱟᱴ ᱨᱮᱢ ᱢᱩᱪᱟᱹᱫ ᱥᱟᱥᱚᱠ ᱳᱣᱨᱚᱝᱜᱚᱡᱮᱵ ᱟᱡᱽᱨᱮᱱ ᱫᱩᱞᱟᱹᱲᱤᱭᱟᱹ ᱚᱲᱟᱜ ᱮᱨᱟ ᱫᱤᱞᱨᱟᱥ ᱵᱟᱱᱩ ᱵᱮᱜᱚᱢ ᱼᱟᱜ ᱩᱭᱦᱟᱹᱨᱛᱮᱭ ᱵᱮᱱᱟᱣ ᱞᱮᱫᱟ ᱾
इसे प्यार का प्रतीक माना जाता है और ये औरंगाबाद की महत्वपूर्ण ऐतिहासिक जगहों में से एक है।,ᱱᱚᱶᱟᱫᱚ ᱫᱩᱞᱟᱹᱲ ᱨᱮᱭᱟᱜ ᱪᱤᱱᱦᱟᱹ ᱟᱨ ᱳᱣᱨᱚᱝᱜᱚᱵᱟᱫ ᱨᱮᱭᱟᱜ ᱧᱩᱛᱩᱢᱟᱱ ᱢᱩᱲᱩᱫ ᱱᱟᱜᱟᱢᱤᱭᱟᱹ ᱴᱷᱟᱶ ᱞᱮᱠᱟᱛᱮ ᱞᱟᱹᱭᱚᱜᱼᱟ ᱾
बारीक नक्काशी के साथ बिलकुल सफेद संगमरमर से बनी यह संरचना औरंगाबाद के सबसे बड़े स्मारकों में से एक है।,"ᱠᱷᱟᱹᱴᱤ ᱯᱳᱲ ᱢᱟᱨᱵᱮᱞ ᱛᱮ ᱵᱮᱱᱟᱣ ᱟᱨ ᱞᱤᱴᱤ ᱵᱤᱲᱥᱤ ᱠᱷᱚᱫᱟ ᱠᱟᱹᱨᱤᱛᱮ ᱥᱟᱡᱟᱣ, ᱱᱤᱭᱟᱹ ᱛᱷᱟᱯᱱᱟᱣ ᱨᱮᱦᱚᱸ ᱳᱣᱨᱚᱝᱜᱟᱵᱟᱫ ᱨᱮᱭᱟᱜ ᱡᱚᱛᱚᱠᱷᱚᱱ ᱢᱟᱨᱟᱝ ᱩᱭᱦᱟᱹᱨ ᱵᱟᱛᱷᱟᱱ ᱢᱩᱫᱨᱮ ᱢᱤᱫᱴᱟᱝ ᱠᱟᱱᱟ ᱾"
वाओ! मुझे तुम से जलन हो रही है।,ᱪᱮᱫ ᱱᱟᱯᱟᱭ ! ᱟᱢ ᱤᱧᱮᱢ ᱨᱟᱹᱜᱤ ᱟᱪᱚᱧ ᱠᱟᱱᱟ ᱾
"अगली बार मैं तुम्हारे साथ जाउंगी, चाहे कुछ भी हो जाए।",ᱛᱟᱭᱚᱢ ᱛᱮᱫᱚ ᱟᱨ ᱡᱟᱦᱟᱱᱟᱜ ᱜᱮ ᱦᱩᱭᱩᱜ ᱟᱢ ᱥᱟᱶᱛᱮ ᱤᱧᱦᱚᱧ ᱪᱟᱞᱟᱜᱼᱟ ᱾
"हे, सूफ़ी।","ᱟᱨᱮ, ᱥᱩᱯᱷᱤ ᱾"
अभी तुम बिज़ी हो क्या?,ᱟᱢ ᱪᱮᱫ ᱱᱤᱛ ᱡᱚᱦᱚᱲ ᱢᱮᱱᱟᱢᱟ ?
हे कीरत।,ᱟᱨᱮ ᱠᱤᱨᱟᱛ ᱾
नहीं कोई खास नहीं।,ᱟᱥᱚᱞᱨᱮ ᱚᱱᱠᱟ ᱫᱚ ᱾
बोलो।,ᱤᱧ ᱞᱟᱹᱭᱟᱹᱧ ᱢᱮ ᱾
मैं अपने दादू को उनके कुछ कागज़ात सँभालने में मदद कर रहा था।,ᱤᱧ ᱟᱯᱟᱛ ᱟᱡᱟᱜ ᱠᱤᱪᱷᱤ ᱠᱟᱜᱚᱡᱽ ᱨᱮᱭᱟᱜ ᱠᱟᱹᱢᱤ ᱨᱮᱧ ᱜᱚᱲᱚ ᱟᱫᱮ ᱛᱟᱦᱮᱸ ᱾
और मुझे एक स्कीम मिली जिसमें उन्होंने निवेश किया था लेकिन उन्हें उसके कोई डिटेल्स याद नहीं है।,ᱟᱨ ᱢᱤᱫᱴᱟᱝ ᱱᱚᱝᱠᱟᱱ ᱥᱠᱤᱢ ᱤᱧ ᱧᱟᱢ ᱟᱠᱟᱫᱟ ᱡᱟᱦᱟᱸ ᱫᱚ ᱩᱱᱤ ᱠᱟᱹᱣᱰᱤ ᱥᱚᱯᱚᱦᱚᱫ ᱮ ᱮᱢ ᱟᱠᱟᱫᱟ ᱮᱱᱠᱷᱟᱱ ᱱᱚᱶᱟ ᱨᱮᱭᱟᱜ ᱵᱚᱨᱱᱚᱱ ᱠᱚ ᱫᱚ ᱵᱟᱹᱧ ᱫᱤᱥᱟᱹ ᱮᱫᱟ ᱾
क्या तुम मेरी उसमें मदद करोगी?,ᱟᱢ ᱪᱮᱫ ᱤᱧ ᱮᱢ ᱜᱚᱲᱚ ᱫᱟᱲᱮ ᱟᱹᱧᱟᱹ ?
तुमने तो एक एन.जी.ओ. के साथ काम किया है जो सीनियर सिटिजन्स को इस तरह की चीज़ों में मदद करता है।,.ᱟᱢ ᱢᱤᱫᱴᱟᱝ NGO ᱥᱟᱶ ᱮᱢ ᱠᱟᱹᱢᱤᱟᱠᱟᱫᱟ ᱡᱟᱦᱟᱸ ᱯᱩᱨᱩᱫᱷᱩᱞ ᱱᱟᱜᱚᱨᱤᱭᱟᱹ ᱠᱚ ᱱᱚᱝᱠᱟᱱ ᱡᱤᱱᱤᱥ ᱠᱚᱨᱮᱭ ᱜᱚᱲᱚ ᱟᱫ ᱠᱚ ᱛᱟᱦᱮᱸ ᱾
"हाँ, हाँ।","ᱦᱮᱸ, ᱦᱮᱸ,᱾"
बताओ तुम्हें क्या दिखाई दे रहा है?,ᱞᱟᱹᱭ ᱢᱮ ᱟᱢ ᱪᱮᱫ ᱮᱢ ᱧᱮᱞ ᱮᱫᱟ ?
"तो, पेपर में लिखा है: पी.एम. वय वंदना योजना।",ᱛᱟᱦᱞᱮ ᱠᱷᱟᱱ ᱠᱟᱜᱚᱡᱽ ᱫᱚᱭ ᱯᱟᱲᱦᱟᱣ ᱟᱠᱟᱫᱟ ᱺ ᱯᱨᱚᱫᱷᱟᱱᱢᱚᱱᱛᱨᱤ ᱵᱷᱟᱭᱟ ᱵᱚᱱᱫᱚᱱᱟ ᱡᱳᱡᱚᱱᱟ ᱾
यह किस बारे में है?,ᱱᱚᱶᱟ ᱫᱚ ᱪᱮᱫ ᱵᱟᱨᱮᱛᱮ ?
क्या फ़ायदे हैं इसके?,ᱯᱚᱲᱛᱟ ᱫᱚ ᱪᱮᱫ ?
यह कैसे काम करता है?,ᱪᱮᱫ ᱞᱮᱠᱟᱭ ᱠᱟᱹᱢᱤᱭᱟ ?
"ओह, उन्होंने इसमें निवेश किया है?","ᱳᱦ, ᱩᱱᱤ ᱱᱚᱶᱟ ᱨᱮ ᱥᱚᱯᱚᱦᱚᱫ ᱠᱟᱹᱣᱰᱤᱭ ᱮᱢ ᱟᱠᱟᱫᱟ ?"
सरकार की ये एक अच्छी कल्याणकारी स्कीम है।,ᱱᱚᱶᱟ ᱫᱚ ᱥᱚᱨᱠᱟᱨ ᱟᱜ ᱵᱷᱟᱜᱮ ᱯᱟᱱᱛᱷᱟ ᱠᱟᱱᱟ ᱾
यह स्कीम वित्त मंत्रालय में आती है।,ᱱᱚᱶᱟ ᱯᱟᱱᱛᱷᱟ ᱫᱚ ᱠᱟᱹᱣᱰᱤ ᱛᱷᱚᱱᱚᱛᱨᱮ ᱢᱮᱱᱟᱜᱼᱟ ᱾
यह सीनियर सिटिज़न्स को मार्केट के वित्तीय प्रभाव से सुरक्षित रखने के लिए बनाई गई है।,ᱱᱚᱶᱟ ᱫᱚ ᱯᱩᱨᱩᱫᱷᱩᱞ ᱱᱟᱜᱚᱨᱤᱭᱟᱹ ᱠᱚ ᱵᱟᱡᱟᱨ ᱨᱮᱭᱟᱜ ᱠᱟᱹᱣᱰᱤ ᱚᱨᱥᱚᱝ ᱠᱷᱚᱱ ᱵᱟᱧᱪᱟᱣ ᱞᱟᱹᱜᱤᱫ ᱵᱮᱱᱟᱣ ᱦᱩᱭ ᱟᱠᱟᱱᱟ ᱾
मैं समझा नहीं?,ᱤᱧ ᱫᱚ ᱪᱮᱫ ᱵᱟᱹᱧ ᱧᱟᱢᱼᱟ ?
यह उन्हें डायनैमिक मार्केट निवेश से कैसे सुरक्षित रखती है?,ᱪᱮᱫ ᱞᱮᱠᱟᱛᱮ ᱱᱚᱶᱟ ᱫᱚ ᱪᱟᱞᱟᱜᱠᱟᱱ ᱵᱟᱡᱟᱨ ᱨᱮᱭᱟᱜ ᱥᱚᱯᱚᱦᱚᱫ ᱠᱟᱹᱣᱰᱤ ᱠᱷᱚᱱ ᱮ ᱵᱟᱧᱪᱟᱣᱼᱟ ᱾
मैं समझाती हूँ।,ᱵᱤᱪᱷᱱᱟᱹᱣ ᱛᱮ ᱞᱟᱹᱭᱟᱹᱧ ᱢᱮ ᱾
"तो, अगर निवेश करने से ब्याज से होने वाली आय में भविष्य में गिरावट आती है, तो ये स्कीम इस तरह के अनिश्चितता वाले निवेश के विकल्प बताती है।","ᱮᱱᱠᱷᱟᱱ, ᱡᱩᱫᱤ ᱥᱚᱯᱚᱦᱚᱫ ᱠᱟᱹᱣᱰᱤ ᱠᱷᱚᱱ ᱦᱟᱯᱮᱱᱫᱤᱱ ᱨᱮ ᱥᱩᱫᱽ ᱟᱨᱡᱟᱣ ᱦᱟᱯᱤᱫᱚᱜᱼᱟ ᱮᱱᱠᱷᱟᱱ ᱱᱚᱶᱟ ᱥᱠᱤᱢ ᱫᱚ ᱱᱚᱝᱠᱟᱱ ᱵᱤᱱ ᱴᱷᱟᱹᱣᱠᱟᱹ ᱟᱱ ᱥᱚᱯᱚᱦᱚᱫ ᱠᱟᱹᱣᱰᱤ ᱠᱷᱚᱱ ᱮᱴᱟᱜ ᱦᱚᱨᱟᱭ ᱥᱟᱨᱵᱷᱟᱨᱼᱟ ᱾"
"इस स्कीम में, सीनियर सीटिज़न्स को उनके निवेश पर 8 परसेंट का रिटर्न पक्के तौर पर मिलता है।",ᱱᱚᱶᱟ ᱯᱟᱱᱛᱷᱟ ᱨᱮᱭᱟᱜ ᱟᱣᱛᱟᱨᱮ ᱯᱩᱨᱩᱫᱷᱩᱞ ᱱᱟᱜᱚᱨᱤᱭᱟᱹ ᱠᱚ ᱫᱚ ᱟᱠᱚᱣᱟᱜ ᱥᱚᱯᱚᱦᱚᱫ ᱞᱟᱹᱜᱤᱫ ᱔ ᱥᱟᱭᱦᱤᱸᱥ ᱧᱟᱢ ᱨᱮᱭᱟᱜ ᱠᱚ ᱟᱥᱚᱜᱼᱟ ᱾
"और अगर कोई डिफ़रेंशियल रिटर्न होता है, तो सरकार उसका भार उठाती है।",ᱟᱨ ᱡᱩᱫᱤ ᱡᱟᱦᱟᱱ ᱰᱤᱯᱟᱨᱮᱱᱥᱤᱭᱟᱞ ᱨᱤᱴᱟᱨᱱ ᱛᱟᱦᱮᱱᱟ ᱮᱱᱠᱷᱟᱱ ᱚᱱᱟ ᱫᱚ ᱥᱚᱨᱠᱟᱨ ᱜᱮᱭ ᱵᱚᱦᱚᱱᱼᱟ ᱾
डिफ़रेंशियल रिटर्न क्या होता है?,ᱰᱤᱯᱷᱟᱨᱮᱱᱥᱤᱭᱟᱞ ᱨᱤᱴᱟᱨᱱ ᱫᱚ ᱪᱮᱫ ᱠᱟᱱᱟ ?
ये स्कीम एल.आई.सी. के सहयोग से है।,ᱱᱚᱶᱟ ᱥᱠᱤᱢ ᱫᱚ LIC ᱟᱜ ᱜᱚᱲᱚᱛᱮ ᱢᱮᱱᱟᱜᱼᱟ ᱾
"तो, एल.आई.सी. तुम्हारे निवेश पर 8 परसेंट पक्के तौर पर देगी।","ᱮᱱᱠᱷᱟᱱ, LIC ᱠᱟᱹᱣᱰᱤ ᱥᱚᱯᱚᱦᱚᱫ ᱞᱟᱹᱜᱤᱫ ᱔ ᱥᱟᱭᱦᱤᱸᱥ ᱮᱢᱚᱜ ᱨᱮᱭᱟᱜ ᱟᱸᱥ ᱮ ᱮᱢᱟᱢᱟ ᱾"
"अगर कोई अंतर होता है यानी अगर कोई नुक़सान होते हैं, तो सरकार उसका भार उठाएगी।","ᱡᱩᱫᱤ ᱡᱟᱦᱟᱱ ᱵᱷᱮᱜᱟᱨ ᱛᱟᱦᱮᱱᱟ, ᱡᱮᱞᱮᱠᱟ ᱡᱟᱦᱟᱱ ᱠᱷᱚᱛᱤ ᱦᱩᱭ ᱞᱮᱱᱠᱷᱟᱱ ᱥᱚᱨᱠᱟᱨ ᱚᱱᱟᱭ ᱵᱚᱦᱚᱱᱼᱟ ᱾"
तुम्हारा निवेश फिर भी 8 परसेंट रहेगा।,ᱟᱢᱟᱜ ᱥᱚᱯᱚᱦᱚᱫ ᱠᱟᱹᱣᱰᱤ ᱱᱤᱛᱦᱚᱸ ᱔ ᱥᱟᱭᱦᱤᱸᱥ ᱦᱩᱭᱩᱜᱼᱟ ᱾
"ओह, अच्छा।","ᱳᱦ, ᱴᱷᱤᱠ ᱜᱮᱭᱟ ᱾"
अब मैं समझा।,ᱤᱧ ᱱᱤᱛ ᱜᱮ ᱱᱚᱶᱟ ᱧᱟᱢ ᱠᱮᱫᱟ ᱾
और इसकी अदायगी के बारे में?,ᱟᱨ ᱯᱮᱟᱣᱩᱴ ᱵᱟᱵᱚᱛ ᱫᱚ ᱪᱮᱫ ?
अदायगी 10 साल के लिए मासिक है।,ᱯᱮᱟᱣᱩᱴ ᱠᱚ ᱫᱚ ᱪᱟᱸᱫᱚ ᱯᱤᱪᱷᱤ ᱑᱐ ᱥᱮᱨᱢᱟ ᱨᱮᱭᱟᱜ ᱠᱟᱱᱟ ᱾
दादू ने कितना निवेश किया है?,ᱵᱟᱵᱟ ᱛᱤᱱᱟᱹ ᱠᱟᱹᱣᱰᱤᱭ ᱮᱢ ᱟᱠᱟᱫᱟ ?
शुरू में 7.5 लाख और बाद में 15 दिखा रहा है।,ᱱᱚᱶᱟ ᱫᱚ ᱯᱳᱭᱞᱳ ᱨᱮ ᱗ᱹ᱕ ᱞᱚᱠᱷᱚ ᱟᱨ ᱛᱟᱭᱚᱢᱛᱮ ᱑᱕ ᱩᱫᱩᱜᱼᱟ ᱾
"हाँ, तो यह सिर्फ़ एक साल की सदस्यता के लिए ही खुला था और और बाद में प्रति परिवार निवेश की कैपिंग बढ़ा दी गई थी।","ᱦᱮᱸ, ᱮᱱᱠᱷᱟᱱ ᱱᱚᱶᱟ ᱫᱚ ᱥᱩᱢᱩᱝ ᱢᱤᱫ ᱥᱮᱨᱢᱟ ᱞᱟᱹᱜᱤᱫ ᱥᱟᱵᱽᱥᱠᱨᱤᱯᱥᱚᱱ ᱵᱟᱵᱚᱛ ᱡᱷᱤᱡ ᱛᱟᱦᱮᱸ ᱠᱟᱱᱟ ᱟᱨ ᱥᱚᱯᱚᱦᱚᱫ ᱠᱮᱢᱯᱤᱝ ᱛᱟᱭᱚᱢ ᱜᱷᱟᱨᱚᱸᱡᱽ ᱯᱤᱪᱷᱤ ᱵᱟᱲᱦᱟᱣ ᱦᱩᱭ ᱠᱞᱮᱱᱟ ᱾"
इससे वाकई बहुत मदद मिली।,ᱱᱚᱶᱟ ᱫᱚ ᱥᱟᱹᱨᱤ ᱜᱮ ᱜᱚᱲᱚᱭ ᱮᱢᱚᱜ ᱠᱟᱱᱟ ᱾
उन्हें ऐसा करने के बारे में कुछ याद नहीं है।,ᱱᱚᱶᱟ ᱠᱚᱨᱟᱣ ᱨᱮᱭᱟᱜ ᱡᱟᱦᱟᱱ ᱩᱭᱦᱟᱹᱨ ᱩᱱᱤᱭᱟᱜ ᱫᱚ ᱵᱟᱹᱱᱩᱜᱼᱟ ᱾
मैं उनके ऑफ़िस जाऊँगा और इसके बारे में पता करूँगा।,ᱤᱧ ᱩᱱᱠᱚᱣᱟᱜ ᱚᱯᱷᱤᱥᱨᱮ ᱥᱮᱱᱠᱟᱛᱮ ᱟᱨᱦᱚᱸᱧ ᱵᱟᱰᱟᱭ ᱫᱟᱲᱮᱭᱟᱜᱼᱟ ᱾
कभी भी यार।,ᱡᱟᱦᱟᱸ ᱛᱤᱱ ᱚᱠᱛᱮ ᱜᱮ ᱾
अगर तुम्हें कुछ और जानकारी चाहिए हो तो मुझे बताना।,ᱤᱧᱟᱜ ᱡᱟᱦᱟᱱ ᱵᱟᱹᱲᱛᱤ ᱰᱚᱜᱚᱨ ᱞᱟᱹᱠᱛᱤᱜ ᱠᱷᱚᱟᱱ ᱵᱟᱰᱟᱭ ᱦᱚᱪᱚᱟᱹᱧ ᱢᱮ ᱾
अपना ख्रयाल रखना।,ᱡᱚᱛᱚᱱᱚᱜ ᱢᱮ ᱾
गुड मॉर्निंग क्लास।,ᱥᱟᱹᱜᱩᱱ ᱥᱮᱛᱟᱜ ᱠᱞᱟᱥ ᱾
सभी अपनी-अपनी सीट पर बैठ जाएँ।,"ᱥᱟᱱᱟᱢ ᱠᱚ, ᱫᱟᱭᱟ ᱠᱟᱛᱮ ᱡᱤᱨᱟᱹᱣᱚᱜ ᱯᱮ ᱾"
आज हम मतदाताओं के बारे में बात करेंगे।,ᱛᱮᱹᱦᱮᱹᱧ ᱟᱵᱚ ᱵᱷᱳᱴᱟᱨ ᱠᱚᱣᱟᱜ ᱠᱟᱛᱷᱟ ᱵᱚᱱ ᱞᱟᱹᱭᱼᱟ ᱾
"हम सब जानते हैं कि जो व्यक्ति चुनाव में अपना वोट डालता है, उसे मतदाता कहा जाता है।",ᱟᱵᱚ ᱥᱟᱱᱟᱢ ᱠᱚ ᱵᱚᱱ ᱵᱟᱰᱟᱭᱼᱟ ᱡᱮ ᱡᱟᱦᱟᱸᱭ ᱦᱚᱲ ᱵᱟᱪᱷᱱᱟᱣ ᱨᱮ ᱵᱷᱳᱴ ᱮ ᱮᱢᱼᱟ ᱩᱱᱤ ᱜᱮ ᱵᱷᱳᱴᱟᱨ ᱠᱚ ᱢᱮᱛᱟᱭᱟ ᱾
"अब, क्या कोई मुझे बता सकता है कि मतदाता वोट करने के लायक कैसे बनता है?","ᱱᱤᱛ, ᱡᱟᱦᱟᱸᱭ ᱯᱮ ᱞᱟᱹᱭ ᱫᱟᱲᱮᱭᱟᱹᱧᱟᱹ ᱪᱮᱫ ᱞᱮᱠᱟᱛᱮ ᱢᱤᱫᱴᱟᱝ ᱵᱷᱳᱴᱟᱨ ᱵᱷᱳᱴ ᱮᱢᱨᱮᱱ ᱡᱳᱜᱽᱜᱚᱭ ᱦᱩᱭᱩᱜᱼᱟ ?"
उस व्यक्ति की उम्र 18 साल या उससे अधिक होनी चाहिए।,ᱩᱱᱤ ᱦᱚᱲᱟᱜ ᱫᱚ ᱑᱘ ᱥᱮᱨᱢᱟ ᱥᱮ ᱚᱱᱟ ᱠᱷᱚᱱ ᱰᱷᱮᱨ ᱩᱢᱮᱨ ᱦᱩᱭᱩᱜ ᱨᱮᱭᱟᱜ ᱞᱟᱹᱠᱛᱤ ᱢᱮᱱᱟᱜᱼᱟ ᱾
"बिल्कुल ठीक। नागरिकता अधिनियम से सभी नागरिक जाति, धर्म, लिंग आदि के आधार पर बिना किसी भेदभाव के वोट कर सकते हैं।","ᱮᱠᱟᱞᱜᱮ ᱾ ᱱᱟᱜᱚᱨᱤᱠᱚᱛᱛᱚ ᱟᱭᱤᱱ ᱫᱚ ᱥᱟᱱᱟᱢ ᱱᱟᱜᱟᱨᱤᱭᱟᱹ ᱠᱚ ᱡᱟᱹᱛ, ᱫᱷᱚᱨᱚᱢ, ᱡᱟᱱᱟᱝ ᱮᱢᱟᱱ ᱠᱚ ᱪᱮᱛᱟᱱ ᱡᱟᱦᱟᱱ ᱵᱷᱮᱯᱮᱜᱮᱫ ᱵᱟᱝ ᱢᱟᱱᱟᱣ ᱠᱟᱛᱮ ᱵᱷᱳᱴ ᱮᱢᱚᱜ ᱨᱮᱭᱟᱜ ᱫᱟᱣ ᱮ ᱮᱢᱟ ᱠᱚᱣᱟ ᱾"
लेकिन उनकी उम्र 18 वर्ष या उससे अधिक होनी चाहिए।,ᱮᱱᱠᱷᱟᱱ ᱩᱱᱤᱭᱟᱜ ᱩᱢᱮᱨ ᱑᱘ ᱥᱮᱨᱢᱟ ᱥᱮ ᱚᱱᱟ ᱠᱷᱚᱱ ᱰᱷᱮᱨ ᱦᱩᱭᱩᱜ ᱞᱟᱹᱠᱛᱤ ᱠᱟᱱᱟ ᱾
"साथ ही, मतदाता तभी वोट दे सकते हैं जब वे भारत के नागरिक हों।","ᱱᱚᱶᱟ ᱵᱮᱜᱚᱨ, ᱵᱷᱳᱴᱟᱨ ᱫᱚ ᱥᱩᱢᱩᱝ ᱡᱩᱫᱤ ᱵᱷᱟᱨᱚᱛ ᱨᱮᱱ ᱱᱟᱜᱚᱨᱤᱭᱟᱹᱭ ᱦᱩᱭᱩᱜᱼᱟ ᱮᱱᱠᱷᱟᱱ ᱡᱳᱜᱽᱜᱚ ᱠᱟᱱᱟᱭ ᱾"
यदि किसी को भारत के चुनाव में वोट डालना हो तो उनके पास भारत की नागरिकता होनी चाहिए।,ᱡᱩᱫᱤ ᱡᱟᱦᱟᱸᱭ ᱵᱷᱟᱨᱚᱛᱤᱭᱚ ᱵᱟᱪᱷᱱᱟᱣ ᱨᱮ ᱵᱷᱳᱴ ᱮ ᱮᱢᱚᱜ ᱞᱟᱹᱜᱤᱫᱜᱼᱟ ᱮᱱᱠᱷᱟᱱ ᱩᱱᱤᱭᱟᱜ ᱵᱷᱟᱨᱚᱛᱤᱭᱚ ᱱᱟᱜᱚᱨᱤᱠᱚᱛᱛᱚ ᱛᱟᱦᱮᱱ ᱞᱟᱹᱠᱛᱤ ᱠᱟᱱᱟ ᱾
योग्यता के और कौन-कौन से मानदंड तुम लोग जानते हो?,ᱡᱚᱜᱽᱢᱟᱱᱚᱜ ᱨᱮᱭᱟᱜ ᱮᱴᱟᱜ ᱜᱩᱱ ᱪᱮᱫ ᱟᱢᱮᱢ ᱵᱟᱰᱟᱭᱼᱟ ?
उनके नाम मतदाता सूची में होने चाहिए।,ᱩᱱᱠᱚᱣᱟᱜ ᱧᱩᱛᱩᱢ ᱵᱟᱪᱷᱱᱟᱣ ᱨᱳᱞᱨᱮ ᱦᱩᱭᱩᱜ ᱞᱟᱹᱠᱛᱤ ᱠᱟᱱᱟ ᱾
"सही। जो लोग वोट डाल सकते हैं, उन सभी का नाम मतदाता सूची में होगा।",ᱴᱷᱤᱠ ᱾ ᱵᱷᱳᱴ ᱮᱢᱨᱮᱱ ᱡᱳᱜᱽᱜᱚ ᱥᱟᱱᱟᱢ ᱦᱚᱲ ᱠᱚᱣᱟᱜ ᱧᱩᱛᱩᱢ ᱵᱟᱪᱷᱱᱟᱣ ᱨᱳᱞᱨᱮ ᱛᱟᱦᱮᱱ ᱛᱟᱠᱚᱣᱟ ᱾
तुम लोगों को मतदान करने के लिए सूची में अपना नाम लिखवाना चाहिए।,ᱵᱷᱳᱴ ᱮᱢᱚᱜ ᱞᱟᱹᱜᱤᱫ ᱨᱳᱞᱨᱮ ᱟᱢᱟᱜ ᱧᱩᱛᱩᱢ ᱥᱮᱞᱮᱫ ᱞᱟᱹᱠᱛᱤ ᱠᱟᱱ ᱛᱟᱢᱟ ᱾
तुम्हारा निर्वाचन क्षेत्र के उस भाग/मतदान क्षेत्र का सामान्य निवासी होना जरूरी है जहाँ तुम नामांकन कराना चाहते हो।,ᱟᱢ ᱡᱟᱦᱟᱸᱨᱮ ᱥᱮᱞᱮᱫᱚᱜ ᱥᱟᱱᱟᱭᱮᱫ ᱢᱮᱭᱟ ᱚᱱᱰᱮᱱᱟᱜ ᱴᱚᱴᱷᱟ / ᱯᱳᱞᱤᱝ ᱨᱮᱱ ᱢᱤᱫᱴᱟᱝ ᱥᱟᱫᱷᱟᱨᱚᱱ ᱜᱤᱨᱟᱹᱵᱟᱹᱥᱤ ᱦᱩᱭᱩᱜ ᱞᱟᱹᱠᱛᱤ ᱠᱟᱱ ᱛᱟᱢᱟ ᱾
"मैम, मैंने सुना है कि यदि आप किसी निर्धारित जगह पर अपना नाम लिखवाते हैं, तो आप केवल उसी जगह पर वोट दे सकते हैं?",ᱢᱟᱪᱮᱛᱟᱱᱤ ᱟᱸᱡᱚᱢ ᱟᱠᱟᱫᱟᱹᱧ ᱟᱢ ᱡᱩᱫᱤ ᱡᱟᱦᱟᱱ ᱴᱷᱟᱹᱣᱠᱟᱹ ᱡᱟᱭᱜᱟ ᱨᱮᱱᱟᱜ ᱛᱟᱹᱞᱤᱠᱟᱨᱮᱢ ᱥᱮᱞᱮᱫᱚᱜᱼᱟ ᱮᱱᱠᱦᱟᱱ ᱥᱩᱢᱩᱝ ᱚᱱᱟ ᱡᱟᱭᱜᱟ ᱨᱮᱜᱮ ᱵᱷᱳᱴ ᱫᱚᱢ ᱮᱢ ᱫᱟᱲᱮᱭᱟᱜᱼᱟ ?
"हाँ, नाम केवल एक ही जगह पर लिखवाया जा सकता है।","ᱦᱮᱸ, ᱛᱟᱹᱞᱤᱠᱟᱨᱮ ᱥᱮᱞᱮᱫᱚᱜ ᱫᱚ ᱥᱩᱢᱩᱝ ᱢᱤᱫ ᱡᱟᱭᱜᱟ ᱨᱮᱜᱮ ᱦᱩᱭ ᱫᱟᱲᱮᱭᱟᱜᱼᱟ ᱾"
"तो, यदि तुम अपने चुनावी क्षेत्र में मतदाता के तौर पर नाम लिखवाते हो, तो जहाँ भी तुम हो, वोट डालने के लिए तुम्हें अपने चुनावी क्षेत्र में आना होगा।","ᱮᱱᱠᱷᱟᱱ, ᱟᱢ ᱡᱩᱫᱤ ᱟᱢᱟᱜ ᱵᱟᱪᱷᱱᱟᱣ ᱴᱚᱴᱷᱟ ᱨᱮ ᱵᱷᱳᱴᱟᱨ ᱞᱮᱠᱟᱛᱮᱢ ᱵᱷᱩᱨᱛᱤᱜᱼᱟ, ᱟᱢ ᱡᱟᱦᱟᱸ ᱨᱮᱜᱮᱢ ᱛᱟᱦᱮᱱ ᱥᱮ, ᱵᱷᱳᱴ ᱮᱢᱚᱜ ᱞᱟᱹᱜᱤᱫ ᱫᱚ ᱟᱢᱟᱜ ᱵᱟᱪᱷᱱᱟᱣ ᱴᱚᱴᱷᱟ ᱨᱮᱜᱮ ᱦᱤᱡᱩᱜ ᱦᱩᱭᱩᱜ ᱛᱟᱢᱟ ᱾"
किसी दूसरे बूथ पर तुम वोट नहीं डाल सकोगे।,ᱟᱢ ᱫᱚ ᱮᱴᱟᱜ ᱡᱟᱦᱟᱱ ᱵᱩᱛᱷ ᱨᱮᱱ ᱡᱳᱜᱽᱜᱚ ᱵᱷᱳᱴᱟᱨ ᱫᱚ ᱵᱟᱢ ᱦᱩᱭᱩᱜᱼᱟ ᱾᱾
क्या दिव्यांग लोगों के पास वोट डालने के लिए कोई विशेषाधिकार होते हैं?,ᱵᱷᱮᱜᱟᱨ ᱞᱮᱠᱟᱛᱮ ᱦᱚᱲ ᱠᱚ ᱪᱮᱫ ᱜᱟᱛᱟᱠ ᱨᱮᱭᱟᱜ ᱵᱷᱳᱴ ᱠᱚ ᱮᱢ ᱰᱟᱲᱮᱭᱟᱜ ᱞᱟᱹᱜᱤᱫ ᱠᱷᱟᱥ ᱫᱟᱣ ᱢᱮᱱᱟᱜᱼᱟ ?
उनका पंजीकरण दिव्यांग मतदाता के तौर पर किया जाता है।,ᱩᱱᱠᱚ ᱫᱚ ᱞᱮᱸᱡᱽᱨᱟ ᱵᱷᱳᱴᱟᱨ ᱞᱮᱠᱟᱛᱮ ᱠᱚ ᱨᱮᱡᱤᱥᱴᱟᱨ ᱟᱠᱟᱱᱟ ᱾
"जहाँ तक विशेषाधिकार की बात है, उन्हें मतदान केंद्र पर लाइन में नहीं खड़े रहना पड़ता है।","ᱥᱩᱡᱳᱜᱽᱼᱥᱩᱫᱷᱟ ᱞᱮᱠᱟᱛᱮ, ᱩᱱᱠᱚ ᱯᱳᱞᱤᱝ ᱵᱩᱛᱷᱨᱮ ᱞᱟᱭᱤᱱ ᱨᱮ ᱵᱟᱝ ᱛᱤᱸᱜᱩᱱ ᱦᱩᱭᱩᱜ ᱛᱟᱠᱚᱣᱼᱟ ᱾"
"लेकिन, मानसिक रूप से अस्वस्थ व्यक्ति को वोट डालने की अनुमति नहीं दी जाती है।","ᱮᱱᱠᱷᱟᱱ, ᱢᱤᱫ ᱵᱚᱦᱚᱜ ᱯᱟᱜᱽᱞᱟ ᱦᱚᱲ ᱫᱚ ᱵᱷᱳᱴ ᱮᱢ ᱠᱷᱚᱱ ᱪᱷᱟᱹᱲ ᱮ ᱧᱟᱢᱼᱟ ᱾"
"ओह, क्या ऐसे और भी कोई लोग हैं जो मतदान के योग्य नहीं हैं?","ᱳ, ᱮᱴᱟᱜ ᱦᱚᱲ ᱠᱚ ᱡᱟᱦᱟᱸᱭ ᱵᱷᱳᱴ ᱮᱢ ᱨᱮᱱ ᱡᱳᱜᱽᱜᱚ ᱠᱚ ᱵᱟᱝ ᱠᱟᱱ ?"
"हाँ, भारत में, भारतीय संविधान के लोक प्रतिनिधित्व अधिनियम, 1951 के अनुसार, सभी सज़ायाफ्ता कैदियों को अयोग्य माना जाता है।","ᱦᱮᱸ, ᱵᱷᱟᱨᱚᱛᱤᱭᱚ ᱥᱚᱝᱵᱤᱫᱷᱟᱱ ᱨᱮᱭᱟᱜ ᱡᱚᱱᱚᱯᱨᱛᱤᱱᱫᱷᱤᱛᱛᱚ ᱟᱭᱤᱱ, ᱑᱙᱕᱑ ᱞᱮᱠᱟᱛᱮ, ᱥᱟᱱᱟᱢ ᱫᱳᱥᱤ ᱵᱚᱱᱫᱤ ᱠᱚ ᱫᱚ ᱵᱷᱳᱴ ᱮᱢ ᱨᱮᱱ ᱳᱜᱽᱜᱚ ᱠᱚ ᱵᱟᱝ ᱠᱟᱱᱟ ᱾"
इसमें पैरोल पर छूटे कैदी और जेल में बंद कैदी शामिल हैं।,ᱱᱚᱶᱟ ᱢᱩᱫᱽᱨᱮ ᱯᱮᱨᱳᱞ ᱨᱮ ᱛᱟᱦᱮᱱ ᱵᱚᱱᱫᱤ ᱟᱨ ᱟᱠᱚᱴ ᱟᱠᱟᱫ ᱠᱚ ᱵᱚᱱᱫᱤ ᱢᱮᱱᱟᱜ ᱠᱚᱣᱟ ᱾
साथ ही ऐसा ही उन लोगों के लिए भी है जिनके पास किसी दूसरे देश की नागरिकता है।,ᱡᱟᱦᱟᱸᱭ ᱮᱴᱟᱜ ᱫᱤᱥᱚᱢ ᱨᱮᱭᱟᱜ ᱱᱟᱜᱚᱨᱤᱠᱚᱛᱛᱚ ᱠᱚ ᱦᱟᱛᱟᱣᱼᱟ ᱩᱱᱠᱚ ᱨᱮᱦᱚᱸ ᱤᱱᱟᱹ ᱠᱟᱛᱷᱟ ᱜᱮ ᱾
भारत एकाधिक नागरिकता को मान्यता नहीं देता है।,ᱵᱷᱟᱨᱚᱛ ᱫᱚ ᱟᱭᱢᱟ ᱱᱟᱜᱚᱨᱤᱠᱚᱛᱛᱚ ᱨᱮ ᱥᱟᱹᱠᱭᱟᱹᱛ ᱵᱟᱭ ᱮᱢᱚᱜᱼᱟ ᱾
"तो, यदि तुम्हारे पास किसी दूसरे देश की नागरिकता है, तो तुम भारतीय नागरिकता और वोट देने का अपना अधिकार खो देते हो।","ᱮᱱᱠᱷᱟᱱ, ᱟᱢ ᱡᱩᱫᱤ ᱮᱴᱟᱜ ᱫᱤᱥᱚᱢ ᱨᱮᱭᱟᱜ ᱱᱟᱜᱚᱨᱤᱠᱚᱛᱛᱚᱢ ᱦᱟᱛᱟᱣᱼᱟ, ᱮᱱᱠᱷᱟᱱ ᱟᱢ ᱟᱢᱟᱜ ᱵᱷᱟᱨᱚᱛᱤᱭᱚ ᱱᱟᱜᱚᱨᱤᱠᱚᱛᱛᱚ ᱟᱨ ᱵᱷᱳᱴ ᱨᱮᱭᱟᱜ ᱟᱹᱭᱫᱟᱹᱨᱮᱢ ᱟᱫᱼᱟ ᱾"
हमें यह नहीं पता था मैम।,ᱟᱞᱮ ᱫᱚ ᱵᱟᱝᱞᱮ ᱵᱟᱰᱟᱭᱼᱟ ᱢᱟᱪᱮᱛᱟᱱᱤ ᱾
"आपके पास मान्य वोटर आई.डी. भी होनी चाहिए, है ना मैम?","ᱟᱢᱟᱜ ᱦᱚᱸ ᱢᱤᱫᱴᱟᱝ ᱵᱳᱭᱫᱷᱚ ᱵᱷᱳᱴᱟᱨ ᱟᱭᱰᱤ ᱛᱟᱦᱮᱱ ᱦᱩᱭᱩᱜ ᱛᱟᱢᱟ, ᱚᱱᱟ ᱜᱮ ᱥᱮ ᱢᱟᱪᱮᱛᱟᱱᱤ ?"
"हाँ, हाँ। मान्य वोटर आई.डी. की ज़रूरी है।","ᱦᱮᱸ, ᱦᱮᱸ ᱾ ᱟᱢᱟᱜ ᱢᱤᱫᱴᱟᱝ ᱵᱳᱭᱫᱷᱚ ᱵᱷᱳᱴᱟᱨ ᱟᱭᱰᱤ ᱞᱟᱹᱠᱛᱤ ᱠᱟᱱᱟ ᱾"
तभी तुम्हारा नाम मतदाता सूची में लिखा जाएगा।,ᱮᱱᱠᱷᱟᱱ ᱜᱮ ᱵᱷᱳᱴᱟᱨ ᱛᱟᱹᱞᱤᱠᱟᱨᱮ ᱧᱩᱛᱩᱢ ᱨᱟᱠᱟᱵ ᱛᱟᱢᱟ ᱾
तुम्हें ऑनलाइन पंजीकरण करके या सेवा केंद्र पर ज़रूरी दस्तावेज़ दिखा कर वोटर आई.डी. मिल सकती है।,ᱚᱱᱞᱟᱭᱤᱱ ᱨᱮ ᱨᱮᱡᱤᱥᱴᱟᱨ ᱠᱟᱛᱮ ᱥᱮ ᱡᱚᱛᱷᱟᱛ ᱱᱚᱛᱷᱤ ᱟᱛᱮ ᱢᱤᱫᱴᱟᱝ ᱵᱷᱟᱹᱞᱟᱹᱭ ᱛᱟᱞᱢᱟᱨᱮ ᱟᱢᱟᱜ ᱵᱷᱳᱴᱟᱨ ᱟᱭᱰᱤ ᱛᱟᱦᱮᱸ ᱫᱟᱲᱮᱭᱟᱛᱟᱢᱟ ᱾
आज के लिए इतना ही।,ᱛᱮᱹᱦᱮᱹᱧ ᱫᱚ ᱱᱤᱭᱟᱹ ᱠᱚᱜᱮ ᱦᱩᱭᱩᱜᱼᱟ ᱾
अगले दिन के लिए अपने परिवारों से मतदाता के तौर पर उनके अनुभवों के बारे में बात करना।,ᱫᱚᱥᱟᱨ ᱦᱤᱞᱚᱜ ᱨᱮᱱ ᱵᱷᱳᱴᱟᱨ ᱞᱮᱟᱛᱮ ᱩᱱᱠᱚᱣᱟᱜ ᱵᱩᱡᱩᱱ ᱵᱟᱨᱮᱛᱮ ᱟᱢᱟᱜ ᱚᱲᱟᱜ ᱨᱮᱱ ᱦᱚᱲ ᱠᱚ ᱥᱟᱞᱟᱜ ᱨᱚᱯᱚᱲ ᱢᱮ ᱾
"जी मैम, धन्यवाद।","ᱦᱮᱸ ᱢᱟᱪᱮᱫᱟᱹᱱᱤ ᱜᱚᱝᱠᱮ, ᱟᱭᱢᱟ ᱥᱟᱨᱦᱟᱣ ᱾"
"हैलो, मैं यहाँ पैन कार्ड इश्यू करवाने आई हूँ।","ᱦᱮᱞᱳ, ᱤᱧ ᱱᱚᱸᱰᱮ ᱢᱤᱫᱴᱟᱝ ᱯᱮᱱᱠᱟᱨᱰ ᱤᱥᱩ ᱤᱧ ᱦᱮᱡ ᱟᱠᱟᱱᱟ ᱾"
क्या आपके खुद के लिए?,ᱱᱚᱶᱟ ᱪᱮᱫ ᱟᱯᱱᱟᱨ ᱞᱟᱹᱜᱤᱫ ?
असल में अपने और अपनी बेटी के लिए।,ᱟᱥᱚᱠᱟᱭᱛᱮ ᱤᱧᱟᱹᱜ ᱟᱨ ᱤᱧᱨᱮᱱ ᱠᱩᱲᱤᱜᱤᱫᱽᱨᱟᱹ ᱞᱟᱹᱜᱤᱫ ᱾
लेकिन मेरी बेटी के पास ब्रिटिश नागरिकता है।,"ᱢᱮᱱᱠᱷᱟ, ᱤᱧᱨᱮᱱ ᱠᱩᱲᱤ ᱜᱤᱫᱽᱨᱟᱹ ᱵᱨᱤᱴᱤᱥ ᱱᱟᱜᱟᱨᱤᱭᱟᱹ ᱢᱮᱱᱟᱜᱼᱟ ᱾"
"ओह, कोई बात नहीं।","ᱳᱷᱚ, ᱱᱚᱶᱟ ᱡᱚᱛᱷᱟᱛ ᱜᱮᱭᱟ ᱾"
क्या आप वो सारे डॉक्यूमेंट बता सकते हैं जो हमें लाने होंगे?,ᱟᱢ ᱪᱮᱫ ᱱᱚᱛᱷᱤᱠᱚᱢ ᱛᱟᱹᱞᱤᱠᱟ ᱥᱮᱞᱮᱫ ᱫᱟᱲᱮᱭᱟᱜᱼᱟ ᱡᱟᱦᱟᱸ ᱟᱞᱮ ᱵᱮᱱᱟᱣ ᱦᱩᱭᱩᱜ ᱛᱟᱞᱮᱭᱟ ?
चलिए आपके पैन कार्ड से शुरू करते हैं।,ᱟᱢᱟᱜ ᱯᱮᱱᱠᱟᱨᱰ ᱫᱟᱨᱟᱭ ᱛᱮ ᱮᱛᱚᱦᱚᱵ ᱦᱩᱭᱩᱜᱼᱟ ᱾
मुझे समझता हूँ कि आप भारतीय हैं?,ᱤᱧ ᱥᱟᱵ ᱠᱮᱫᱟ ᱟᱢ ᱫᱚ ᱵᱷᱟᱨᱚᱛᱤᱭᱟᱹ ᱠᱟᱱᱟᱢ ??
"हाँ, सही है।",ᱦᱮᱸ ᱱᱚᱶᱟ ᱡᱚᱛᱷᱟᱛ ᱜᱮᱭᱟ ᱾
"आपके लिए, मैम, हमें तीन डॉक्यूमेंट लगेंगे।","ᱟᱢ ᱞᱟᱹᱜᱤᱫ, ᱢᱮᱢ, ᱟᱞᱮᱭᱟᱜ ᱯᱮᱭᱟ ᱱᱚᱛᱷᱤ ᱞᱟᱜᱟᱜᱼᱟ ᱾"
"पहचान का प्रमाण, पते का प्रमाण और आपकी जन्मतिथि का प्रमाण।","ᱩᱯᱨᱩᱢ ᱨᱮᱭᱟᱜ ᱥᱟᱵᱩᱫ, ᱴᱷᱤᱠᱟᱹᱱᱟ ᱨᱮᱭᱟᱜ ᱥᱟᱵᱩᱫ ᱟᱨ ᱟᱢᱟᱜ ᱡᱟᱱᱟᱢ ᱢᱟᱦᱟ ᱨᱮᱭᱟᱜ ᱥᱟᱵᱩᱫ ᱾"
हर-एक के प्रमाण के रूप में कौन-कौन से डॉक्यूमेंट लगेंगे?,ᱡᱚᱛᱚ ᱨᱮᱭᱟᱜ ᱥᱟᱵᱩᱫ ᱦᱤᱥᱟᱹᱵᱛᱮ ᱚᱠᱟ ᱫᱚᱞᱤᱞ ᱦᱟᱛᱟᱣ ᱦᱩᱭᱩᱜᱼᱟ ?
पहचान के लिए आप अपने आधार कार्ड या वोटर आई.डी. या अपने पासपोर्ट की कॉपी ला सकती हैं।,"ᱩᱯᱨᱩᱢ ᱞᱟᱹᱜᱤᱫ, ᱟᱢ ᱟᱢᱟᱜ ᱟᱫᱷᱟᱨ ᱠᱟᱨᱰ, ᱥᱮ ᱟᱢᱟᱜ ᱵᱷᱚᱴᱟᱨ ᱟᱭᱰᱤ ᱥᱮ ᱟᱢᱟᱜ ᱚᱟᱥᱯᱳᱨᱴ ᱨᱮᱭᱟᱜ ᱢᱤᱫᱴᱟᱝ ᱚᱱᱟᱞᱮᱠᱟ ᱵᱮᱱᱟᱣ ᱫᱟᱲᱮᱭᱟᱜᱼᱟᱢ ᱾"
आप चाहे तो अपने राशन कार्ड और फ़ॉर्म में बताए गए कुछ दूसरे डॉक्यूमेंट की कॉपी भी ला सकती हैं जो मैं आपको दूँगा।,ᱟᱢ ᱟᱢᱟᱜ ᱨᱮᱥᱚᱱ ᱠᱟᱨᱰ ᱨᱮᱭᱟᱜ ᱢᱤᱫᱴᱟᱝ ᱚᱱᱟᱞᱮᱠᱟᱱ ᱟᱨ ᱤᱧ ᱟᱢ ᱮᱢᱚᱜ ᱞᱟᱹᱜᱤᱫ ᱢᱤᱫᱴᱟᱝ ᱟᱹᱨᱡᱤ ᱥᱟᱠᱟᱢ ᱨᱮ ᱛᱟᱹᱞᱤᱠᱟ ᱥᱮᱞᱮᱫ ᱠᱟᱹᱪ ᱮᱴᱟᱜ ᱱᱚᱛᱷᱤ ᱠᱚ ᱞᱟᱹᱜᱤᱫ ᱪᱟᱞᱟᱣ ᱫᱟᱲᱮᱭᱟᱜᱼᱟᱢ ᱾
"जो भी हो, उसमें आपकी फ़ोटो होनी चाहिए।","ᱡᱟᱦᱟᱸᱜᱮ ᱦᱩᱭᱩᱜ ᱥᱮ ᱵᱟᱝ, ᱚᱱᱟᱨᱮ ᱟᱢᱟᱜ ᱪᱤᱛᱟᱹᱨ ᱛᱟᱦᱮᱸᱱ ᱦᱩᱭᱩᱜ ᱛᱟᱢᱟ ᱾"
आप ठीक से समझ गईं?,ᱤᱧ ᱪᱮᱫ ᱱᱚᱶᱟᱧ ᱥᱟᱯᱷᱟ ᱟᱠᱟᱫᱟ ?
"हाँ, सर, समझ गई।","ᱦᱮᱸ, ᱥᱟᱨ, ᱟᱢ ᱠᱚᱨᱟᱣ ᱟᱠᱟᱫᱟ ᱾"
"पते के प्रमाण के लिए, कोई भी बिल जो तीन महीने से ज़्यादा पुराना न हो, वो चलेगा।","ᱴᱷᱤᱠᱟᱹᱱᱟ ᱥᱟᱹᱵᱩᱫ ᱞᱟᱹᱜᱤᱫ, ᱯᱮ ᱪᱟᱸᱫᱳ ᱠᱷᱚᱱ ᱰᱷᱮᱨ ᱢᱟᱨᱮ ᱵᱟᱝ ᱮᱢᱚᱱ ᱡᱟᱦᱟᱸ ᱞᱮᱠᱟᱱ ᱵᱤᱞ ᱦᱩᱭᱩᱜ ᱛᱟᱢᱟ ᱾"
"बिल से मेरा मतलब है लैंडलाइन का बिल, या बिजली का बिल या पानी का बिल।","ᱵᱤᱞ ᱢᱮᱱᱛᱮ ᱤᱧ ᱵᱩᱡᱦᱟ,ᱣᱼᱟ ᱞᱮᱱᱰᱞᱟᱭᱤᱱ ᱵᱤᱞ, ᱥᱮ ᱵᱤᱡᱞᱟ ᱵᱤᱞ, ᱥᱮ ᱫᱟᱜ ᱨᱮᱭᱟᱜ ᱵᱤᱞ ᱾"
वो फ़ॉर्म में दिए गए हैं।,ᱩᱱᱠᱩ ᱟᱨᱡᱤ ᱥᱟᱠᱟᱢ ᱛᱟᱞᱤᱠᱟ ᱥᱮᱞᱮᱫ ᱠᱚᱨᱟᱣ ᱦᱩᱭᱩᱜᱼᱟ ᱾
या आप अपने पोस्ट ऑफ़िस की पासबुक या पासपोर्ट की कॉपी भी ला सकती हैं।,"ᱵᱟᱝᱠᱷᱟᱱ, ᱟᱢ ᱟᱢᱟᱜ ᱯᱳᱥᱴ ᱚᱯᱷᱤᱥ ᱯᱟᱥᱵᱩᱠ, ᱥᱮ ᱯᱟᱥᱯᱳᱨᱴ ᱨᱮᱭᱟᱜ ᱢᱤᱫᱴᱟᱝ ᱚᱱᱟᱞᱮᱠᱟᱱ ᱵᱮᱱᱟᱭ ᱫᱟᱲᱮᱭᱟᱜᱼᱟᱢ ᱾"
"फिर से बता दूँ, जो भी हो, उसमें आपका पता होना चाहिए।","ᱟᱵᱟᱨ, ᱡᱟᱦᱟᱸᱜᱮ ᱦᱩᱭᱩᱜ ᱥᱮ ᱵᱟᱝ, ᱱᱚᱶᱟ ᱨᱮ ᱟᱢᱟᱜ ᱴᱷᱤᱠᱟᱹᱱᱟ ᱛᱟᱦᱮᱸᱱ ᱞᱟᱹᱠᱛᱤ ᱾"
अब आप समझ गई होंगी।,ᱟᱢ ᱪᱤᱛᱟᱹᱨ ᱮᱢ ᱧᱟᱢᱟ ᱾
"जी हाँ, और बर्थ सर्टिफ़िकेट?","ᱤᱧ ᱠᱚᱨᱟᱣᱼᱟ, ᱟᱨ ᱡᱟᱱᱟᱢ ᱢᱟᱦᱟ ᱨᱮᱭᱟᱜ ᱠᱟᱛᱷᱟ ᱪᱮᱫ ?"
बर्थ सर्टिफ़िकेट या पासपोर्ट चलेगा।,ᱢᱤᱫᱴᱟᱝ ᱡᱟᱱᱟᱢ ᱥᱟᱹᱵᱩᱫ ᱥᱮ ᱢᱤᱫᱴᱟᱝ ᱯᱟᱥᱯᱳᱨᱴ ᱮ ᱠᱚᱨᱟᱣᱼᱟ ᱾
"अब, आपकी बेटी के लिए, उन्हें दो डॉक्यूमेंट लाने होंगे।","ᱱᱮᱛᱚᱜ, ᱟᱢᱨᱮᱱ ᱠᱤᱲᱤ ᱞᱟᱹᱜᱤᱫ, ᱩᱱᱤ ᱵᱟᱨᱭᱟ ᱱᱚᱛᱷᱤ ᱮᱢᱚᱜ ᱦᱩᱭᱩᱜ ᱛᱟᱢᱟ ᱾"
पहचान का प्रमाण और पते का प्रमाण।,ᱩᱯᱨᱩᱢ ᱨᱮᱭᱟᱜ ᱥᱟᱵᱩᱫ ᱟᱨ ᱴᱷᱤᱠᱟᱹᱱᱟ ᱨᱮᱭᱟᱜ ᱥᱟᱵᱩᱫ ᱾
दोनों के लिए पासपोर्ट काफी होगा।,ᱵᱟᱱᱟᱨ ᱞᱟᱹᱜᱤᱫ ᱢᱤᱫᱴᱟᱝ ᱯᱟᱥᱯᱳᱨᱴ ᱜᱮ ᱜᱟᱱᱚᱜᱼᱟ ᱾
यह सुनकर राहत मिली।,ᱱᱚᱶᱟ ᱜᱮ ᱟᱨᱟᱢ ᱾
यह रही लिस्ट।,ᱱᱚᱸᱰᱮ ᱛᱟᱞᱤᱠᱟ ᱢᱮᱱᱟᱜᱼᱟ ᱾
आपको यहाँ सभी डॉक्यूमेंटों की लिस्ट मिल जाएगी।,ᱟᱢ ᱛᱟᱞᱤᱠᱟ ᱥᱮᱞᱮᱫᱟᱱ ᱡᱚᱛᱚ ᱱᱚᱛᱷᱤᱢ ᱧᱟᱢᱟ ᱾
कार्ड डिलीवर होने में कितना समय लग जाएगा?,ᱠᱟᱨᱰ ᱥᱟᱨᱵᱷᱟᱨ ᱞᱟᱹᱜᱤᱫ ᱛᱤᱱᱜᱷᱟᱹᱲᱤ ᱚᱠᱛᱚ ᱞᱟᱜᱟᱜᱼᱟ ?
कम से कम 15 से 20 वर्किंग डेज़।,ᱠᱚᱢ ᱠᱟᱨᱛᱮ ᱑᱕ ᱠᱷᱚᱱ ᱒᱐ ᱠᱟᱹᱢᱤᱢᱟᱦᱟ ᱾
"क्या मैं अंदर आ सकती हूँ, सर?","ᱤᱧ ᱵᱚᱞᱚᱫᱟᱲᱮᱭᱟᱜᱼᱟ, ᱢᱟᱪᱮᱫᱽᱜᱚᱝᱠᱮ ?"
"जी हाँ, प्लीज़ आइए।","ᱦᱮᱸ, ᱵᱚᱞᱚᱱᱢᱮ ᱾"
प्लीज़ बैठिए।,ᱫᱟᱭᱟᱠᱟᱛᱮ ᱟᱢᱟᱜ ᱡᱟᱭᱜᱟᱨᱮ ᱫᱩᱲᱩᱵᱽᱢᱮ ᱾
"बताइए, मैं आपकी कैसे मदद कर सकता हूँ?","ᱞᱟᱹᱭᱢᱮ, ᱪᱮᱠᱟᱞᱮᱠᱟᱛᱮᱧ ᱜᱚᱲᱚ ᱫᱟᱲᱮᱭᱟᱢᱟ ?"
"सर, मैं होप एन.जी.ओ. से आई हूँ।","ᱢᱟᱪᱮᱫᱽᱜᱚᱝᱠᱮ, ᱤᱧ ᱫᱚ ᱦᱳᱯ ᱮᱱᱡᱤᱳ ᱠᱷᱚᱱᱤᱧ ᱦᱮᱡᱽᱟᱠᱟᱱᱟ ᱾"
हम ज़रूरतमंद लोगों के लिए कुछ स्कूल चला रहे हैं।,ᱟᱞᱮ ᱫᱚ ᱥᱩᱵᱤᱫᱷᱟ ᱵᱟᱝ ᱧᱟᱢᱠᱩ ᱞᱟᱹᱜᱤᱫᱽ ᱠᱤᱪᱷᱩ ᱤᱥᱠᱩᱞᱞᱮ ᱪᱟᱞᱟᱣᱟ ᱾
झुग्गी-झोपड़ी वाले इलाकों में हमारे 3 स्कूल हैं।,ᱵᱚᱥᱛᱤ ᱴᱚᱴᱷᱟᱨᱮ ᱟᱞᱮᱭᱟᱜ ᱓ ᱤᱥᱠᱩᱞ ᱢᱮᱱᱟᱜᱼᱟ ᱾
यह बहुत अच्छी बात है!,ᱚᱱᱟ ᱫᱚ ᱥᱟᱹᱨᱤᱜᱤ ᱟᱹᱰᱤ ᱵᱷᱟᱜᱮ ᱵᱮᱯᱟᱨ !
मुझे यह कहना ही पड़ेगा कि यह वाकई बहुत अच्छी पहल है।,"ᱱᱤᱦᱟᱹᱛᱜᱤᱧ ᱞᱟᱹᱭᱟ, ᱱᱤᱭᱟᱹ ᱫᱚ ᱢᱤᱫᱴᱟᱝ ᱢᱟᱨᱟᱝ ᱠᱟᱹᱢᱤᱦᱚᱨᱟ"
"तो, मैं आपकी कैसे मदद कर सकता हूँ?","ᱟᱫᱚ, ᱪᱮᱫᱽᱛᱮ ᱟᱢᱤᱧ ᱜᱚᱲᱚ ᱫᱟᱲᱮᱭᱟᱢᱟ ?"
"सर, मुझे आपके ऑफ़िस के बारे में कुछ जानकारी चाहिए।",ᱢᱟᱪᱮᱛ ᱜᱚᱝᱠᱮ ᱟᱢᱟᱜᱽ ᱚᱯᱷᱤᱥ ᱵᱟᱵᱚᱫᱽ ᱠᱤᱪᱷᱩ ᱛᱮᱛᱮᱫᱽ ᱵᱟᱰᱟᱭᱤᱧ ᱠᱷᱚᱡᱽᱠᱟᱱᱟ ᱾
जैसा कि आप जानते हैं कि हमारे छात्र मजदूर परिवारों से हैं।,ᱡᱮᱞᱮᱠᱟᱢ ᱵᱟᱰᱟᱭᱜᱮᱭᱟ ᱟᱞᱮᱨᱮᱱ ᱯᱟᱹᱴᱷᱣᱟᱹ ᱠᱩᱫᱚ ᱠᱟᱹᱢᱤᱡᱚᱝ ᱜᱷᱟᱨᱚᱸᱡᱽ ᱠᱷᱚᱱ ᱠᱟᱱᱟᱠᱩ ᱾
मुझे जानना चाहती हूँ कि हमारे 10वीं क्लास के छात्रों के लिए काम के कोई अवसर हैं क्या।,ᱤᱧ ᱵᱟᱰᱟᱭ ᱥᱟᱱᱟᱧ ᱠᱟᱱᱟ ᱟᱞᱮᱨᱮᱱ ᱑᱐ ᱜᱨᱮᱰ ᱯᱟᱹᱴᱷᱣᱟᱹᱠᱩ ᱞᱟᱹᱜᱤᱫᱽ ᱡᱟᱦᱟᱸᱱ ᱥᱩᱵᱤᱫᱷᱟᱠᱩ ᱢᱮᱱᱟᱜᱼᱟ ᱾
"हाँ, मुझे बताइए कि आप क्या जानना चाहती हैं?","ᱦᱮᱸ, ᱞᱟᱹᱭᱟᱹᱧ ᱢᱮ ᱟᱢ ᱪᱮᱫᱽ ᱵᱟᱰᱟᱭᱮᱢ ᱠᱷᱚᱡᱽ ᱠᱟᱱᱟ ?"
यह वास्तव में एक बहुत अच्छा विचार है।,ᱚᱱᱟ ᱫᱚ ᱥᱟᱹᱨᱤᱜᱤ ᱵᱷᱟᱜᱤ ᱦᱩᱫᱤᱥ ᱾
लेकिन क्या वे पढ़ाई करते-करते काम करेंगे?,"ᱢᱮᱱᱠᱷᱟᱱ, ᱯᱟᱲᱦᱟᱣ ᱚᱠᱛᱮᱨᱮ ᱦᱚᱸ ᱩᱝᱠᱩ ᱫᱚᱠᱩ ᱠᱟᱹᱢᱤᱭᱟ ?"
"नहीं सर, वो नहीं करेंगे।","ᱵᱟᱝ ᱜᱚᱝᱠᱮ, ᱢᱵᱟᱝᱠᱩ ᱠᱟᱹᱢᱤᱭᱟ ᱾"
वो अगले महीने 10वीं क्लास की परीक्षा दे देंगे।,ᱩᱝᱠᱩ ᱫᱚ ᱑᱐ᱜᱨᱮᱰ ᱨᱮᱭᱟᱜ ᱵᱤᱰᱟᱹᱣ ᱫᱟᱨᱟᱭᱠᱟᱱ ᱢᱟᱹᱱᱦᱟᱹ ᱨᱮᱠᱩ ᱪᱟᱵᱟᱭᱟ ᱾
इसलिए हम चाहते हैं कि परीक्षा के बाद वे कहीं काम करें ताकि वे कमाना शुरू कर सकें।,"ᱚᱱᱟᱛᱮ, ᱵᱤᱰᱟᱹᱣ ᱛᱟᱭᱚᱢ, ᱟᱞᱮ ᱫᱚ ᱩᱝᱠᱩ ᱡᱟᱦᱟᱸᱨᱮ ᱞᱟᱜᱟᱣᱠᱩ ᱞᱮ ᱢᱮᱱᱡᱚᱧ ᱠᱟᱱᱟ ᱛᱟᱦᱚᱞᱮ ᱠᱷᱟᱱ ᱩᱝᱠᱩ ᱫᱚ ᱨᱳᱡᱜᱟᱨ ᱠᱩ ᱮᱛᱚᱦᱚᱵᱽ ᱫᱟᱲᱤᱭᱟᱜᱼᱟ ᱾"
"वे अनुशासन, टीम वर्क, वगैरा के बारे में सीखेंगे।","ᱩᱝᱠᱩ ᱫᱚ ᱟᱹᱨᱤᱪᱟᱹᱞᱤ, ᱴᱤᱢᱨᱮ ᱠᱟᱹᱢᱤ, ᱮᱢᱟᱱᱛᱮᱭᱟᱜᱽᱠᱩ ᱦᱚᱸ ᱠᱩ ᱪᱮᱫᱽᱫᱟᱲᱮᱭᱟᱜᱼᱟ ᱾"
"ओह, ठीक है! ऐसा तो हो सकता है।","ᱳᱦ, ᱴᱷᱤᱠᱜᱮᱭᱟ ! ᱚᱱᱟ ᱫᱚ ᱠᱚᱨᱟᱣ ᱜᱟᱱᱚᱜᱼᱟ ᱾"
यह तो उनके लिए भी बहुत अच्छा होगा।,ᱚᱱᱟ ᱫᱚ ᱩᱝᱠᱩ ᱞᱟᱹᱜᱤᱫᱽᱛᱮ ᱦᱚᱸ ᱵᱷᱟᱜᱤᱜᱮᱭᱟ ᱾
वे अलग-अलग चीज़ें भी सीख पाएँगे।,ᱩᱝᱠᱩ ᱫᱚ ᱵᱷᱮᱜᱟᱨ ᱵᱷᱮᱜᱟᱨ ᱡᱤᱱᱤᱥᱠᱩ ᱪᱮᱫᱽᱫᱟᱲᱮᱭᱟᱜᱼᱟ ᱾
"हाँ, सर, हम नहीं चाहते कि वे वापस झुग्गी-झोपड़ी वाले माहौल में जाएँ।","ᱦᱮᱸ, ᱢᱟᱪᱮᱫᱽᱜᱚᱝᱠᱮ, ᱟᱞᱮ ᱵᱟᱝᱞᱮ ᱠᱷᱚᱡᱚᱜᱼᱟ ᱩᱝᱠᱩ ᱵᱳᱥᱛᱤ ᱞᱟᱭᱚᱧᱨᱮᱠᱩ ᱨᱩᱣᱟᱹᱲ ᱥᱮᱱᱚᱜᱼᱢᱟ ᱾"
"अगर वे किसी ऑफ़िस में काम करने लगेंगे, तो उन्हें काम करने का ढंग जानने का मौका मिलेगा।","ᱩᱝᱠᱩ ᱫᱚ ᱡᱟᱦᱟᱸᱱ ᱚᱯᱷᱤᱥᱨᱮ ᱠᱟᱹᱢᱤᱠᱩ ᱮᱛᱚᱦᱚᱵᱽ ᱞᱮᱠᱷᱟᱱ, ᱩᱝᱠᱩ ᱫᱚ ᱠᱟᱹᱢᱤᱭ ᱞᱟᱠᱪᱟᱨ ᱥᱟᱶᱛᱮᱠᱩ ᱩᱯᱩᱨᱩᱢᱚᱜᱼᱟ ᱾"
"हाँ, यह उन्हें प्रोत्साहित भी करेगा।","ᱦᱮᱸ, ᱚᱱᱟ ᱫᱚ ᱩᱝᱠᱩ ᱞᱟᱹᱜᱤᱫ ᱩᱫᱜᱟᱹᱣᱟᱱᱟᱜᱽ ᱦᱩᱭᱩᱜᱼᱟ ᱾"
मैं देखता हूँ कि मैं उनमें से कुछ को अपनी पैकेजिंग यूनिट में ले सकूँ।,ᱤᱧ ᱩᱝᱠᱩ ᱢᱩᱫᱽ ᱠᱷᱚᱱ ᱡᱟᱦᱟᱸᱭ ᱤᱧᱟᱜ ᱯᱮᱠᱮᱴᱤᱝ ᱤᱭᱩᱱᱤᱴᱨᱮᱧ ᱡᱚᱯᱚᱲᱟᱣ ᱫᱟᱲᱮᱭᱟᱠᱩᱣᱟ ᱥᱮ ᱵᱟᱝ ᱚᱱᱟᱧ ᱵᱤᱰᱟᱹᱣᱟ ᱾
आपके आश्वासन के लिए बहुत-बहुत धन्यवाद।,ᱟᱢᱟᱜ ᱱᱤᱭᱟᱹ ᱟᱥ ᱮᱢ ᱞᱟᱹᱜᱤᱫᱛᱮ ᱟᱭᱢᱟ ᱥᱟᱨᱦᱟᱣ ᱾
परीक्षा पूरी होने के बाद मैं कुछ छात्रों को लेकर आऊँगी।,ᱢᱤᱫᱫᱷᱟᱣ ᱵᱤᱰᱟᱹᱣ ᱪᱟᱵᱟᱞᱮᱱᱠᱷᱟᱱ ᱤᱧ ᱫᱚ ᱩᱝᱠᱩ ᱢᱩᱫᱽ ᱠᱷᱚᱱ ᱠᱤᱪᱷᱩᱧ ᱟᱹᱜᱩᱠᱩᱣᱟ ᱾
मदद देने के लिए फिर से धन्यवाद।,ᱟᱨ ᱢᱤᱫᱫᱷᱟᱣ ᱟᱭᱢᱟ ᱥᱟᱨᱦᱟᱣ ᱟᱢᱟᱜ ᱱᱤᱭᱟᱹ ᱜᱚᱲᱚᱣᱟᱱ ᱢᱚᱱᱮ ᱞᱟᱹᱜᱤᱫᱽᱛᱮ ᱾
इस लिट्टी से मुझे इडली की याद आ रही है।,ᱱᱚᱶᱟ ᱞᱤᱴᱴᱤ ᱤᱧ ᱤᱰᱞᱤ ᱨᱮᱭᱟᱜ ᱠᱟᱛᱷᱟᱭ ᱫᱤᱥᱟᱹ ᱟᱪᱚᱭᱫᱤᱧᱟ ᱾
वैसे ये दोनों बहुत अलग हैं लेकिन इसके आकार से मुझे उसकी याद आ रही है।,ᱵᱟᱱᱟᱨᱜᱮ ᱵᱷᱮᱜᱟᱨ ᱜᱮᱭᱟ ᱢᱮᱱᱠᱷᱟᱱ ᱜᱚᱲᱦᱚᱱ ᱤᱧᱮ ᱩᱭᱦᱟᱹᱨᱟᱹᱧ ᱟᱪᱚᱧ ᱠᱟᱱᱟ ᱾
"हाँ, ये बिहार का मुख्य भोजन है।","ᱦᱮᱸ, ᱱᱚᱶᱟᱫᱚ ᱵᱤᱦᱟᱨᱤ ᱠᱚᱣᱟᱜ ᱠᱟᱱᱟ ᱾"
साइड डिश को चोखा कहते हैं।,ᱥᱟᱶᱛᱮᱱᱟᱜ ᱡᱚᱢᱟᱜ ᱫᱚ ᱪᱳᱠᱷᱟ ᱠᱚ ᱢᱮᱛᱟᱜᱼᱟ ᱾
लिट्टी मुख्य रूप से गेहूँ से बनती है और चोखा बैंगन और टमाटर से बनता है।,ᱞᱤᱴᱴᱤ ᱫᱚ ᱜᱩᱦᱩᱢᱛᱮ ᱵᱮᱱᱟᱜᱼᱟ ᱟᱨ ᱪᱳᱠᱷᱟᱫᱚ ᱵᱮᱸᱜᱟᱲ ᱟᱨ ᱵᱤᱞᱟᱹᱛᱤᱛᱮ ᱵᱮᱱᱟᱣ ᱦᱩᱭᱩᱜᱼᱟ ᱾
इसमें कौन-से तेल का इस्तेमाल करते हैं?,ᱱᱚᱶᱟᱨᱮ ᱩᱱᱠᱩ ᱪᱮᱫ ᱥᱩᱱᱩᱢ ᱠᱚ ᱵᱮᱣᱦᱟᱨᱟ ?
यह केरल की पाक शैली से कुछ अलग लग रहा है।,ᱱᱚᱶᱟᱫᱚ ᱠᱮᱨᱟᱞᱟ ᱨᱮᱭᱟᱜ ᱡᱚᱢᱟᱜ ᱠᱷᱳᱱ ᱵᱷᱮᱜᱟᱨ ᱜᱮᱭᱟ ᱢᱚᱱᱮ ᱦᱩᱭᱩᱜ ᱠᱟᱱᱟ ᱾
आम तौर पर चोखे में सरसों के तेल का इस्तेमाल किया जाता है।,ᱪᱳᱠᱦᱟ ᱨᱮᱫᱚ ᱥᱟᱫᱷᱟᱨᱚᱱᱚᱛᱚ ᱛᱩᱲᱤ ᱥᱩᱱᱩᱢ ᱵᱮᱣᱦᱟᱨᱚᱜᱼᱟ ᱾
बिहारी पाक शैली में सभी खानों में सरसों के तेल का इस्तेमाल किया जाता है।,ᱵᱤᱦᱟᱨᱤ ᱡᱚᱢᱟᱜ ᱨᱮᱭᱟᱜ ᱥᱟᱱᱟᱢ ᱨᱮᱜᱮ ᱛᱩᱲᱤ ᱥᱩᱱᱩᱢ ᱠᱚ ᱵᱮᱣᱦᱟᱨ ᱦᱩᱭᱩᱜᱼᱟ᱾
आपके सामने कौन-सी डिश रखी है?,ᱟᱢ ᱥᱟᱢᱟᱝ ᱨᱮᱫᱚ ᱪᱮᱫ ᱡᱚᱢᱟᱜ ᱢᱮᱱᱟᱜᱼᱟ ?
इसे पुट्टू कहते हैं और आम तौर पर हम इसे काले चने के साथ खाते हैं।,ᱱᱚᱶᱟᱫᱚ ᱯᱩᱴᱴᱟ ᱠᱚ ᱢᱮᱛᱟᱜᱼᱟ ᱟᱨ ᱟᱞᱮᱫᱚ ᱦᱮᱸᱫᱮ ᱵᱷᱩᱴ ᱥᱟᱶᱞᱮ ᱡᱚᱢᱟ ᱾
"ये कई प्रकार की होती हैं लेकिन जो मैंने ऑर्डर की है, वह चावल के आटे से बनी है।","ᱱᱚᱶᱟ ᱨᱮᱭᱟᱜ ᱟᱭᱢᱟ ᱦᱟᱹᱴᱤᱧ ᱢᱮᱱᱟᱜᱼᱟ, ᱮᱱᱠᱷᱟᱱ ᱤᱧ ᱡᱟᱦᱟᱸᱧ ᱚᱰᱟᱨ ᱟᱠᱟᱫᱟ ᱚᱱᱟᱫᱚ ᱪᱟᱣᱞᱤ ᱜᱩᱸᱰᱟᱹᱛᱮ ᱵᱮᱱᱟᱜᱼᱟ ᱾"
"ओह, क्या ये काले चने वाली साइड डिश मसालेदार है?","ᱳᱦ, ᱦᱮᱸᱫᱮ ᱵᱷᱩᱴ ᱥᱟᱶᱛᱮ ᱡᱚᱢᱟᱜ ᱫᱚ ᱪᱮᱫ ᱢᱚᱥᱞᱟ ᱟᱱᱟᱜ ᱜᱮᱭᱟ ?"
मैंने पुट्टू के बारे में पहले नहीं सुना।,ᱯᱩᱴᱴᱩ ᱨᱮᱭᱟᱜ ᱧᱩᱛᱩᱢ ᱞᱟᱦᱟᱛᱮᱫᱚ ᱵᱟᱹᱧ ᱟᱸᱡᱚᱢ ᱟᱠᱟᱫᱟ ᱾
क्या इसके ऊपर नारियल डाला हुआ है?,ᱚᱱᱟ ᱪᱮᱛᱟᱱ ᱨᱮᱫᱚ ᱪᱮᱫ ᱱᱟᱹᱲᱠᱚᱞ ᱠᱚ ᱪᱩᱨᱩᱡᱡ ᱟᱜᱼᱟ ?
"हाँ, नारियल का आम तौर पर केरल की कई डिशों में इस्तेमाल किया जाता है।","ᱦᱮᱸ, ᱠᱮᱨᱟᱞᱟ ᱨᱮᱫᱚ ᱥᱟᱫᱷᱟᱨᱚᱱᱚᱛᱚ ᱟᱭᱢᱟ ᱡᱚᱢᱟᱜᱨᱮ ᱵᱮᱣᱦᱟᱨᱚᱜᱼᱟ ᱾"
उनमें भरपूर मसाला भी होता है इसलिए अधिकतर व्यंजनों में मसाले की मात्रा ज़्यादा होती है।,ᱱᱚᱶᱟ ᱠᱚᱨᱮ ᱢᱚᱥᱞᱟᱦᱚᱸ ᱟᱭᱢᱟ ᱛᱟᱦᱮᱱᱟ ᱚᱱᱟᱛᱮ ᱵᱟᱹᱲᱛᱤ ᱡᱚᱢᱟᱜ ᱨᱮᱜᱮ ᱢᱚᱥᱞᱟ ᱫᱚ ᱰᱷᱮᱨᱜᱮ ᱛᱟᱦᱮᱱᱟ ᱾
क्या लिट्टी आपकी पसंदीदा डिश है?,ᱞᱤᱴᱴᱤ ᱫᱚ ᱟᱢᱟᱜ ᱡᱚᱛᱚᱠᱷᱚᱱ ᱠᱩᱥᱤᱭᱟᱜ ᱡᱚᱢᱟᱜ ᱠᱟᱱᱟ ?
लिट्टी मेरी पसंदीदा डिशों में से एक है।,ᱞᱤᱴᱴᱤ ᱫᱚ ᱤᱧᱟᱹᱜ ᱠᱩᱥᱤᱭᱟᱜ ᱡᱚᱢᱟᱜ ᱠᱟᱱᱟ ᱾
मेरी पसंदीदा बिहारी डिश सत्तू का पराठा है।,ᱤᱧᱟᱹᱜ ᱠᱩᱥᱤᱭᱟᱜ ᱵᱤᱦᱟᱨᱤ ᱡᱚᱢᱟᱜ ᱫᱚ ᱦᱩᱭᱩᱜ ᱠᱟᱱᱟ ᱥᱟᱹᱛᱩ ᱨᱮᱭᱟᱜ ᱯᱚᱨᱚᱴᱟ ᱾
वह इंडियन टैको जैसी दिखती है।,ᱱᱚᱶᱟᱫᱚ ᱵᱷᱟᱨᱚᱛ ᱨᱮᱭᱟᱜ ᱴᱮᱠᱳ ᱞᱮᱠᱟ ᱧᱮᱞᱚᱜᱼᱟ ᱾
"मैंने उसके बारे में कभी नहीं सुना, क्या वह बहुत हेल्दी है?","ᱤᱧᱫᱚ ᱛᱤᱥᱦᱚᱸ ᱵᱟᱹᱧ ᱟᱸᱡᱚᱢ ᱟᱠᱟᱫᱟ, ᱢᱮᱱᱠᱷᱟᱱ ᱱᱚᱶᱟᱫᱚ ᱟᱹᱰᱤ ᱵᱷᱟᱜᱮ ᱜᱮᱭᱟ ᱾"
अरे हाँ! वह बहुत हेल्दी डिश है।,"ᱳᱦ ᱦᱮᱸ, ᱱᱚᱶᱟᱫᱚ ᱟᱹᱰᱤ ᱥᱟᱶᱟᱨᱼᱟᱱ ᱡᱚᱢᱟᱜ ᱠᱟᱱᱟ ᱾"
इसे बेसन और दूसरे जड़ी-बूटी मसालों से बनाया जाता है।,ᱱᱚᱶᱟᱫᱚ ᱵᱷᱩᱴ ᱦᱚᱞᱚᱝ ᱟᱨ ᱮᱴᱟᱜ ᱨᱟᱱᱚᱜᱼᱟᱱ ᱟᱛᱮ ᱵᱮᱱᱟᱣ ᱦᱩᱭᱩᱜᱼᱟ ᱾
"इसका स्वाद भी तीखा होता है, इसलिए मुझे यह बहुत पसंद है।","ᱱᱚᱶᱟ ᱨᱮᱭᱟᱜ ᱢᱤᱫ ᱡᱚᱡᱚ ᱥᱟᱫ ᱦᱚᱸ ᱢᱮᱱᱟᱜᱼᱟ, ᱚᱱᱟᱛᱮᱜᱮ ᱱᱚᱶᱟᱫᱚ ᱤᱧᱟᱹᱜ ᱠᱩᱥᱤᱭᱟᱜ ᱡᱚᱢᱟᱜ ᱠᱟᱱᱟ ᱾"
"आप बताइये, केरल के भोजन में आपकी पसंदीदा डिश कौन-सी है?","ᱟᱢᱟᱜ ᱫᱚ ᱪᱮᱫ, ᱠᱮᱨᱟᱞᱟ ᱨᱮᱭᱟᱜ ᱟᱢᱟᱜ ᱠᱩᱥᱤ ᱞᱮᱠᱟᱱ ᱡᱚᱢᱟᱜ ᱫᱚ ᱪᱮᱫ ᱠᱟᱱᱟ ?"
अप्पम और स्टू मुझे बहुत पसंद हैं।,ᱟᱯᱯᱟᱢ ᱟᱨ ᱥᱴᱩ ᱤᱧᱟᱹᱜ ᱠᱩᱥᱤᱭᱟᱜ ᱠᱟᱱᱟ ᱾
यह खमीरी चावल के आटे से बनाया जाता है और यह ख़स्ता किनारों वाला पैनकेक है।,ᱱᱚᱶᱟᱫᱚ ᱟᱛᱟ ᱪᱟᱣᱞᱤ ᱜᱩᱸᱰᱟᱹᱛᱮ ᱵᱮᱱᱟᱣ ᱦᱩᱭᱩᱜᱼᱟ ᱟᱨ ᱱᱚᱶᱟᱫᱚ ᱠᱷᱟᱥᱛᱟ ᱯᱮᱱᱠᱮᱠ ᱞᱮᱠᱟᱱᱟᱜ ᱠᱟᱱᱟ ᱾
"ओह, ये सुनने में स्वादिष्ट लग रहा है।","ᱳᱦ, ᱟᱹᱰᱤ ᱥᱤᱵᱤᱞ ᱵᱩᱡᱷᱟᱹᱜ ᱠᱟᱱᱟ ᱾"
हमें ऐसा अधिक बार करना चाहिए।,ᱱᱚᱶᱟ ᱟᱵᱚ ᱟᱨᱦᱚᱸ ᱜᱷᱟᱱᱮ ᱜᱷᱟᱱᱮ ᱠᱚᱨᱟᱣ ᱞᱟᱹᱠᱛᱤ ᱠᱟᱱᱟ ᱾
"माफ़ कीजिये, क्या यहाँ ग्लूटन-फ़्री खाना मिलेगा?","ᱤᱠᱟᱹ ᱠᱟᱹᱧᱢᱮ, ᱱᱚᱸᱰᱮ ᱜᱞᱩᱴᱮᱱ ᱯᱷᱨᱤ ᱡᱚᱢᱟᱜ ᱧᱟᱢᱚᱜᱼᱟ ?"
मैं डाइबिटिक हूँ और मेरी दोस्त को ग्लूटन से एलर्जी है।,ᱤᱧᱫᱚ ᱰᱟᱭᱟᱵᱮᱴᱤᱠ ᱜᱤᱭᱟᱹᱧ ᱟᱨ ᱤᱧᱨᱮᱱ ᱜᱟᱛᱮ ᱫᱚ ᱜᱞᱩᱴᱮᱱᱨᱮ ᱮᱞᱟᱨᱡᱤ ᱢᱮᱱᱟᱜ ᱛᱟᱭᱟ ᱾
"बिल्कुल, आप क्या लेना चाहेंगी?","ᱮᱠᱟᱞ ᱜᱮ, ᱟᱢᱟᱜ ᱪᱮᱫ ᱜᱚᱨᱚᱡᱽ ᱢᱮᱱᱟᱜ ᱛᱟᱢᱟ ?"
मैं सोच रही थी कि आप ही अपनी कुछ डिशेज़ बताएँ।,ᱤᱧ ᱟᱥᱚᱜ ᱠᱟᱱᱟᱹᱧ ᱡᱮ ᱟᱢ ᱟᱢᱟᱜ ᱡᱚᱢᱟᱜ ᱨᱮᱭᱟᱜ ᱠᱤᱪᱷᱤᱢ ᱞᱟᱹᱭ ᱫᱟᱲᱮᱭᱟᱜᱼᱟ ᱾
मैंने सुना है कि इस रेस्तराँ में बहुत हेल्दी खाना मिलता है।,ᱤᱧ ᱟᱸᱡᱚᱢ ᱟᱠᱟᱫᱟ ᱱᱤᱭᱟᱹ ᱡᱚᱢᱡᱤᱨᱟᱹᱣ ᱚᱲᱟᱜᱨᱮ ᱟᱹᱰᱤ ᱥᱟᱶᱟᱨᱼᱟᱱ ᱡᱚᱢᱟᱜ ᱢᱮᱱᱟᱜᱼᱟ ᱾
"जो कस्टमर ग्लूटन-फ़्री डाइट चाहते हैं, हम उन्हें चावल, कॉर्न, अलसी और बाजरा वगैरह दे सकते हैं।","ᱜᱞᱩᱴᱮᱱᱼᱯᱷᱨᱤ ᱡᱚᱢᱟᱜ ᱠᱚ ᱯᱟᱸᱡᱟᱭᱮᱫᱟ ᱚᱱᱠᱟᱱ ᱠᱤᱨᱤᱧᱩᱭᱟ ᱠᱚ ᱞᱟᱹᱜᱤᱫ, ᱟᱞᱮ ᱫᱟᱠᱟ,ᱡᱚᱸᱰᱨᱟ, ᱥᱚᱱ ᱤᱛᱟᱹ ᱟᱨ ᱵᱟᱡᱽᱲᱟ ᱨᱮᱭᱟᱜ ᱞᱮ ᱮᱢᱟ ᱠᱚᱣᱟ ᱾"
हमारे पास कई तरह की सलादें और स्मूदी भी हैं।,ᱟᱞᱮᱫᱚ ᱥᱟᱞᱟᱰ ᱟᱨ ᱱᱟᱯᱟᱭ ᱥᱤᱢᱟᱹ ᱢᱮᱱᱟᱜᱼᱟ ᱾
हमारे पास डाइबिटिक-फ़्रेंडली मेन्यू भी है।,ᱟᱞᱮᱭᱟᱜᱫᱚ ᱰᱟᱭᱟᱵᱮᱴᱤᱪ ᱦᱚᱲ ᱠᱩᱥᱤᱭᱟᱜ ᱞᱮᱠᱟᱱ ᱢᱮᱱᱩᱦᱚᱸ ᱢᱮᱱᱟᱜᱼᱟ ᱾
मैं लोकल खानों के मेन्यू के बारे में सोच रही थी जो ग्लूटन-फ़्री हों।,ᱤᱧᱫᱚ ᱥᱩᱨ ᱠᱚᱨᱮ ᱢᱤᱫᱴᱟᱝ ᱡᱚᱢᱟᱜ ᱤᱧ ᱯᱟᱸᱡᱟᱭᱮᱫᱟ ᱡᱟᱦᱟᱸᱫᱚ ᱜᱞᱩᱴᱮᱱᱼᱯᱷᱨᱤ ᱜᱮᱭᱟ ᱾
मशरूम ब्राउन राइस या चिकन क्विनोआ बिरयानी जैसा कुछ।,ᱢᱟᱥᱨᱩᱢ ᱵᱨᱟᱣᱩᱱ ᱨᱟᱭᱤᱥ ᱥᱮ ᱪᱤᱠᱮᱱ ᱠᱩᱭᱱᱚᱣᱟ ᱵᱤᱨᱤᱭᱟᱱᱤ ᱞᱮᱠᱟᱱᱟᱜ ᱠᱤᱪᱷᱤ ᱾
"हाँ, ये ऑप्शन यहाँ मिल जाएंगे।","ᱦᱮᱸ, ᱱᱚᱶᱟ ᱠᱚᱫᱚ ᱱᱚᱰᱮ ᱧᱟᱢᱚᱜᱼᱟ ᱾"
हमारे पास कुछ ग्लूटन-फ़्री सूप भी हैं जिन्हें आप चाहें तो देख सकती हैं।,ᱟᱞᱮᱴᱷᱮᱱ ᱠᱤᱪᱷᱤ ᱜᱞᱩᱴᱮᱱᱼᱯᱷᱨᱤ ᱥᱩᱯ ᱡᱚᱢᱟᱜ ᱢᱮᱱᱟᱜᱼᱟ ᱡᱟᱦᱟᱸᱫᱚ ᱟᱢᱮᱢ ᱧᱮᱞ ᱫᱟᱲᱮᱭᱟᱜᱼᱟ ᱾
आप डाइबिटिक-फ़्रेंडली मेन्यू में से क्या लेना चाहेंगी?,ᱰᱟᱭᱟᱵᱮᱴᱤᱠ ᱨᱮᱭᱟᱜ ᱢᱮᱱᱩ ᱠᱷᱚᱱ ᱟᱢ ᱪᱮᱫ ᱮᱢ ᱠᱷᱚᱡᱽ ᱠᱟᱱᱟ ?
मैं साबुदाने की खिचड़ी और वो मशरूम ब्राउन राइस लेना चाहूँगी जो मैंने पहले बताया था।,ᱤᱧᱫᱚ ᱥᱟᱹᱵᱩᱫᱟᱱᱟ ᱨᱮᱭᱟᱜ ᱠᱷᱤᱪᱩᱲᱤ ᱟᱨ ᱢᱟᱥᱨᱩᱢ ᱵᱨᱟᱣᱩᱱ ᱨᱟᱭᱤᱥ ᱤᱧ ᱦᱟᱛᱟᱣᱼᱟ ᱡᱟᱦᱟᱸᱫᱚ ᱤᱧ ᱞᱟᱦᱟᱨᱮᱧ ᱞᱟᱹᱭ ᱟᱠᱟᱫᱟ ᱾
आपके पास सूप कौन कौन-से हैं?,ᱥᱩᱯ ᱞᱟᱹᱜᱤᱫ ᱟᱢᱴᱷᱮᱱ ᱪᱮᱫ ᱠᱚ ᱢᱮᱱᱟᱜᱼᱟ ?
हमारे पास ग्लूटन-फ़्री फ़्रेंच अनियन सूप है।,ᱟᱞᱮᱴᱷᱮᱱ ᱜᱞᱩᱴᱮᱱᱼᱯᱷᱨᱤ ᱯᱷᱨᱮᱧᱪ ᱚᱱᱤᱭᱚᱱ ᱥᱩᱯ ᱢᱮᱱᱟᱜᱼᱟ ᱾
हम मटर दाल का स्वादिष्ट सूप भी बनाते हैं।,ᱟᱞᱮᱫᱚ ᱢᱤᱫ ᱥᱚᱲᱚᱢᱼᱟᱱ ᱠᱮᱪᱟᱜ ᱢᱚᱴᱚᱨ ᱢᱟᱹᱥᱨᱤ ᱥᱩᱯ ᱞᱮ ᱵᱮᱱᱟᱣᱼᱟ ᱾
फिर हमारे पास फ़ो बो और वेस्ट अफ़्रीकन पीनट बटर सूप है।,ᱤᱱᱟᱹ ᱛᱟᱭᱚᱢ ᱟᱞᱮᱴᱷᱮᱱ ᱯᱷᱳ ᱵᱳ ᱟᱨ ᱢᱤᱫᱴᱟᱝ ᱯᱚᱪᱷᱤᱢ ᱟᱯᱷᱨᱤᱠᱟᱱ ᱯᱤᱱᱟ ᱵᱟᱴᱟᱨ ᱥᱩᱯ ᱢᱮᱱᱟᱜᱼᱟ ᱾
"फ़्रेंच अनियन सूप सुनने में अच्छा लग रहा है, तो हम वो दो लेंगे।",ᱯᱷᱨᱮᱧᱪ ᱯᱤᱭᱟᱸᱡᱽ ᱥᱩᱯᱫᱚ ᱵᱮᱥ ᱜᱮ ᱟᱸᱡᱚᱢᱚᱜ ᱠᱟᱱᱟ ᱚᱱᱟᱛᱮ ᱟᱞᱮᱴᱷᱮᱱ ᱱᱚᱶᱟᱠᱤᱱ ᱨᱮᱭᱟᱜ ᱵᱟᱱᱟᱨᱜᱮ ᱛᱟᱦᱮᱱᱟ ᱾
मैं आम तौर पर डेज़र्ट नहीं लेती क्योंकि ऐसे डेज़र्ट ढूँढना मुश्किल हैं जो डाइबिटिक फ़्रेंडली हो।,ᱤᱧᱫᱚ ᱥᱟᱫᱷᱟᱨᱚᱱᱚᱛᱚ ᱰᱮᱡᱟᱨᱴ ᱫᱚ ᱮᱲᱟᱣ ᱜᱤᱭᱟᱹᱧ ᱪᱮᱫᱟᱜ ᱥᱮ ᱰᱟᱭᱟᱵᱮᱴᱤᱠ ᱦᱮᱲᱮᱢ ᱡᱚᱢᱟᱜ ᱯᱟᱸᱡᱟ ᱧᱟᱢ ᱟᱡᱷᱟᱴ ᱜᱮᱭᱟ ᱾
"ओह, आप चिंता न करें, हमारे पास कई तरह के डाइबिटिक-फ़्रेंडली डेज़र्ट भी हैं।","ᱳᱦ, ᱟᱞᱚᱢ ᱩᱭᱦᱟᱹᱨᱟ, ᱟᱞᱮᱴᱷᱮᱱ ᱰᱟᱭᱟᱵᱮᱴᱤᱠᱼᱦᱚᱲ ᱡᱚᱢᱟᱜ ᱞᱮᱠᱟᱱ ᱦᱮᱲᱮᱢ ᱡᱚᱢᱟᱜ ᱦᱚᱸ ᱢᱮᱱᱟᱜᱼᱟ ᱾"
आप लो-कार्ब पीनट बटर कुकीज़ या चॉकलेट कीटो फ़ैट बॉम्ब ट्राई कर सकती हैं।,ᱟᱢ ᱞᱳᱼᱠᱟᱨᱵ ᱯᱤᱱᱟᱴ ᱵᱟᱴᱟᱨ ᱠᱩᱠᱤᱡᱽ ᱥᱮ ᱪᱚᱠᱞᱮᱴ ᱠᱮᱴᱳ ᱯᱷᱮᱴ ᱵᱳᱢᱼᱮᱢ ᱵᱮᱣᱦᱟᱨ ᱫᱟᱲᱮᱭᱟᱜᱼᱟ ᱾
हम बहुत अच्छा प्रोटीन चीज़केक भी बनाते हैं।,ᱟᱞᱮᱫᱚ ᱵᱷᱟᱜᱮ ᱯᱨᱳᱴᱤᱱ ᱪᱤᱡᱽᱠᱮᱠ ᱦᱚᱸᱞᱮ ᱵᱮᱱᱟᱣᱼᱟ ᱾
मैंने डाइबिटीज़ के चलते बहुत समय से चीज़केक नहीं खाया।,ᱤᱧᱫᱚ ᱰᱟᱭᱟᱵᱮᱴᱤᱠ ᱠᱷᱟᱹᱛᱤᱨᱛᱮ ᱩᱱᱟᱹᱜᱫᱤᱱ ᱪᱤᱡᱽᱠᱮᱠᱮ ᱵᱟᱹᱧ ᱡᱚᱢ ᱟᱠᱟᱫᱟ ᱿
मैं प्रोटीन चीज़केक लूँगी और इनके लिए लो-कार्ब पीनट बटर कुकी।,ᱤᱧ ᱴᱷᱮᱱ ᱩᱱᱤ ᱞᱟᱹᱜᱤᱫ ᱯᱨᱳᱴᱤᱱ ᱪᱤᱡᱽᱠᱮᱠᱮ ᱟᱨ ᱢᱤᱫᱴᱟᱝ ᱠᱚᱢᱼᱠᱟᱨᱵ ᱯᱤᱱᱟᱴ ᱵᱟᱴᱟᱨ ᱠᱩᱠᱤ ᱛᱟᱦᱮᱱᱟ ᱾
यह रेस्तराँ गज़ब का है।,ᱱᱚᱶᱟ ᱡᱚᱢ ᱡᱤᱨᱟᱹᱣ ᱚᱲᱟᱜᱫᱚ ᱟᱹᱰᱤ ᱦᱟᱦᱟᱲᱟ ᱜᱮᱭᱟ ᱾
तारीफ़ करने के लिए धन्यवाद।,ᱥᱟᱨᱦᱟᱣ ᱞᱟᱹᱜᱤᱫᱛᱮ ᱟᱭᱢᱟ ᱥᱟᱨᱦᱟᱣ ᱾
मुझे उम्मीद है कि आप थोड़ा समय निकाल कर गूगल पर हमें रिव्यू दे देंगी।,ᱤᱧ ᱟᱥᱚᱜ ᱠᱟᱹᱱᱟᱹᱧ ᱟᱢ ᱜᱩᱜᱚᱞ ᱨᱮ ᱟᱞᱮ ᱨᱤᱵᱷᱤᱣᱩ ᱮᱢᱚᱜ ᱨᱮ ᱚᱠᱛᱚᱢ ᱦᱟᱛᱟᱣᱼᱟ ᱾
"अगर आपको कुछ और चाहिए हो, तो प्लीज़ मुझे बताइएगा।",ᱫᱟᱭᱟ ᱠᱟᱛᱮᱜ ᱵᱟᱰᱟᱭ ᱚᱪᱚᱧ ᱢᱮ ᱡᱩᱫᱤ ᱡᱟᱦᱟᱱᱟᱜ ᱮᱢ ᱠᱷᱚᱡᱽ ᱠᱷᱟᱱ ᱾
पक्का मैं अच्छा रिव्यू दूँगी।,ᱤᱧ ᱢᱤᱫᱴᱟᱝ ᱴᱷᱟᱹᱣᱠᱟᱹᱟᱱ ᱱᱟᱯᱟᱭ ᱨᱤᱵᱷᱤᱣᱩ ᱤᱧ ᱮᱢᱚᱜ ᱟ ᱾
"क्या मैं अंदर आ सकता हूँ, सर?","ᱤᱧ ᱵᱷᱤᱛᱤᱨ ᱨᱮᱧ ᱦᱮᱡᱽ ᱫᱟᱲᱮᱭᱟᱜᱼᱟ, ᱥᱮᱨ ?"
"हाँ, प्लीज़ बैठिए।","ᱦᱮᱸ, ᱫᱩᱲᱩᱵ ᱢᱮ ᱾"
मैं आपके लिए क्या कर सकता हूँ?,ᱟᱢ ᱞᱟᱹᱜᱤᱫ ᱪᱮᱫ ᱤᱧ ᱪᱤᱠᱟᱹ ᱫᱟᱲᱮᱭᱟᱜᱼᱟ ?
मेरा नाम आनंद यादव है।,ᱤᱧᱟᱹᱜ ᱧᱩᱛᱩᱢ ᱫᱚ ᱟᱱᱚᱱᱫ ᱡᱟᱫᱚᱵ
मुझे अपने बचत खाते में से कुछ पैसे निकालने हैं।,ᱤᱧᱫᱚ ᱤᱧᱟᱹᱜ ᱥᱮᱵᱷᱤᱝᱥ ᱮᱠᱟᱣᱩᱱᱴᱥ ᱠᱷᱚᱱ ᱠᱤᱪᱷᱤ ᱴᱟᱠᱟᱧ ᱦᱟᱛᱟᱣᱼᱟ ᱾
मैं नहीं जानता कि पैसे निकालने का क्या तरीका है।,ᱤᱧᱫᱚ ᱴᱟᱠᱟ ᱳᱰᱳᱠ ᱦᱚᱨᱟ ᱪᱮᱫ ᱞᱮᱠᱟᱱᱟ ᱵᱟᱹᱧ ᱵᱟᱰᱟᱭᱟ ᱾
क्या आप मेरी मदद कर सकते हैं?,ᱟᱢ ᱪᱮᱫ ᱤᱧᱮᱢ ᱜᱚᱲᱚ ᱟᱹᱧᱟᱹ ?
"हाँ बिल्कुल, सर।","ᱮᱠᱟᱞ ᱜᱮ, ᱥᱮᱨ ᱾"
"सबसे पहले, आपको विड्रॉल फ़ॉर्म पूरा करना होगा।",ᱯᱳᱭᱞᱳᱨᱮ ᱟᱢ ᱴᱟᱠᱟ ᱛᱩᱞᱟᱹᱣ ᱨᱮᱭᱟᱜ ᱯᱷᱚᱨᱢ ᱯᱮᱨᱮᱡᱽ ᱦᱩᱭᱩᱜ ᱛᱟᱢᱟ ᱾
"कृपया नीचे दिए गए खानों में अपना अकाउंट नंबर, नाम, मोबाइल नंबर और पता लिखें।","ᱫᱟᱭᱟ ᱠᱟᱛᱮᱜ ᱞᱟᱛᱟᱨ ᱨᱮ ᱟᱢᱟᱜ ᱮᱠᱟᱣᱩᱱᱴ ᱱᱚᱢᱵᱚᱨ, ᱧᱩᱛᱩᱢ, ᱢᱳᱵᱟᱭᱤᱞ ᱱᱚᱢᱵᱚᱨ, ᱟᱨ ᱴᱷᱤᱠᱟᱹᱱᱟ ᱚᱞᱢᱮ ᱾"
ठीक है. क्या मुझे यहाँ साइन करना है?,"ᱴᱷᱤᱠ ᱜᱮᱭᱟ, ᱤᱧᱫᱚ ᱪᱮᱫ ᱱᱚᱸᱰᱮᱧ ᱥᱩᱦᱤᱭᱟ ?"
बिल्कुल। प्लीज़ साइन करें।,"ᱮᱠᱟᱞ ᱜᱮ, ᱚᱱᱟᱠᱜᱮ ᱠᱚᱨᱟᱣ ᱢᱮ ᱾"
आप कितने पैसे निकालना चाहते हैं?,ᱟᱢ ᱛᱤᱱᱟᱹᱜ ᱜᱟᱱ ᱴᱟᱠᱟ ᱛᱩᱞᱟᱹᱣᱮᱢ ᱠᱷᱚᱡᱽ ᱠᱟᱱᱟ ?
"मुझे 100,000 रुपये निकालने हैं।","ᱤᱧᱫᱚ ᱑᱐᱐,᱐᱐᱐/- ᱴᱟᱠᱟ ᱛᱩᱞᱟᱹᱣ ᱞᱟᱹᱠᱛᱤᱭᱟᱹᱧᱟ ᱾"
"कृपया फ़ॉर्म में ये राशि शब्दों और अंकों में लिखें, सर।","ᱥᱮᱨ, ᱫᱟᱭᱟ ᱠᱟᱛᱮᱜ ᱟᱹᱲᱟᱹ ᱟᱨ ᱮᱞ ᱨᱮᱭᱟᱜ ᱞᱮᱠᱷᱟ ᱥᱟᱶᱛᱮ ᱯᱷᱚᱨᱢ ᱯᱮᱨᱮᱡᱽ ᱢᱮ ᱾"
और विड्रॉल फ़ॉर्म में नीचे अपना नाम साइन करना न भूलें।,ᱴᱟᱠᱟ ᱛᱩᱞᱟᱹᱣ ᱯᱷᱚᱨᱢ ᱪᱮᱛᱟᱱ ᱨᱮ ᱟᱢᱟᱜ ᱧᱩᱛᱩᱢ ᱥᱩᱦᱤ ᱟᱞᱚᱢ ᱦᱤᱲᱤᱧᱟ ᱾
"ठीक है, मैं याद रखूँगा।","ᱴᱷᱤᱠ ᱜᱮᱭᱟ, ᱱᱚᱶᱟ ᱫᱚᱧ ᱫᱤᱥᱟᱹ ᱠᱟᱹᱜ ᱼᱟᱹ ᱾"
इनमें से विड्रॉल काउंटर कौन-सा है?,ᱚᱠᱟᱴᱟᱜ ᱫᱚ ᱴᱟᱠᱟ ᱛᱩᱞᱟᱹᱣ ᱨᱮᱭᱟᱜ ᱠᱟᱣᱩᱱᱴᱟᱨ ᱠᱟᱱᱟ ?
"सर, कृपया काउंटर नं. 2 पर जाएँ।","ᱥᱮᱨ, ᱫᱟᱭᱟ ᱠᱟᱛᱮᱜ ᱒ ᱱᱚᱢᱵᱚᱨ ᱠᱟᱣᱩᱱᱴᱟᱮ ᱨᱮ ᱪᱟᱞᱟᱜ ᱢᱮ ᱾"
"काउंटर पर का कर्मचारी, ग्राहक के खाते नंबर और नाम की पुष्टि करेगा।",ᱠᱟᱣᱩᱱᱴᱟᱨ ᱨᱮᱱ ᱠᱟᱹᱢᱤᱭᱤᱡ ᱦᱟᱛᱟᱣᱤᱡᱼᱟᱜ ᱮᱠᱟᱣᱩᱱᱴ ᱱᱚᱢᱵᱚᱨ ᱟᱨ ᱧᱩᱛᱩᱢᱮ ᱴᱷᱟᱹᱣᱠᱟᱹᱭᱟ ᱾
और आपको पैसा मिल जाएगा।,ᱟᱨ ᱟᱢ ᱴᱟᱠᱟᱢ ᱧᱟᱢᱟ ᱾
धन्यवाद!,ᱥᱟᱨᱦᱟᱣ ᱜᱮ !
मैं आपके लिए और क्या कर सकता हूँ?,ᱟᱢ ᱞᱟᱹᱜᱤᱫ ᱟᱨ ᱡᱟᱦᱟᱱᱟᱜ ᱤᱧ ᱪᱤᱠᱟᱹ ᱫᱟᱲᱮᱭᱟᱜᱼᱟ ?
मुझे एक और मदद चाहिए?,ᱤᱧ ᱟᱨ ᱢᱤᱫᱴᱟᱝ ᱜᱚᱲᱚᱧ ᱠᱷᱚᱡᱽ ᱠᱟᱱᱟ ᱾
मैं पैसा निकालने के बाद खाते में बची रकम कैसे जान सकता हूं?,ᱴᱟᱠᱟ ᱛᱩᱞᱟᱹᱣ ᱛᱟᱭᱚᱢ ᱤᱧ ᱪᱮᱫ ᱞᱮᱠᱟᱛᱮ ᱮᱠᱟᱣᱩᱱᱴ ᱵᱮᱞᱮᱱᱥ ᱤᱧ ᱵᱟᱰᱟᱭ ᱫᱟᱲᱮᱭᱟᱜᱼᱟ ?
"सर, प्लीज़ काउंटर स्टाफ़ से पासबुक में बची रकम डालने के लिए कहें।","ᱥᱮᱨ, ᱫᱟᱭᱟ ᱠᱟᱛᱮᱜ ᱠᱟᱣᱩᱱᱴᱟᱨ ᱠᱟᱹᱢᱤᱭᱟᱹᱠᱚ ᱯᱟᱥᱵᱳᱭᱨᱮ ᱵᱮᱞᱮᱱᱥ ᱚᱞ ᱟᱪᱚ ᱠᱚᱢ ᱾"
ठीक है! बहुत-बहुत धन्यवाद।,ᱴᱷᱤᱠ ᱜᱮᱭᱟ ! ᱟᱭᱢᱟ ᱥᱟᱨᱦᱟᱣ ᱾
वेलकम सर!,ᱥᱟᱹᱜᱩᱱ ᱫᱟᱨᱟᱢ ᱥᱮᱨ !
ख़ास कस्टमर होने के लिए धन्यवाद।,ᱫᱟᱢᱟᱱ ᱜᱟᱦᱟᱠ ᱦᱩᱭᱩᱜ ᱞᱟᱹᱜᱤᱫᱛᱮ ᱟᱭᱢᱟ ᱥᱟᱨᱦᱟᱣ ᱾
फिर आइयेगा।,ᱟᱨᱦᱚᱸ ᱦᱤᱡᱩᱜ ᱢᱮ ᱾
क्या आपको स्पोर्ट्स पर बनी फ़िल्में पसंद हैं?,ᱟᱢ ᱠᱷᱮᱞᱚᱸᱰ ᱯᱷᱤᱞᱤᱢᱨᱮ ᱢᱤᱱᱟᱢᱟ ?
ऐसी वाली जिनमें वे असली खिलाड़ियों की कहानी बताते हैं?,ᱟᱢᱮᱢ ᱵᱟᱰᱟᱭᱟ ᱩᱱᱠᱩᱫᱚ ᱥᱟᱹᱨᱤᱱ ᱠᱷᱮᱞ ᱠᱷᱮᱞᱚᱸᱰᱤᱭᱟᱹ ᱠᱚᱣᱟᱜ ᱠᱟᱹᱦᱤᱱᱤᱠᱚ ᱞᱟᱹᱭᱟ ᱾
उससे कितनी प्रेरणा मिलती है।,ᱱᱚᱶᱟᱫᱚ ᱟᱹᱰᱤ ᱩᱫᱜᱟᱹᱣ ᱟᱱᱟᱜ ᱠᱟᱱᱟ ᱾
"मैंने मैरी कॉम देखी, उसके बाद से मुझे ये फ़िल्में पसंद आने लगी।",ᱤᱧ ᱢᱮᱨᱤ ᱠᱚᱢ ᱧᱮᱞ ᱛᱟᱭᱚᱢ ᱩᱱᱠᱩ ᱠᱩᱥᱤᱧ ᱮᱛᱚᱦᱚᱵ ᱟᱠᱟᱫᱟ ᱾
मुझे उसे देखकर बहुत अच्छा लगा।,ᱚᱱᱟ ᱧᱮᱞ ᱛᱟᱭᱚᱢ ᱟᱹᱰᱤ ᱢᱚᱡᱽ ᱵᱩᱡᱷᱟᱹᱜ ᱠᱟᱱᱟ ᱾
हाँ ऐसी फ़िल्में मुझे भी बहुत पसंद हैं।,ᱳᱦ ᱤᱧᱫᱚ ᱚᱱᱟᱠᱚ ᱪᱤᱱᱟᱹᱢᱟᱧ ᱠᱩᱥᱤᱭᱟᱜᱼᱟ ?
मेरी पसंदीदा भाग मिल्खा भाग है।,ᱵᱷᱟᱜᱽ ᱢᱤᱞᱠᱷᱟ ᱵᱷᱟᱜᱽ ᱫᱚ ᱤᱧᱟᱹᱜ ᱡᱚᱛᱚᱠᱷᱚᱱ ᱠᱩᱥᱤᱭᱟᱜ ᱠᱟᱱᱟ ᱾
ये एथलीट मिल्खा सिंह के बारे में 2013 में आई फ़िल्म है।,ᱱᱚᱶᱟᱫᱚ ᱒᱐᱑᱓ ᱥᱟᱹᱦᱤᱛ ᱨᱮᱭᱟᱜ ᱠᱷᱮᱞᱚᱸᱰᱤᱭᱟᱹ ᱢᱤᱞᱠᱷᱟ ᱥᱤᱝ ᱤᱫᱤ ᱠᱟᱛᱮᱜ ᱢᱤᱫ ᱪᱚᱞᱚᱛ ᱪᱤᱛᱟᱹᱨ ᱠᱟᱱᱟ ᱾
क्या आपको पता है कि वे कितने गज़ब के इनसान हैं?,ᱟᱢᱮᱢ ᱵᱟᱰᱟᱭᱟ ᱦᱚᱲᱛᱮᱫᱽ ᱛᱤᱱᱟᱹᱜ ᱮ ᱦᱟᱦᱟᱲᱟᱜᱼᱟ ?
उन्हें द फ़्लाइंग सिख के नाम से भी जाना जाता है!,ᱩᱱᱤᱫᱚ ᱩᱰᱟᱹᱜ ᱥᱤᱠᱷ ᱢᱮᱱᱛᱮ ᱦᱚᱸᱭ ᱩᱨᱩᱢᱚᱜᱼᱟ !
हाँ मुझे वह शख़्स बहुत पसंद है!,ᱳᱦ ᱩᱱᱤ ᱦᱚᱲᱫᱚ ᱤᱧᱤᱧ ᱠᱩᱥᱤ ᱟᱭᱟ !
वे एकमात्र ऐसे एथलीट हैं जिन्होंने एशियाई खेलों और राष्ट्रमंडल खेलों में 400 मीटर में स्वर्ण जीता।,ᱩᱱᱤᱜᱮ ᱢᱤᱫ ᱠᱷᱮᱞᱚᱸᱰᱤᱭᱟᱹ ᱠᱟᱱᱟᱭ ᱡᱟᱦᱟᱸᱭᱫᱚ ᱮᱥᱤᱭᱟᱱ ᱜᱮᱢᱥ ᱟᱨ ᱠᱚᱢᱚᱱᱳᱭᱮᱞᱛᱷ ᱜᱮᱢᱥᱨᱮ ᱔᱐᱐ ᱢᱤᱴᱟᱨ ᱨᱮ ᱥᱚᱱᱟᱭ ᱡᱤᱛᱠᱟᱹᱨ ᱞᱮᱱᱟ ᱾
है ना बेहतरीन?,ᱚᱱᱟ ᱫᱚ ᱛᱤᱱᱟᱹᱜ ᱢᱚᱡᱽ ?
उन्होंने 1958 और 1962 एशियाई खेलों में भी स्वर्ण पदक जीते।,ᱚᱱᱟ ᱪᱷᱟᱰᱟ ᱠᱟᱛᱮᱜ ᱩᱱᱤᱫᱚ ᱑᱙᱕᱘ ᱟᱨ ᱑᱙᱖᱒ ᱨᱮᱭᱟᱜ ᱮᱥᱤᱭᱟᱱ ᱜᱮᱢᱥᱨᱮ ᱥᱚᱱᱟᱭ ᱧᱟᱢ ᱟᱠᱟᱫᱟ ᱾
मुझे एक दिन उनके जैसा बनना है।,ᱤᱧ ᱢᱤᱫ ᱫᱤᱱ ᱩᱱᱤ ᱞᱮᱠᱟᱧ ᱦᱩᱭᱩᱜᱼᱟ ᱾
उन्हें पद्म श्री मिला है।,ᱩᱱᱤᱫᱚ ᱯᱫᱫᱚᱥᱨᱤᱭ ᱧᱟᱢ ᱟᱠᱟᱫᱟ ᱾
मैं उनके जैसा शानदार एथलीट बनने के बाद इसे हासिल करना चाहता हूं।,ᱤᱧᱦᱚᱸ ᱩᱱᱤ ᱞᱮᱠᱟ ᱢᱤᱫ ᱦᱟᱦᱟᱲᱟᱜᱼᱟᱱ ᱠᱷᱮᱞᱚᱱᱰᱤᱭᱟᱹ ᱦᱩᱭ ᱛᱟᱭᱚᱢ ᱢᱤᱫᱴᱟᱝ ᱧᱟᱢ ᱤᱧ ᱠᱷᱚᱡᱽ ᱠᱟᱱᱟ ᱾
और वो रेस जिसमें वे चौथे स्थान पर आए थे?,ᱟᱨ ᱫᱟᱹᱲᱛᱮ ᱚᱠᱟᱨᱮ ᱩᱱᱤ ᱯᱩᱱᱟᱜ ᱴᱷᱟᱶᱮ ᱦᱟᱢᱮᱴ ᱞᱮᱫᱟ ?
1960 के ओलंपिक खेलों में 400-मीटर फ़ाइनल?,᱑᱙᱖᱐ ᱥᱟᱹᱦᱤᱛ ᱨᱮᱭᱟᱜ ᱚᱞᱤᱢᱯᱤᱠᱥ ᱜᱮᱢᱥᱨᱮ ᱔᱐᱐ ᱢᱤᱴᱟᱨ ᱯᱷᱟᱭᱱᱟᱞ ᱨᱮ ?
मुझे लगता है कि उन्हें सबसे ज़्यादा इसी के लिए याद किया जाता है।,ᱤᱧ ᱢᱚᱱᱮᱭᱟ ᱡᱮ ᱩᱱᱤᱫᱚ ᱡᱚᱛᱚᱠᱷᱚᱱ ᱵᱟᱹᱲᱛᱤᱜᱮ ᱫᱤᱥᱟᱹ ᱫᱚᱦᱚᱭ ᱦᱩᱭᱩᱜᱼᱟ ᱾
मुझे एक बार उन पर प्रोजेक्ट रिपोर्ट लिखनी थी।,ᱢᱤᱫᱫᱷᱟᱣ ᱩᱱᱤ ᱪᱮᱛᱟᱱ ᱢᱤᱫᱴᱟᱝ ᱚᱱᱚᱞ ᱚᱞ ᱦᱩᱭᱩᱜ ᱛᱤᱧᱟᱹ ᱾
मैंने उनके बारे में बहुत पढ़ा था।,ᱤᱧ ᱩᱱᱤ ᱵᱟᱵᱚᱛᱛᱮ ᱟᱭᱢᱟᱧ ᱯᱟᱲᱦᱟᱣ ᱟᱠᱟᱫᱟ ᱾
"उस समय वे चौथे स्थान पर आए थे, उन्होंने भारतीय राष्ट्रीय रिकॉर्ड बनाया जो शायद 40 साल तक टूट नहीं सका था!","ᱚᱱᱟ ᱚᱠᱛᱚ ᱩᱱᱤᱫᱚ ᱯᱩᱱᱟᱜ ᱴᱷᱟᱶᱼᱮ ᱦᱟᱢᱮᱴ ᱞᱮᱫᱟ, ᱩᱱᱤᱫᱚ ᱢᱤᱫ ᱵᱷᱟᱨᱚᱛᱤᱭᱚ ᱡᱟᱹᱛᱤᱭᱟᱹᱨᱤ ᱨᱮᱠᱚᱨᱰᱼᱮ ᱵᱮᱱᱟᱣ ᱞᱮᱫᱟ ᱡᱟᱦᱟᱸᱫᱚ ᱔᱐ ᱥᱮᱨᱢᱟ ᱞᱮᱠᱟ ᱵᱟᱝ ᱯᱟᱨᱚᱢ ᱟᱠᱟᱱᱟ ᱾"
मैंने बड़े होते-होते उनके बारे में बहुत सुना।,ᱦᱟᱨᱟᱜ ᱚᱠᱛᱚ ᱩᱱᱤ ᱵᱟᱵᱚᱛᱛᱮ ᱟᱭᱢᱟ ᱠᱟᱛᱦᱟᱧ ᱟᱸᱡᱚᱢ ᱟᱠᱟᱫᱟ ᱾
मेरे पिताजी उनके कट्टर प्रशंसक थे।,ᱤᱧ ᱵᱵᱟᱫᱚ ᱩᱱᱤᱨᱮᱱ ᱢᱟᱨᱟᱝ ᱵᱷᱚᱠᱛᱚᱭ ᱛᱟᱦᱮᱸᱠᱟᱱᱟ ᱾
मैंने उनकी आत्मकथा भी पढ़ी है।,ᱩᱱᱤᱭᱟᱜ ᱡᱤᱭᱤᱱ ᱪᱚᱨᱤᱛ ᱤᱧ ᱯᱟᱲᱦᱟᱣ ᱟᱠᱟᱫᱟ ᱾
उसे पढ़ने के बाद मैंने सोचा कि मुझे उनकी फ़िल्म भी देखनी चाहिए।,ᱯᱟᱲᱦᱟᱣ ᱛᱟᱭᱚᱢ ᱩᱭᱦᱟᱹᱨ ᱠᱤᱫᱟᱹᱧ ᱚᱱᱟ ᱥᱤᱱᱟᱹᱢᱟᱧ ᱧᱮᱞᱟ ᱾
वह बेहद शानदार थी।,ᱱᱚᱶᱟᱫᱚ ᱟᱹᱰᱤ ᱡᱳᱜᱢᱟᱱ ᱛᱟᱦᱮᱸᱠᱟᱱᱟ ᱾
फ़िल्म को कई अवॉर्ड भी मिले।,ᱪᱚᱞᱚᱛ ᱪᱤᱛᱟᱹᱨ ᱫᱚ ᱟᱭᱢᱟ ᱥᱤᱨᱯᱟᱹᱭ ᱧᱟᱢ ᱟᱠᱟᱫᱟ ᱾
फरहान अख़्तर ने बढ़िया काम किया।,ᱯᱷᱟᱨᱦᱟᱱ ᱟᱠᱷᱛᱟᱨ ᱟᱹᱰᱤ ᱵᱷᱟᱜᱤᱭ ᱠᱟᱹᱢᱤ ᱟᱟᱠᱫᱟ ᱾
यह बहुत अच्छा होगा अगर तुम महान एथलीट मिल्खा सिंह जैसे बनो।,ᱟᱢ ᱡᱩᱫᱤ ᱢᱤᱞᱠᱷᱟ ᱥᱤᱝ ᱞᱮᱠᱟ ᱵᱷᱟᱜᱮ ᱠᱷᱮᱞᱚᱸᱰᱤᱭᱟᱹᱢ ᱦᱩᱭᱩᱜᱼᱟ ᱮᱱᱠᱷᱟᱱ ᱱᱚᱶᱟᱫᱚ ᱟᱹᱰᱤ ᱵᱷᱟᱞᱤᱼᱟ ᱾
"हैलो, क्या यह जयपुर सिटी पैलेस है?","ᱦᱮᱞᱳ, ᱱᱚᱶᱟ ᱫᱚ ᱪᱮᱫ ᱡᱚᱭᱯᱩᱨ ᱥᱤᱴᱤ ᱯᱮᱞᱮᱥ ?"
"जी हाँ, मैं आपकी किस प्रकार सहायता कर सकती हूँ?",ᱦᱮᱸ ᱪᱮᱫ ᱞᱮᱠᱟᱛᱮ ᱤᱧ ᱜᱚᱲᱚ ᱫᱟᱲᱮᱭᱟᱢᱟ ?
मैं वेरा ब्रांड से कॉल कर रहा हूँ।,ᱵᱷᱮᱨᱟ ᱵᱨᱮᱱᱰ ᱠᱷᱚᱱ ᱤᱧ ᱯᱷᱳᱱ ᱮᱫᱟ ᱾
हम चेन्नई में स्थित एक इंटरनेशनल लक्ज़री ब्रांड हैं।,ᱟᱞᱮ ᱫᱚ ᱪᱮᱱᱱᱟᱭ ᱨᱮᱱ ᱡᱮᱜᱮᱫ ᱡᱟᱠᱟᱛ ᱵᱤᱞᱟᱥᱵᱚᱦᱩᱞ ᱵᱨᱮᱱᱰ
मैं एक फोटोशूट के लिए महल में जाने देने की रिक्वेस्ट के लिए कॉल कर रहा हूँ।,ᱢᱤᱫᱴᱟᱝ ᱯᱷᱚᱴᱳ ᱥᱩᱴ ᱞᱟᱹᱜᱤᱫ ᱫᱚᱞᱟᱱᱨᱮ ᱵᱚᱞᱚᱱ ᱞᱟᱹᱜᱤᱫ ᱯᱳᱱ ᱛᱮᱧ ᱱᱮᱦᱚᱨ ᱮᱫᱟ ᱾
हम एक नया प्रोडक्ट रिलीज़ कर रहे हैं।,ᱟᱞᱮ ᱢᱤᱫᱴᱟᱝ ᱱᱟᱶᱟ ᱡᱤᱱᱤᱥᱞᱮ ᱯᱟᱨᱥᱟᱞ ᱮᱫᱟ ᱾
"ओके, इसका इंतज़ाम हो सकता है।","ᱴᱷᱤᱠ ᱜᱮᱭᱟ, ᱱᱚᱶᱟ ᱞᱟᱹᱜᱤᱫ ᱵᱚᱱᱫᱮᱡ ᱦᱩᱭ ᱫᱟᱲᱮᱭᱟᱜᱼᱟ ᱾"
"प्लीज़, क्या मैं आपका नाम जान सकती हूँ?",ᱤᱧ ᱪᱮᱫ ᱟᱢᱟᱜ ᱧᱩᱛᱩᱢ ᱤᱧ ᱵᱟᱰᱟᱭ ᱫᱟᱲᱮᱭᱟᱜᱼᱟ ?
अनंत। क्या आपको किसी पहचान की ज़रूरत होगी?,ᱱᱚᱶᱟ ᱫᱚ ᱚᱱᱚᱛᱷ ᱾ ᱟᱢᱟᱜ ᱡᱟᱦᱟᱱᱟᱜ ᱪᱤᱱᱦᱟᱹᱭ ᱨᱮᱭᱟᱜ ᱞᱟᱹᱠᱛᱤ ᱠᱟᱱᱟ ?
हमें कुछ डॉक्यूमेंट लगेंगे।,ᱟᱞᱮᱭᱟᱜ ᱵᱮᱥ ᱠᱤᱪᱷᱤ ᱱᱚᱛᱷᱤ ᱞᱟᱹᱠᱛᱤᱜᱼᱟ ᱾
"पहला, इस बात का ठोस सबूत कि ऐसी कोई कंपनी वास्तव में है।","ᱢᱤᱫ, ᱢᱤᱫᱴᱟᱝ ᱥᱟᱹᱨᱤ ᱥᱟᱹᱵᱩᱫᱽ ᱡᱮ ᱠᱳᱢᱯᱟᱱᱤ ᱢᱮᱱᱟᱜᱼᱟ ᱾"
"दूसरा, इसमें शामिल पूरे दल की लिस्ट और उनकी पहचान।","ᱵᱟᱨ, ᱥᱮᱞᱮᱫ ᱢᱮᱱᱟᱜ ᱠᱚ ᱥᱟᱱᱟᱢ ᱠᱨᱩ ᱠᱚᱣᱟᱜ ᱛᱟᱞᱤᱠᱟ, ᱩᱱᱠᱚᱣᱟᱜ ᱩᱯᱨᱩᱢ ᱟᱛᱮ ᱾"
और इन चार्ज का पहचान प्रमाण।,ᱟᱨ ᱫᱟᱭᱵᱷᱟᱨ ᱨᱮ ᱢᱮᱱᱟᱜ ᱠᱚ ᱦᱚᱲ ᱠᱚᱣᱟᱜ ᱩᱯᱨᱩᱢ ᱥᱟᱹᱵᱩᱫᱽ ᱾
अगर आपको डॉक्यूमेंट मेल कर दें तो चलेगा क्या?,ᱱᱚᱛᱷᱤ ᱠᱚ ᱟᱢ ᱴᱷᱮᱱ ᱵᱷᱮᱡᱟ ᱞᱮᱠᱷᱟᱱ ᱪᱮᱫ ᱵᱷᱟᱜᱮ ᱦᱩᱭᱩᱜᱼᱟ ?
"हाँ, पर हमें शूट के दिन पहचान प्रमाण देखना होगा।","ᱦᱮᱸ, ᱢᱮᱱᱠᱷᱟᱱ ᱥᱩᱴᱤᱝ ᱦᱤᱞᱚᱜ ᱩᱯᱨᱩᱢ ᱥᱟᱹᱵᱩᱫᱽ ᱧᱮᱞ ᱦᱩᱭᱩᱜ ᱛᱟᱞᱮᱭᱟ ᱾"
"ठीक है, मैं समझ गया।","ᱮᱠᱟᱞᱛᱮ, ᱤᱧ ᱵᱩᱡᱷ ᱫᱟᱲᱮᱭᱟᱫᱟ ᱾"
चार्ज और फ़ीस क्या हैं?,ᱪᱟᱨᱡᱽ ᱟᱨ ᱯᱷᱤ ᱪᱮᱫ ?
भारतीय नागरिकों और रहवासियों के लिए पैकेज के आधार पर 200 या 300 रुपये फ़ीस होगी।,ᱵᱷᱟᱨᱚᱛᱤᱭᱚ ᱱᱟᱜᱟᱨᱤᱭᱟᱹ ᱥᱮ ᱜᱤᱨᱟᱹᱵᱟᱹᱥᱤ ᱠᱚ ᱞᱟᱹᱜᱤᱫ ᱯᱷᱤ ᱦᱩᱭᱩᱜᱼᱟ ᱯᱮᱠᱮᱡᱽ ᱪᱮᱛᱟᱱᱨᱮ ᱴᱮᱸᱦᱟᱴ ᱠᱟᱛᱮ ᱒᱐᱐ ᱥᱮ ᱓᱐᱐ ᱴᱟᱠᱟ ᱾
म्यूज़ियम पैकेज में सभी पैलेस कोर्ट और गैलरियाँ शामिल हैं और बिना ट्राइपॉड के कैमरा।,"ᱡᱟᱹᱫᱩᱚᱲᱟᱜ ᱨᱮᱭᱟᱜ ᱯᱮᱠᱮᱡᱽᱨᱮ ᱥᱟᱱᱟᱢ ᱫᱚᱞᱟᱱ, ᱜᱮᱞᱟᱨᱤ ᱟᱨ ᱴᱨᱟᱭᱤᱯᱰ ᱵᱮᱜᱚᱨ ᱠᱮᱢᱮᱨᱟ ᱥᱮᱞᱮᱫ ᱢᱮᱱᱟᱜᱼᱟ ᱾"
कम्पोज़िट पैकेज में इस सब के साथ जयगढ़ और रॉयल सेनोटाफ़ शामिल हैं।,ᱠᱚᱢᱯᱳᱡᱤᱴ ᱯᱮᱠᱮᱡᱽᱨᱮ ᱡᱚᱭᱜᱚᱲ ᱟᱨ ᱨᱚᱭᱟᱞ ᱥᱮᱱᱴᱳᱴᱟᱯᱷᱮᱨ ᱥᱟᱞᱟᱜ ᱱᱚᱶᱟ ᱫᱚ ᱥᱮᱞᱮᱫ ᱢᱮᱱᱟᱜᱼᱟ ᱾
विदेशियों से कम्पोज़िट पैकेज के लिए 700 रुपये लिए जाएँगे।,ᱠᱚᱢᱯᱳᱡᱤᱴ ᱯᱮᱠᱮᱡᱽ ᱞᱟᱹᱜᱤᱫ ᱵᱤᱞᱟᱹᱛᱤᱭᱟᱹ ᱴᱷᱮᱱ ᱠᱷᱚᱱ ᱗᱐᱐ ᱴᱟᱠᱟ ᱦᱟᱛᱟᱣ ᱦᱩᱭᱩᱜᱼᱟ ᱾
क्या हम रात को महल में जा सकते हैं?,ᱟᱞᱮ ᱪᱮᱫ ᱧᱤᱫᱟᱹ ᱫᱚᱞᱟᱱ ᱨᱮᱞᱮ ᱵᱚᱞᱚ ᱫᱟᱲᱮᱭᱟᱜᱼᱟ ?
"हाँ आप जा सकते हैं, वो एक अलग पैकेज है।","ᱟᱢᱮᱢ ᱫᱟᱲᱮᱭᱟᱜᱼᱟ, ᱱᱚᱶᱟ ᱫᱚ ᱮᱴᱟᱜ ᱯᱮᱠᱮᱡᱽ ᱠᱟᱱᱟ ᱾"
उसमें आपको भारतीयों के लिए 500 रुपये और विदेशियों के लिए 1000 रुपये लगेंगे।,ᱵᱷᱟᱨᱚᱛᱤᱭᱚ ᱠᱚ ᱞᱟᱹᱜᱤᱫ ᱠᱷᱚᱨᱚᱪᱚᱜᱼᱟ ᱕᱐᱐ ᱴᱟᱠᱟ ᱟᱨ ᱵᱤᱞᱟᱹᱛᱤᱭᱟᱹ ᱠᱚ ᱞᱟᱹᱜᱤᱫ ᱫᱚ ᱑᱐᱐᱐ ᱴᱟᱠᱟ ᱾
स्पेशल टिकट भी उपलब्ध हैं जिससे खास आपको जाने का मौका मिलता है।,ᱱᱚᱶᱟ ᱵᱮᱜᱚᱨ ᱦᱚᱸ ᱵᱤᱥᱮᱥ ᱴᱤᱠᱤᱴ ᱧᱟᱢᱚᱜᱼᱟ ᱡᱟᱦᱟᱸ ᱫᱚ ᱟᱢ ᱵᱚᱞᱚᱱ ᱨᱮᱭᱟᱜ ᱟᱹᱭᱫᱟᱹᱨ ᱮ ᱮᱢᱟᱢᱼᱟ ᱾
आप अधिक जानकारी के लिए हमारी वेबसाइट देख सकते हैं।,ᱟᱨᱚ ᱵᱤᱪᱷᱱᱟᱹᱣᱛᱮ ᱵᱟᱰᱟᱭ ᱞᱟᱹᱜᱤᱫ ᱟᱢ ᱟᱞᱮᱭᱟᱜ ᱳᱭᱮᱵᱽᱥᱟᱭᱤᱴ ᱮᱢ ᱧᱮᱞ ᱫᱟᱲᱮᱭᱟᱜᱼᱟ ᱾
अगर कोई इस हफ़्ते आकर बुकिंग करे तो ठीक रहेगा क्या?,ᱡᱟᱦᱟᱸ ᱡᱩᱫᱤ ᱱᱚᱶᱟ ᱦᱟᱯᱛᱟᱜᱮ ᱰᱨᱚᱯ ᱠᱟᱛᱮ ᱵᱩᱠᱤᱝ ᱠᱚ ᱮᱢᱟ ᱠᱚᱣᱟ ᱮᱱᱠᱷᱟᱱ ᱪᱮᱫ ᱴᱷᱤᱠ ᱦᱩᱭᱩᱜᱼᱟ ?
"हाँ, ऐसा ठीक रहेगा।",ᱦᱮᱸ ᱱᱚᱶᱟ ᱫᱚ ᱴᱷᱤᱠ ᱦᱩᱭᱩᱜᱼᱟ ᱾
कॉल करने के लिए धन्यवाद।,ᱯᱷᱳᱱ ᱞᱟᱹᱜᱤᱫ ᱟᱭᱢᱟ ᱥᱟᱨᱦᱟᱣ ᱾
"हाय बिश्नू, आजकल क्या कर रहे हो तुम?","ᱮᱭ ᱢᱤᱨᱩ, ᱛᱮᱦᱮᱧ ᱜᱟᱯᱟ ᱪᱮᱫ ᱮᱢ ᱪᱮᱠᱟᱭᱮᱫᱟ ?"
क्या तुम हाल में किसी बाइक राइड पर गए?,ᱟᱢ ᱪᱮᱫ ᱦᱟᱹᱞᱤᱜᱮ ᱵᱟᱭᱤᱠ ᱮᱢ ᱨᱟᱭᱤᱰ ᱟᱠᱟᱫᱟ ?
मैंने तुम्हारी कुछ तस्वीरें देखी।,ᱤᱧ ᱟᱢᱟᱜ ᱠᱤᱪᱷᱤ ᱪᱤᱛᱟᱹᱨᱤᱧ ᱧᱮᱞ ᱟᱠᱟᱫᱟ ᱾
"नहीं, वो बहुत पहले की किसी राइड की थीं।","ᱵᱟᱝ, ᱱᱚᱶᱟᱫᱚ ᱟᱹᱰᱤ ᱫᱤᱱ ᱞᱟᱦᱟ ᱨᱮᱱᱟᱜ ᱢᱤᱫ ᱨᱟᱭᱤᱰ ᱛᱟᱦᱮᱸ ᱠᱟᱱᱟ ᱾"
मेरा पूरा हफ़्ता वाकई बिज़ी रहा तो मैं राइड के लिए टाइम नहीं निकाल पाया।,"ᱱᱤᱭᱟᱹ ᱦᱟᱯᱛᱟ ᱫᱚ ᱟᱹᱰᱤ ᱡᱚᱦᱚᱲ ᱛᱟᱦᱮᱸ ᱠᱟᱱᱛᱤᱧᱟ, ᱚᱱᱟᱛᱮ ᱨᱟᱭᱤᱰ ᱞᱟᱹᱜᱤᱫ ᱚᱠᱛᱚ ᱵᱟᱹᱧ ᱧᱟᱢ ᱟᱠᱟᱫᱟ ᱾"
लेकिन मैं इस वीकेंड पर जा रहा हूँ।,ᱢᱮᱱᱠᱷᱟᱱ ᱱᱤᱭᱟᱹ ᱦᱟᱯᱛᱟ ᱫᱚᱧ ᱪᱟᱞᱟᱜᱼᱟ ᱾
और तुम्हारा क्या चल रहा है; क्या तुम अपनी म्यूज़िक प्रैक्टिस कर रही हो?,ᱟᱢᱟᱜ ᱠᱷᱚᱵᱚᱨ ᱫᱚ ᱪᱮᱫ ; ᱟᱢᱟᱜ ᱥᱮᱨᱮᱧ ᱮᱢ ᱦᱮᱣᱟᱭᱮᱫᱟ ?
"हाँ, मुझे जब भी थोड़ा खाली समय मिलता है तो मैं करती हूँ।","ᱦᱮᱸ, ᱥᱚᱲᱠᱚ ᱭᱮᱫᱟᱧ ᱡᱟᱦᱟᱸᱛᱤᱱᱨᱮ ᱱᱟᱥᱮ ᱱᱟᱜ ᱚᱠᱛᱚᱧ ᱧᱟᱢᱮᱫᱟ ᱾"
"मेरे दिन भी बहुत व्यस्त रहते हैं, तुम्हें तो पता ही है।","ᱤᱧᱟᱹᱜ ᱫᱤᱱ ᱠᱚᱦᱚᱸ ᱟᱹᱰᱤ ᱡᱚᱦᱚᱲ ᱜᱮᱭᱟ, ᱟᱢᱮᱢ ᱵᱟᱲᱟᱭᱟ ᱾"
मैं रोज़ाना रियाज़ करना भी मैनेज नहीं कर पाती।,ᱫᱤᱱᱟᱹᱢ ᱦᱤᱞᱟᱹᱜ ᱨᱤᱣᱟᱡᱽ ᱦᱚᱸ ᱵᱟᱹᱧ ᱫᱟᱲᱮᱭᱟᱜ ᱠᱟᱱᱟ ᱾
"खैर, क्या तुम वाकई इस वीकेंड पर फ़्री हो?","ᱡᱟᱦᱟᱸᱭᱮᱱᱜᱮ, ᱥᱟᱹᱨᱤᱜᱮ ᱱᱤᱭᱟᱹ ᱦᱟᱯᱛᱟ ᱟᱢ ᱪᱮᱫᱦᱚᱸ ᱵᱟᱢ ᱪᱤᱠᱟᱹᱭᱮᱫᱟ ?"
तुम राइड पर जाने के लिए कैसे समय निकालने वाले हो?,ᱨᱟᱭᱤᱰ ᱪᱟᱞᱟᱜ ᱞᱟᱹᱜᱤᱫ ᱚᱠᱛᱚ ᱪᱮᱠᱟᱛᱮᱢ ᱜᱚᱴᱟᱭᱟ ᱾
असल में मैंने कुछ दिन ओवरटाइम करके अपना टार्गेट पूरा कर लिया है।,ᱠᱤᱪᱷᱤ ᱫᱤᱱ ᱞᱟᱹᱜᱤᱫ ᱤᱧ ᱵᱟᱹᱲᱛᱤᱧ ᱠᱟᱹᱢᱤ ᱟᱠᱟᱫᱟ ᱟᱨ ᱤᱧᱟᱹᱜ ᱡᱚᱥ ᱤᱧ ᱯᱩᱨᱟᱹᱣ ᱟᱠᱟᱫᱟ ᱾
"तो, मैं इस वीकेंड फ़्री हूँ।",ᱚᱱᱟᱛᱮ ᱱᱤᱭᱟ ᱦᱟᱯᱛᱟ ᱫᱚᱧ ᱯᱷᱨᱤ ᱜᱮᱭᱟ ᱾
मुझे तरो-ताज़ा होने के लिए फ्री टाइम की बहुत ज़रूरत है।,ᱤᱧ ᱟᱹᱰᱤ ᱟᱴᱽᱜᱮ ᱱᱟᱯᱟᱭ ᱚᱠᱛᱚᱧ ᱠᱷᱚᱡᱽ ᱠᱟᱱᱟ ᱾
"सिर्फ़ अपना शौक पूरा करके ऐसा किया जा सकता है, है ना?","ᱮᱠᱦᱮᱱ ᱟᱢᱟᱜ ᱥᱚᱠ ᱯᱟᱸᱡᱟ ᱠᱟᱛᱮᱜ, ᱟᱢ ᱱᱚᱶᱟᱢ ᱠᱚᱨᱟᱣ ᱰᱟᱲᱮᱭᱟᱜᱼᱟ, ᱥᱮ ᱵᱟᱝ ?"
"हाँ, तुम ठीक कहते हो।","ᱦᱮᱸ, ᱟᱢᱟᱜ ᱠᱟᱛᱷᱟ ᱥᱟᱹᱨᱤᱭᱟ ᱾"
मुझे भी अपने लिए टाइम चाहिए।,ᱤᱧᱟᱹᱜ ᱟᱯᱱᱟᱨ ᱞᱟᱹᱜᱤᱫ ᱦᱚᱸ ᱠᱤᱪᱷᱤ ᱚᱠᱛᱚ ᱞᱟᱹᱠᱛᱤ ᱠᱟᱱᱟ ᱾
मैं भी इस शुक्रवार को गायन प्रतियोगिता में भाग लेने की सोच रही हूँ।,ᱤᱧᱦᱚᱸᱧ ᱩᱭᱦᱟᱹᱨᱮᱫᱟ ᱱᱤᱭᱟᱹ ᱡᱟᱹᱨᱩᱢ ᱢᱟᱦᱟ ᱢᱤᱫᱴᱟᱝ ᱥᱮᱨᱮᱧ ᱦᱮᱯᱨᱟᱣᱨᱮ ᱥᱮᱞᱮᱫᱚᱜᱼᱟ ᱾
मुझे उम्मीद है कि इससे मुझे अपनी पसंदीदा ऐक्टिविटी से फिर से जुड़ने का मौका मिलेगा।,ᱤᱧ ᱟᱸᱥ ᱞᱮᱫᱟ ᱱᱚᱶᱟᱫᱚ ᱤᱧ ᱟᱨᱦᱚᱸ ᱤᱧᱟᱹᱜ ᱠᱟᱹᱢᱤᱦᱚᱨᱟ ᱥᱟᱶᱛᱮ ᱡᱳᱜᱟᱡᱳᱜ ᱞᱟᱹᱜᱤᱫ ᱮ ᱜᱚᱲᱚ ᱟᱹᱧᱟᱹ ᱾
इतने बिज़ी शेड्यूल के बावजूद तुम अपनी हॉबी बनाए रखने के लिए अपना टाइम कैसे मैनेज करती हो?,ᱱᱩᱱᱟᱹᱜ ᱡᱚᱦᱚᱲ ᱨᱮᱦᱚᱸ ᱟᱢ ᱪᱮᱫ ᱞᱮᱠᱟᱛᱮ ᱟᱢᱟᱜ ᱥᱚᱠ ᱯᱟᱸᱡᱟᱭ ᱞᱟᱹᱜᱤᱫ ᱟᱢᱟᱜ ᱚᱠᱛᱚᱢ ᱪᱟᱪᱞᱟᱣᱼᱟ ?
मैं अपना काम शुरू करने से पहले रोज़ाना रियाज़ करने की कोशिश करती हूँ।,ᱤᱧ ᱫᱤᱱᱟᱹᱢᱜᱮ ᱥᱮᱛᱟᱜ ᱵᱮᱲᱟ ᱠᱟᱹᱢᱤ ᱮᱛᱚᱦᱚᱵ ᱢᱟᱲᱟᱝᱨᱮ ᱨᱮᱣᱟᱡᱽ ᱤᱧ ᱨᱤᱠᱟᱹᱭᱟ ᱾
और मैं कोशिश करती हूँ कि मेरा कोई काम पेंडिंग न रहे।,ᱟᱨ ᱤᱧ ᱨᱤᱠᱟᱹᱭᱟ ᱤᱧᱟᱹᱜ ᱠᱟᱹᱢᱤ ᱡᱟᱦᱟᱸᱛᱮ ᱵᱟᱝ ᱥᱟᱨᱮᱡᱽ ᱛᱟᱦᱮᱱ ᱾
ताकि मुझे उन चीज़ों के लिए कुछ टाइम मिल सके जो मुझे पसंद हैं।,ᱡᱟᱦᱟᱸᱛᱮ ᱤᱧ ᱠᱩᱥᱤᱭᱟᱜ ᱞᱮᱠᱟᱱ ᱠᱟᱹᱢᱤᱠᱚᱧ ᱠᱟᱹᱢᱤ ᱫᱟᱲᱮᱭᱟᱜ ᱞᱟᱹᱜᱤᱫ ᱚᱠᱛᱚᱧ ᱧᱟᱢ ᱾
"इस तरह से, मैं अपने वीकेंड म्यूज़िक सुनने और प्रैक्टिस भी करने में बिता सकती हूँ।","ᱱᱚᱝᱠᱟᱛᱮ, ᱤᱧ ᱤᱧᱟᱹᱜ ᱦᱟᱯᱛᱟ ᱨᱮᱭᱟᱜ ᱪᱷᱩᱴᱤ ᱫᱤᱱ ᱠᱚᱨᱮ ᱥᱮᱨᱮᱧ ᱟᱸᱡᱚᱢ ᱟᱨ ᱨᱮᱣᱟᱡᱽ ᱛᱮᱧ ᱯᱟᱨᱚᱢ ᱫᱟᱲᱮᱭᱟᱜᱼᱟ ᱾"
मैं भी बिल्कुल ऐसा ही करने की कोशिश करता हूँ।,ᱤᱧᱦᱚᱸ ᱚᱱᱠᱟᱜᱮ ᱠᱚᱨᱟᱣ ᱨᱮᱭᱟᱜ ᱤᱧ ᱨᱤᱠᱟᱹᱭᱟ ᱾
लेकिन पिछले कुछ हफ़्ते बहुत व्यस्त रहे।,ᱢᱮᱱᱠᱷᱟᱱ ᱱᱤᱭᱟᱹ ᱠᱤᱪᱷᱤ ᱦᱟᱯᱛᱟ ᱫᱚ ᱟᱹᱰᱤ ᱡᱚᱦᱚᱲ ᱛᱟᱸᱦᱮ ᱠᱟᱱᱟ ᱾
"फिर भी, मैंने ये वीकेंड मैनेज कर लिया है।","ᱮᱱᱛᱮᱦᱚᱸ, ᱤᱧ ᱱᱤᱭᱟᱹ ᱦᱟᱯᱛᱟ ᱞᱟᱹᱜᱤᱫ ᱤᱧ ᱪᱟᱪᱞᱟᱣ ᱟᱠᱟᱫᱟ ᱾"
तुम किस तरह की गायन प्रतियोगिता में भाग ले रही हो?,ᱟᱢ ᱚᱠᱟ ᱞᱮᱠᱟᱱ ᱥᱮᱨᱮᱧ ᱨᱮᱭᱟᱜ ᱦᱮᱯᱨᱟᱣ ᱨᱮᱢ ᱥᱮᱞᱮᱫᱚᱜ ᱠᱟᱱᱟ ?
यह एक तरह की इंटर-ऑफ़िस गायन प्रतियोगिता है।,ᱱᱚᱶᱟᱫᱚ ᱢᱤᱫ ᱞᱮᱠᱟᱱ ᱤᱱᱴᱟᱨᱼᱚᱯᱷᱤᱥ ᱥᱮᱨᱮᱧ ᱦᱮᱯᱨᱟᱣ ᱠᱟᱱᱟ ᱾
मैं इस प्रतियोगिता में अपने ऑफ़िस की तरफ से जा रही हूँ।,ᱱᱤᱭᱟᱹ ᱦᱮᱯᱨᱟᱣᱫᱚ ᱤᱧ ᱤᱧᱟᱹᱜ ᱚᱯᱷᱤᱥ ᱯᱟᱦᱟᱴᱟ ᱠᱷᱚᱱᱤᱧ ᱟᱹᱭᱩᱨ ᱮᱫᱟ ᱾
मैं इसे लेकर बहुत एक्साइटेड हूँ।,ᱱᱚᱶᱟ ᱤᱫᱤ ᱠᱟᱛᱮᱜ ᱤᱧ ᱟᱹᱰᱤ ᱟᱴᱽᱤᱧ ᱨᱟᱹᱥᱠᱟᱹ ᱜᱮᱭᱟ ᱾
"यह बढ़िया है, तुम्हें उसमें भाग लेना चाहिए।","ᱱᱚᱶᱟᱫᱚ ᱟᱹᱰᱤ ᱵᱮᱥ ᱜᱮᱭᱟ, ᱱᱚᱶᱟᱨᱮ ᱟᱢ ᱮᱠᱟᱞᱜᱮ ᱥᱮᱞᱮᱫᱚᱜ ᱦᱩᱭᱩᱜ ᱛᱟᱢᱟ ᱾"
मेरी शुभकामनाएँ।,ᱟᱢᱟᱜ ᱠᱟᱹᱢᱤ ᱥᱟᱹᱜᱩᱱᱚᱜ ᱢᱟᱧ ᱠᱷᱚᱡᱽ ᱠᱟᱱᱟ ᱾
बहुत धन्यवाद।,ᱟᱭᱢᱟ ᱥᱟᱨᱦᱟᱣ ᱾
तुम्हारी भी ट्रिप सुरक्षित रहे।,ᱟᱢᱦᱚᱸ ᱱᱟᱯᱟᱭᱛᱮ ᱪᱟᱞᱟᱜ ᱢᱮ ᱾
"धन्यवाद, लेलिना।","ᱥᱟᱨᱦᱟᱣ ᱜᱮ , ᱨᱟᱹᱦᱤ ᱾"
